id,Rings
90615,10.195
90616,10.275
90617,12.36
90618,11.41
90619,9.365
90620,9.935
90621,11.2
90622,6.39
90623,7.98
90624,12.37
90625,12.535
90626,6.735
90627,11.975
90628,13.16
90629,7.685
90630,7.445
90631,12.92
90632,5.765
90633,9.66
90634,9.78
90635,6.585
90636,6.98
90637,10.23
90638,8.755
90639,9.81
90640,10.57
90641,8.35
90642,11.075
90643,5.705
90644,10.715
90645,10.535
90646,8.84
90647,11.965
90648,14.84
90649,14.305
90650,9.805
90651,9.27
90652,8.805
90653,12.68
90654,6.145
90655,8.36
90656,13.275
90657,8.385
90658,7.075
90659,10.245
90660,7.44
90661,8.475
90662,7.3
90663,9.395
90664,8.23
90665,13.635
90666,9.06
90667,5.92
90668,10.55
90669,13.45
90670,10.58
90671,11.275
90672,8.97
90673,14.545
90674,8.58
90675,5.58
90676,10.96
90677,11.295
90678,4.865
90679,10.68
90680,10.095
90681,10.425
90682,14.955
90683,11.415
90684,13.21
90685,11.57
90686,6.515
90687,10.255
90688,9.46
90689,12.61
90690,19.01
90691,8.42
90692,10.92
90693,13.29
90694,9.5
90695,8.83
90696,10.435
90697,7.865
90698,10.36
90699,5.035
90700,11.7
90701,10.71
90702,10.045
90703,12.805
90704,5.12
90705,14.075
90706,11.875
90707,6.345
90708,10.48
90709,9.945
90710,10.585
90711,9.575
90712,9.215
90713,15.68
90714,7.33
90715,9.135
90716,7.275
90717,9.755
90718,3.865
90719,5.7
90720,11.625
90721,10.015
90722,12.32
90723,8.42
90724,10.165
90725,6.785
90726,8.04
90727,10.49
90728,11.72
90729,11.45
90730,11.77
90731,5.55
90732,7.495
90733,11.37
90734,9.235
90735,7.78
90736,7.735
90737,5.435
90738,6.825
90739,15.32
90740,10.905
90741,5.84
90742,9.87
90743,12.695
90744,7.22
90745,9.34
90746,8.105
90747,4.045
90748,16.395
90749,9.73
90750,4.055
90751,7.5
90752,9.785
90753,8.365
90754,9.315
90755,11.015
90756,9.145
90757,14.495
90758,9.03
90759,8.64
90760,8.06
90761,10.725
90762,9.81
90763,9.455
90764,13.27
90765,11.815
90766,8.225
90767,13.94
90768,13.525
90769,6.225
90770,11.75
90771,10.57
90772,5.85
90773,8.195
90774,7.59
90775,11.3
90776,8.07
90777,12.05
90778,10.72
90779,10.745
90780,11.27
90781,11.585
90782,7.83
90783,11.75
90784,6.93
90785,9.65
90786,6.19
90787,8.95
90788,4.21
90789,12.105
90790,8.975
90791,6.755
90792,7.195
90793,6.935
90794,5.645
90795,11.675
90796,10.925
90797,11.78
90798,11.765
90799,8.115
90800,16.08
90801,10.37
90802,6.855
90803,11.52
90804,16.25
90805,10.94
90806,10.49
90807,12.395
90808,10.155
90809,12.475
90810,10.28
90811,9.945
90812,6.075
90813,10.275
90814,7.99
90815,8.045
90816,5.475
90817,10.31
90818,9.625
90819,6.82
90820,6.86
90821,9.885
90822,7.09
90823,6.435
90824,14.165
90825,8.29
90826,5.7
90827,4.23
90828,10.645
90829,11.475
90830,10.41
90831,8.495
90832,9.185
90833,12.435
90834,10.025
90835,9.24
90836,9.415
90837,5.585
90838,11.135
90839,8.425
90840,9.23
90841,11.125
90842,13.24
90843,10.78
90844,17.005
90845,10.915
90846,12.035
90847,6.84
90848,10.03
90849,9.93
90850,11.99
90851,13.775
90852,6.185
90853,11.335
90854,11.43
90855,7.26
90856,9.21
90857,11.6
90858,11.69
90859,10.96
90860,12.835
90861,12.175
90862,11.495
90863,9.9
90864,9.37
90865,14.5
90866,15.765
90867,12.325
90868,11.61
90869,8.15
90870,14.04
90871,11.94
90872,17.79
90873,9.01
90874,15.87
90875,8.6
90876,11.725
90877,9.63
90878,8.225
90879,8.845
90880,8.48
90881,13.23
90882,12.33
90883,11.86
90884,14.09
90885,11.115
90886,13.58
90887,5.63
90888,10.435
90889,15.18
90890,11.28
90891,11.835
90892,10.695
90893,4.365
90894,11.78
90895,11.815
90896,6.6
90897,6.015
90898,5.73
90899,15.285
90900,11.85
90901,15.995
90902,9.6
90903,6.765
90904,7.3
90905,7.215
90906,9.805
90907,10.43
90908,3.985
90909,16.26
90910,9.615
90911,8.23
90912,18.965
90913,11.11
90914,9.095
90915,6.89
90916,9.525
90917,12.915
90918,8.34
90919,8.915
90920,11.485
90921,7.1
90922,7.885
90923,11.5
90924,10.16
90925,11.605
90926,12.225
90927,10.68
90928,13.815
90929,12.025
90930,10.325
90931,11.14
90932,13.095
90933,10.645
90934,15.51
90935,9.28
90936,10.345
90937,11.33
90938,9.335
90939,9.62
90940,8.355
90941,8.2
90942,5.465
90943,13.095
90944,6.59
90945,10.305
90946,9.245
90947,10.97
90948,11.025
90949,13.285
90950,10.96
90951,10.36
90952,8.08
90953,7.32
90954,11.895
90955,9.185
90956,8.75
90957,10.445
90958,3.845
90959,8.135
90960,11.73
90961,7.195
90962,10.675
90963,5.725
90964,12.46
90965,6.85
90966,10.875
90967,10.395
90968,12.455
90969,10.12
90970,10.91
90971,7.57
90972,10.86
90973,10.885
90974,9.15
90975,10.74
90976,8.095
90977,8.89
90978,6.875
90979,9.515
90980,11.25
90981,13.315
90982,13.4
90983,3.98
90984,9.28
90985,6.395
90986,13.415
90987,9.065
90988,10.52
90989,12.65
90990,9.535
90991,8.145
90992,4.945
90993,9.575
90994,13.2
90995,7.4
90996,15.8
90997,10.84
90998,7.005
90999,6.025
91000,12.36
91001,8.675
91002,8.88
91003,11.945
91004,10.84
91005,7.79
91006,11.5
91007,10.13
91008,9.61
91009,12.135
91010,10.625
91011,11.075
91012,11.065
91013,11.04
91014,9.885
91015,10.185
91016,8.75
91017,12.09
91018,7.88
91019,11.61
91020,7.685
91021,11.515
91022,8.605
91023,5.35
91024,6.875
91025,11.72
91026,8.95
91027,8.235
91028,12.79
91029,11.06
91030,8.76
91031,9.17
91032,6.805
91033,4.65
91034,11.195
91035,9.75
91036,13.54
91037,7.43
91038,14.175
91039,12.27
91040,9.195
91041,8.135
91042,12.015
91043,13.14
91044,8.185
91045,8.3
91046,8.33
91047,6.92
91048,10.595
91049,10.45
91050,10.485
91051,9.425
91052,10.425
91053,10.645
91054,10.65
91055,8.695
91056,14.685
91057,11.38
91058,16.415
91059,13.41
91060,9.36
91061,7.86
91062,14.03
91063,10.965
91064,9.485
91065,9.43
91066,9.28
91067,10.35
91068,10.8
91069,9.12
91070,9.155
91071,8.115
91072,5.52
91073,6.325
91074,15.705
91075,7.185
91076,13.54
91077,8.655
91078,6.805
91079,7.65
91080,9.065
91081,8.01
91082,10.615
91083,12.13
91084,8.015
91085,13.15
91086,11.36
91087,13.68
91088,9.635
91089,9.41
91090,10.745
91091,10.47
91092,10.45
91093,6.93
91094,6.355
91095,11.795
91096,11.91
91097,15.795
91098,6.985
91099,7.05
91100,11.655
91101,13.53
91102,7.82
91103,9.675
91104,10.365
91105,16.71
91106,11.94
91107,6.86
91108,11.09
91109,12.27
91110,13.945
91111,8.895
91112,11.46
91113,9.675
91114,5.83
91115,12.98
91116,6.4
91117,8.995
91118,6.65
91119,8.09
91120,12.57
91121,9.01
91122,6.535
91123,10.205
91124,12.03
91125,8.235
91126,7.865
91127,6.275
91128,6.96
91129,9.715
91130,9.305
91131,9.005
91132,14.6
91133,11.635
91134,9.7
91135,7.27
91136,10.545
91137,12.365
91138,8.23
91139,9.405
91140,9.21
91141,10.335
91142,11.415
91143,6.765
91144,10.975
91145,14.625
91146,5.815
91147,10.12
91148,14.275
91149,8.355
91150,15.305
91151,11.215
91152,9.095
91153,9.855
91154,8.57
91155,10.365
91156,6.725
91157,12.25
91158,9.265
91159,9.915
91160,10.64
91161,10.86
91162,11.88
91163,5.835
91164,8.935
91165,12.635
91166,10.905
91167,10.01
91168,17.345
91169,8.855
91170,7.17
91171,8.9
91172,9.15
91173,13.325
91174,6.565
91175,10.31
91176,11.805
91177,11.735
91178,4.735
91179,14.535
91180,12.26
91181,8.86
91182,10.45
91183,6.835
91184,6.44
91185,14.18
91186,9.825
91187,14.97
91188,10.635
91189,11.77
91190,5.92
91191,9.07
91192,12.26
91193,8.38
91194,7.97
91195,7.81
91196,8.03
91197,9.1
91198,6.815
91199,6.91
91200,10.83
91201,9.855
91202,13.17
91203,7.905
91204,7.07
91205,16.12
91206,12.065
91207,13.785
91208,11.36
91209,10.38
91210,6.965
91211,10.5
91212,10.085
91213,6.215
91214,13.825
91215,10.51
91216,6.08
91217,8.51
91218,9.21
91219,10.45
91220,11.01
91221,6.835
91222,12.29
91223,12.085
91224,9.955
91225,9.975
91226,12.555
91227,6.805
91228,9.1
91229,9.73
91230,11.095
91231,11.925
91232,6.965
91233,15.895
91234,8.18
91235,9.315
91236,10.365
91237,7.16
91238,8.605
91239,8.91
91240,9.575
91241,11.59
91242,10.18
91243,11.52
91244,13.88
91245,12.135
91246,6.835
91247,10.46
91248,11.2
91249,11.26
91250,6.775
91251,12.535
91252,11.535
91253,7.995
91254,7.07
91255,13.165
91256,9.975
91257,7.97
91258,7.965
91259,16.57
91260,11.55
91261,9.13
91262,8.87
91263,6.07
91264,9.475
91265,6.915
91266,11.445
91267,8.02
91268,7.25
91269,12.535
91270,17.615
91271,6.82
91272,8.74
91273,19.405
91274,10.94
91275,14.57
91276,14.34
91277,13.425
91278,10.77
91279,9.035
91280,8.815
91281,7.76
91282,11.08
91283,9.915
91284,9.45
91285,9.195
91286,10.49
91287,9.45
91288,9.485
91289,9.265
91290,8.445
91291,7.52
91292,20.145
91293,9.65
91294,9.92
91295,14.32
91296,9.205
91297,12.63
91298,16.45
91299,7.82
91300,7.855
91301,9.67
91302,9.94
91303,9.375
91304,10.74
91305,10.655
91306,6.04
91307,10.235
91308,12.47
91309,17.385
91310,12.89
91311,10.025
91312,11.86
91313,11.855
91314,6.56
91315,8.96
91316,8.26
91317,10.95
91318,8.93
91319,7.29
91320,8.205
91321,8.22
91322,4.385
91323,9.565
91324,7.935
91325,7.46
91326,10.74
91327,14.975
91328,11.035
91329,10.91
91330,10.575
91331,10.2
91332,14.965
91333,8.09
91334,11.235
91335,4.33
91336,13.64
91337,10.78
91338,10.895
91339,11.5
91340,7.715
91341,5.52
91342,10.205
91343,8.05
91344,6.7
91345,7.59
91346,7.845
91347,12.37
91348,9.52
91349,10.11
91350,4.03
91351,12.765
91352,9.29
91353,10.365
91354,9.57
91355,7.545
91356,12.72
91357,11.11
91358,18.91
91359,12.56
91360,5.69
91361,10.385
91362,9.41
91363,13.205
91364,8.56
91365,9.55
91366,9.375
91367,11.64
91368,7.33
91369,8.79
91370,11.565
91371,8.235
91372,6.755
91373,11.145
91374,6.66
91375,9.25
91376,10.515
91377,10.43
91378,12.215
91379,7.245
91380,10.515
91381,11.285
91382,4.375
91383,8.42
91384,10.465
91385,11.25
91386,10.88
91387,11.655
91388,13.84
91389,6.13
91390,7.81
91391,7.975
91392,12.75
91393,9.28
91394,10.235
91395,13.995
91396,10.73
91397,11.41
91398,11.63
91399,8.03
91400,6.75
91401,9.14
91402,14.12
91403,4.97
91404,10.09
91405,12.625
91406,13.805
91407,7.355
91408,10.005
91409,12.495
91410,9.345
91411,11.35
91412,14.91
91413,9.165
91414,8.53
91415,10.16
91416,9.29
91417,9.99
91418,14.325
91419,11.62
91420,12.15
91421,9.665
91422,12.485
91423,13.52
91424,6.98
91425,9.455
91426,7.86
91427,10.72
91428,10.56
91429,8.475
91430,14.605
91431,6.92
91432,18.215
91433,8.235
91434,11.74
91435,11.265
91436,12.25
91437,11.05
91438,8.49
91439,13.105
91440,13.545
91441,9.2
91442,9.97
91443,15.26
91444,11.23
91445,9.83
91446,6.6
91447,15.3
91448,7.32
91449,10.785
91450,15.565
91451,11.64
91452,11.06
91453,8.525
91454,12.03
91455,16.06
91456,11.505
91457,6.815
91458,9.37
91459,10.725
91460,11.265
91461,10.79
91462,9.455
91463,11.455
91464,14.67
91465,9.535
91466,10.425
91467,18.995
91468,10.925
91469,13.785
91470,7.55
91471,10.785
91472,4.445
91473,10.06
91474,10.835
91475,9.44
91476,16.12
91477,6.73
91478,10.625
91479,4.315
91480,12.745
91481,18.525
91482,9.61
91483,8.695
91484,6.93
91485,10.67
91486,11.22
91487,9.445
91488,12.53
91489,14.51
91490,10.485
91491,8.66
91492,11.435
91493,8.485
91494,12.215
91495,10.27
91496,10.815
91497,7.865
91498,8.03
91499,9.46
91500,9.095
91501,12.96
91502,10.32
91503,10.05
91504,8.16
91505,7.765
91506,12.0
91507,12.265
91508,8.675
91509,11.165
91510,12.32
91511,11.53
91512,9.86
91513,8.56
91514,9.57
91515,9.64
91516,11.435
91517,4.3
91518,13.025
91519,7.25
91520,6.705
91521,11.875
91522,7.99
91523,11.89
91524,7.355
91525,11.2
91526,8.045
91527,10.305
91528,13.52
91529,10.775
91530,7.395
91531,10.875
91532,14.595
91533,15.58
91534,8.81
91535,13.13
91536,9.68
91537,13.46
91538,8.08
91539,10.68
91540,11.655
91541,10.815
91542,10.395
91543,18.395
91544,9.285
91545,8.285
91546,12.69
91547,10.545
91548,11.38
91549,8.44
91550,9.265
91551,9.19
91552,11.68
91553,9.72
91554,6.635
91555,8.63
91556,5.88
91557,12.545
91558,15.685
91559,8.755
91560,9.36
91561,10.475
91562,9.25
91563,11.07
91564,11.88
91565,15.445
91566,6.095
91567,9.275
91568,11.83
91569,3.665
91570,10.42
91571,10.195
91572,10.635
91573,7.94
91574,11.145
91575,12.015
91576,9.38
91577,11.215
91578,10.515
91579,10.985
91580,12.17
91581,12.365
91582,11.295
91583,9.315
91584,10.035
91585,12.03
91586,11.865
91587,6.47
91588,11.43
91589,5.935
91590,11.68
91591,5.775
91592,8.35
91593,5.58
91594,8.78
91595,8.15
91596,7.23
91597,10.15
91598,12.065
91599,11.425
91600,9.295
91601,6.605
91602,12.135
91603,8.02
91604,11.975
91605,10.385
91606,11.87
91607,8.865
91608,7.17
91609,17.2
91610,9.56
91611,9.745
91612,12.95
91613,12.175
91614,12.26
91615,9.53
91616,9.205
91617,6.93
91618,10.075
91619,11.555
91620,6.49
91621,10.28
91622,8.72
91623,19.235
91624,8.82
91625,6.38
91626,9.44
91627,10.38
91628,12.955
91629,11.855
91630,10.78
91631,9.115
91632,10.3
91633,12.515
91634,7.73
91635,11.73
91636,6.795
91637,12.44
91638,11.105
91639,9.66
91640,8.945
91641,5.8
91642,10.965
91643,10.71
91644,10.82
91645,6.155
91646,5.645
91647,13.425
91648,9.53
91649,10.465
91650,10.515
91651,9.2
91652,10.185
91653,7.465
91654,6.495
91655,14.5
91656,5.77
91657,8.43
91658,6.77
91659,9.675
91660,10.695
91661,9.95
91662,8.77
91663,4.225
91664,12.91
91665,9.22
91666,16.2
91667,6.94
91668,19.3
91669,10.66
91670,7.37
91671,8.62
91672,7.365
91673,10.755
91674,12.055
91675,11.205
91676,10.005
91677,14.595
91678,6.54
91679,9.92
91680,13.32
91681,10.59
91682,8.185
91683,4.76
91684,10.77
91685,7.145
91686,8.735
91687,11.61
91688,16.2
91689,11.91
91690,10.695
91691,4.8
91692,12.13
91693,9.955
91694,10.305
91695,8.25
91696,7.19
91697,10.16
91698,3.925
91699,11.04
91700,7.89
91701,12.77
91702,11.22
91703,11.585
91704,8.64
91705,9.225
91706,10.38
91707,10.005
91708,12.43
91709,13.24
91710,10.265
91711,15.95
91712,10.895
91713,15.47
91714,14.21
91715,10.83
91716,14.115
91717,11.945
91718,11.415
91719,15.625
91720,10.505
91721,10.7
91722,9.89
91723,17.505
91724,7.545
91725,13.125
91726,10.21
91727,4.415
91728,9.225
91729,14.31
91730,10.47
91731,16.55
91732,7.18
91733,12.58
91734,11.365
91735,7.925
91736,6.755
91737,8.17
91738,8.965
91739,14.28
91740,13.295
91741,10.245
91742,9.93
91743,9.37
91744,9.545
91745,7.89
91746,13.83
91747,9.025
91748,12.12
91749,15.115
91750,9.41
91751,6.4
91752,6.195
91753,6.775
91754,12.27
91755,8.63
91756,9.925
91757,10.715
91758,10.34
91759,11.02
91760,16.91
91761,8.36
91762,11.15
91763,4.755
91764,11.145
91765,10.775
91766,8.085
91767,8.605
91768,11.335
91769,14.34
91770,6.745
91771,14.015
91772,10.43
91773,9.745
91774,11.545
91775,6.135
91776,11.65
91777,3.98
91778,15.97
91779,11.075
91780,7.39
91781,9.715
91782,14.5
91783,9.79
91784,9.69
91785,11.07
91786,9.39
91787,14.33
91788,12.59
91789,9.89
91790,10.855
91791,7.005
91792,5.73
91793,10.755
91794,10.04
91795,17.705
91796,6.935
91797,13.75
91798,8.08
91799,13.71
91800,11.08
91801,9.3
91802,10.865
91803,6.335
91804,7.4
91805,13.79
91806,9.35
91807,5.77
91808,10.22
91809,11.165
91810,12.995
91811,11.005
91812,7.0
91813,7.385
91814,11.97
91815,10.365
91816,8.78
91817,7.46
91818,7.42
91819,6.465
91820,8.89
91821,6.18
91822,10.475
91823,12.88
91824,7.415
91825,10.01
91826,7.685
91827,10.13
91828,8.93
91829,12.495
91830,6.675
91831,8.685
91832,8.415
91833,9.645
91834,11.71
91835,5.77
91836,7.41
91837,9.67
91838,10.755
91839,12.545
91840,8.145
91841,13.87
91842,6.635
91843,11.045
91844,4.94
91845,12.125
91846,10.22
91847,6.89
91848,10.59
91849,14.36
91850,8.7
91851,11.965
91852,15.26
91853,10.405
91854,7.28
91855,9.82
91856,10.325
91857,7.985
91858,9.38
91859,10.45
91860,8.905
91861,7.07
91862,8.93
91863,7.1
91864,4.645
91865,14.355
91866,7.45
91867,11.005
91868,9.185
91869,10.55
91870,10.615
91871,11.22
91872,5.13
91873,12.095
91874,10.515
91875,5.805
91876,9.89
91877,8.96
91878,9.975
91879,7.05
91880,13.03
91881,9.185
91882,15.875
91883,16.39
91884,9.05
91885,5.625
91886,5.46
91887,7.485
91888,8.79
91889,12.31
91890,11.12
91891,13.015
91892,4.725
91893,9.1
91894,7.28
91895,11.59
91896,9.285
91897,13.13
91898,10.36
91899,14.785
91900,8.155
91901,8.88
91902,7.655
91903,7.23
91904,14.6
91905,13.57
91906,18.75
91907,10.99
91908,10.83
91909,6.915
91910,14.72
91911,12.95
91912,8.76
91913,10.39
91914,8.14
91915,9.44
91916,10.085
91917,12.85
91918,6.835
91919,10.675
91920,6.89
91921,10.03
91922,15.625
91923,4.89
91924,12.42
91925,12.715
91926,13.33
91927,9.765
91928,6.785
91929,10.51
91930,9.73
91931,13.975
91932,11.785
91933,7.47
91934,8.39
91935,9.215
91936,11.945
91937,10.27
91938,9.205
91939,7.9
91940,15.56
91941,11.875
91942,10.635
91943,13.605
91944,7.93
91945,11.21
91946,11.915
91947,10.395
91948,10.095
91949,9.865
91950,11.0
91951,7.04
91952,7.985
91953,10.28
91954,11.81
91955,5.97
91956,9.315
91957,13.715
91958,9.665
91959,6.67
91960,10.28
91961,8.485
91962,8.925
91963,10.115
91964,11.245
91965,15.045
91966,12.69
91967,7.195
91968,15.38
91969,7.295
91970,9.81
91971,12.465
91972,10.38
91973,12.38
91974,9.285
91975,7.73
91976,9.685
91977,12.35
91978,10.91
91979,9.06
91980,7.505
91981,9.025
91982,8.685
91983,6.78
91984,6.455
91985,6.31
91986,10.075
91987,8.18
91988,7.01
91989,9.125
91990,9.46
91991,8.355
91992,11.795
91993,17.0
91994,4.42
91995,9.995
91996,11.4
91997,10.675
91998,10.665
91999,9.735
92000,8.51
92001,13.005
92002,10.86
92003,10.395
92004,9.9
92005,6.1
92006,14.695
92007,10.51
92008,11.48
92009,9.255
92010,7.55
92011,8.955
92012,12.07
92013,8.54
92014,9.45
92015,7.665
92016,11.79
92017,7.895
92018,14.735
92019,11.235
92020,9.295
92021,8.92
92022,10.275
92023,11.885
92024,12.715
92025,14.465
92026,9.61
92027,5.085
92028,6.505
92029,13.625
92030,10.51
92031,8.035
92032,6.8
92033,9.82
92034,7.36
92035,10.15
92036,10.12
92037,7.095
92038,7.065
92039,9.9
92040,8.395
92041,8.395
92042,10.765
92043,14.835
92044,8.42
92045,4.715
92046,18.955
92047,10.375
92048,9.16
92049,8.75
92050,10.695
92051,7.075
92052,12.075
92053,12.53
92054,6.925
92055,9.66
92056,11.88
92057,10.28
92058,16.75
92059,8.46
92060,9.655
92061,9.88
92062,8.04
92063,7.0
92064,16.125
92065,12.205
92066,11.315
92067,5.105
92068,11.545
92069,11.645
92070,11.625
92071,12.47
92072,8.55
92073,7.17
92074,15.685
92075,10.69
92076,11.315
92077,8.83
92078,11.58
92079,10.485
92080,9.435
92081,9.81
92082,10.465
92083,10.845
92084,11.445
92085,8.015
92086,11.51
92087,4.955
92088,8.215
92089,8.92
92090,18.905
92091,7.1
92092,7.675
92093,8.215
92094,8.74
92095,8.87
92096,12.235
92097,11.96
92098,8.135
92099,10.58
92100,12.32
92101,10.805
92102,11.975
92103,4.85
92104,12.35
92105,8.0
92106,13.515
92107,5.12
92108,13.215
92109,15.08
92110,6.83
92111,13.525
92112,6.57
92113,6.805
92114,10.65
92115,10.66
92116,10.95
92117,10.19
92118,14.4
92119,5.945
92120,5.4
92121,10.735
92122,9.63
92123,11.515
92124,12.065
92125,13.405
92126,9.16
92127,7.415
92128,5.675
92129,10.07
92130,7.055
92131,7.22
92132,9.83
92133,8.135
92134,13.335
92135,6.47
92136,8.1
92137,7.33
92138,5.585
92139,12.245
92140,6.76
92141,6.215
92142,10.13
92143,6.805
92144,7.95
92145,10.795
92146,9.145
92147,6.755
92148,10.2
92149,16.475
92150,9.32
92151,10.425
92152,13.595
92153,7.865
92154,13.42
92155,18.16
92156,8.415
92157,8.59
92158,9.335
92159,14.38
92160,8.09
92161,16.93
92162,6.455
92163,12.555
92164,14.185
92165,14.24
92166,11.145
92167,16.56
92168,8.015
92169,13.205
92170,8.79
92171,14.89
92172,9.115
92173,11.78
92174,11.57
92175,7.62
92176,7.7
92177,9.415
92178,14.33
92179,9.62
92180,8.835
92181,10.275
92182,10.73
92183,7.585
92184,12.64
92185,16.765
92186,14.905
92187,12.685
92188,7.025
92189,4.935
92190,9.225
92191,7.925
92192,10.655
92193,6.77
92194,8.985
92195,5.255
92196,9.305
92197,6.61
92198,9.4
92199,9.495
92200,12.57
92201,14.16
92202,7.87
92203,10.215
92204,11.99
92205,8.36
92206,13.34
92207,9.85
92208,5.28
92209,11.925
92210,9.97
92211,8.41
92212,9.84
92213,14.9
92214,9.365
92215,10.005
92216,10.96
92217,6.08
92218,6.855
92219,8.76
92220,9.54
92221,10.41
92222,12.6
92223,6.99
92224,11.7
92225,8.54
92226,11.19
92227,9.65
92228,11.0
92229,7.485
92230,11.575
92231,10.95
92232,17.325
92233,13.81
92234,4.97
92235,13.36
92236,12.91
92237,10.84
92238,8.165
92239,7.115
92240,9.75
92241,9.165
92242,11.51
92243,11.03
92244,10.99
92245,8.525
92246,11.945
92247,14.465
92248,9.27
92249,8.985
92250,9.56
92251,11.97
92252,9.96
92253,6.97
92254,5.01
92255,8.67
92256,8.08
92257,11.8
92258,13.655
92259,10.88
92260,11.015
92261,10.105
92262,10.195
92263,13.445
92264,8.125
92265,8.165
92266,10.78
92267,8.425
92268,12.43
92269,13.62
92270,7.86
92271,6.7
92272,12.59
92273,12.745
92274,12.94
92275,19.345
92276,11.65
92277,8.81
92278,12.71
92279,11.605
92280,4.415
92281,13.06
92282,9.055
92283,8.785
92284,8.29
92285,10.565
92286,11.565
92287,9.185
92288,4.53
92289,7.76
92290,6.115
92291,5.44
92292,9.27
92293,9.47
92294,17.11
92295,12.075
92296,10.41
92297,6.585
92298,12.17
92299,11.815
92300,11.235
92301,10.415
92302,4.835
92303,9.515
92304,12.12
92305,10.375
92306,15.39
92307,8.5
92308,12.215
92309,10.685
92310,12.055
92311,4.415
92312,12.655
92313,9.185
92314,13.485
92315,9.965
92316,6.675
92317,7.14
92318,7.715
92319,4.27
92320,4.555
92321,8.99
92322,7.985
92323,11.1
92324,13.26
92325,9.09
92326,6.875
92327,11.7
92328,7.945
92329,8.89
92330,9.3
92331,9.65
92332,11.325
92333,11.9
92334,12.21
92335,9.705
92336,6.71
92337,3.99
92338,13.77
92339,11.05
92340,7.765
92341,6.555
92342,17.74
92343,7.21
92344,6.935
92345,7.835
92346,9.57
92347,15.015
92348,14.445
92349,10.305
92350,6.315
92351,11.875
92352,11.485
92353,9.67
92354,8.035
92355,13.995
92356,5.735
92357,9.535
92358,10.28
92359,10.61
92360,13.445
92361,12.67
92362,11.995
92363,13.64
92364,6.78
92365,10.34
92366,13.9
92367,8.825
92368,12.395
92369,10.42
92370,11.49
92371,10.58
92372,9.03
92373,11.335
92374,4.825
92375,7.205
92376,11.09
92377,12.77
92378,10.73
92379,13.595
92380,8.075
92381,4.655
92382,11.735
92383,13.87
92384,15.4
92385,7.04
92386,10.155
92387,5.64
92388,5.935
92389,5.44
92390,8.685
92391,8.8
92392,11.395
92393,5.135
92394,5.33
92395,16.795
92396,6.945
92397,16.63
92398,9.385
92399,6.485
92400,14.165
92401,8.275
92402,5.53
92403,9.005
92404,8.985
92405,15.135
92406,11.74
92407,4.9
92408,8.51
92409,11.73
92410,10.52
92411,10.515
92412,12.095
92413,9.695
92414,11.27
92415,9.34
92416,10.845
92417,10.535
92418,11.575
92419,13.9
92420,11.315
92421,9.84
92422,7.34
92423,15.405
92424,9.56
92425,6.315
92426,10.055
92427,11.385
92428,9.725
92429,11.485
92430,14.45
92431,13.835
92432,11.28
92433,9.575
92434,9.98
92435,8.675
92436,10.145
92437,4.105
92438,13.735
92439,8.78
92440,4.8
92441,9.125
92442,8.77
92443,9.325
92444,8.96
92445,9.525
92446,11.375
92447,7.05
92448,9.575
92449,9.26
92450,16.105
92451,11.695
92452,11.445
92453,8.045
92454,10.525
92455,12.265
92456,12.75
92457,10.345
92458,10.355
92459,8.05
92460,11.175
92461,9.55
92462,13.64
92463,11.67
92464,10.26
92465,11.065
92466,12.765
92467,15.71
92468,10.235
92469,9.465
92470,10.73
92471,7.48
92472,11.59
92473,9.565
92474,11.76
92475,9.71
92476,10.395
92477,8.34
92478,14.005
92479,7.275
92480,10.345
92481,8.585
92482,13.48
92483,7.95
92484,9.935
92485,10.585
92486,14.885
92487,9.99
92488,7.125
92489,10.445
92490,12.26
92491,10.325
92492,11.08
92493,6.845
92494,17.17
92495,7.735
92496,4.94
92497,9.455
92498,5.235
92499,6.455
92500,9.71
92501,6.595
92502,11.42
92503,10.54
92504,8.895
92505,9.335
92506,14.655
92507,9.595
92508,11.42
92509,10.595
92510,11.195
92511,17.915
92512,15.815
92513,10.09
92514,9.47
92515,18.76
92516,5.98
92517,8.79
92518,9.1
92519,10.32
92520,8.29
92521,9.965
92522,12.265
92523,7.91
92524,11.545
92525,9.845
92526,9.46
92527,9.625
92528,7.875
92529,11.49
92530,11.645
92531,7.535
92532,10.37
92533,6.79
92534,14.295
92535,12.07
92536,10.425
92537,10.72
92538,6.59
92539,10.07
92540,10.72
92541,10.24
92542,12.175
92543,15.695
92544,11.185
92545,12.87
92546,13.68
92547,14.68
92548,3.835
92549,9.62
92550,11.2
92551,9.925
92552,9.88
92553,11.835
92554,7.785
92555,10.185
92556,9.62
92557,12.005
92558,11.795
92559,11.825
92560,15.265
92561,14.01
92562,9.455
92563,10.425
92564,13.1
92565,7.465
92566,11.075
92567,9.265
92568,10.545
92569,7.12
92570,6.505
92571,16.295
92572,10.18
92573,9.52
92574,10.355
92575,5.22
92576,10.625
92577,10.77
92578,9.125
92579,6.56
92580,7.915
92581,12.54
92582,10.565
92583,8.17
92584,6.09
92585,9.925
92586,6.865
92587,10.945
92588,11.805
92589,14.435
92590,9.575
92591,14.74
92592,10.635
92593,9.655
92594,15.385
92595,9.725
92596,9.355
92597,11.34
92598,8.015
92599,9.135
92600,6.32
92601,10.84
92602,5.865
92603,8.69
92604,8.03
92605,4.295
92606,14.165
92607,6.53
92608,11.9
92609,9.94
92610,15.455
92611,10.555
92612,6.755
92613,7.3
92614,9.79
92615,14.845
92616,10.065
92617,12.07
92618,10.48
92619,10.585
92620,13.525
92621,9.43
92622,13.215
92623,8.42
92624,10.485
92625,7.385
92626,14.17
92627,11.03
92628,8.71
92629,8.65
92630,9.07
92631,8.46
92632,12.14
92633,10.905
92634,10.415
92635,6.73
92636,9.025
92637,7.945
92638,12.72
92639,15.94
92640,10.485
92641,6.995
92642,10.53
92643,6.575
92644,14.2
92645,7.385
92646,7.15
92647,9.865
92648,15.495
92649,10.085
92650,11.04
92651,16.855
92652,10.07
92653,16.75
92654,7.725
92655,11.37
92656,10.155
92657,7.745
92658,6.37
92659,4.155
92660,8.74
92661,6.935
92662,11.48
92663,9.285
92664,11.085
92665,9.405
92666,6.155
92667,12.98
92668,11.31
92669,11.795
92670,10.605
92671,7.8
92672,9.68
92673,10.685
92674,6.085
92675,15.315
92676,10.485
92677,10.125
92678,7.285
92679,7.11
92680,3.885
92681,13.015
92682,6.805
92683,8.185
92684,8.5
92685,11.775
92686,12.08
92687,6.335
92688,11.91
92689,10.645
92690,6.935
92691,9.415
92692,11.39
92693,5.31
92694,13.89
92695,11.09
92696,14.735
92697,9.695
92698,4.4
92699,8.07
92700,5.675
92701,12.475
92702,9.42
92703,9.59
92704,11.46
92705,13.575
92706,7.665
92707,10.785
92708,8.775
92709,9.345
92710,10.6
92711,7.5
92712,6.65
92713,9.415
92714,9.765
92715,8.855
92716,11.6
92717,13.5
92718,9.03
92719,11.75
92720,10.97
92721,8.405
92722,18.605
92723,9.75
92724,6.805
92725,6.68
92726,9.11
92727,10.075
92728,16.84
92729,11.135
92730,14.245
92731,11.735
92732,12.75
92733,15.965
92734,10.255
92735,7.29
92736,10.365
92737,10.85
92738,10.545
92739,8.235
92740,8.675
92741,7.095
92742,11.795
92743,9.145
92744,3.99
92745,12.015
92746,11.145
92747,10.585
92748,10.01
92749,8.17
92750,8.975
92751,10.58
92752,10.18
92753,4.635
92754,7.46
92755,13.91
92756,8.365
92757,7.265
92758,6.99
92759,14.53
92760,9.295
92761,12.68
92762,10.995
92763,12.17
92764,5.13
92765,6.515
92766,8.58
92767,12.09
92768,10.64
92769,10.965
92770,7.815
92771,10.645
92772,9.32
92773,7.33
92774,8.62
92775,7.96
92776,11.01
92777,9.235
92778,10.61
92779,13.75
92780,9.31
92781,11.01
92782,11.205
92783,10.815
92784,9.765
92785,16.375
92786,10.49
92787,11.115
92788,8.07
92789,14.855
92790,11.78
92791,11.22
92792,11.16
92793,7.96
92794,10.525
92795,9.515
92796,11.145
92797,7.8
92798,9.86
92799,6.48
92800,12.145
92801,11.12
92802,11.22
92803,12.2
92804,8.0
92805,14.65
92806,12.29
92807,15.195
92808,6.905
92809,9.485
92810,8.855
92811,5.78
92812,8.37
92813,10.805
92814,10.83
92815,10.935
92816,6.72
92817,6.67
92818,7.31
92819,9.52
92820,10.69
92821,13.01
92822,10.765
92823,7.675
92824,11.22
92825,10.61
92826,9.375
92827,10.29
92828,8.905
92829,9.235
92830,13.95
92831,14.005
92832,5.675
92833,8.38
92834,12.75
92835,10.375
92836,11.085
92837,10.665
92838,9.13
92839,11.725
92840,6.29
92841,11.29
92842,6.615
92843,9.08
92844,11.415
92845,4.625
92846,9.68
92847,9.965
92848,6.385
92849,11.385
92850,7.14
92851,6.45
92852,5.89
92853,12.135
92854,11.07
92855,11.15
92856,10.455
92857,7.115
92858,5.69
92859,9.29
92860,11.73
92861,9.2
92862,7.13
92863,7.185
92864,9.62
92865,7.25
92866,10.75
92867,9.44
92868,5.595
92869,10.745
92870,10.95
92871,4.19
92872,9.515
92873,4.62
92874,7.27
92875,8.74
92876,5.005
92877,13.85
92878,10.36
92879,11.41
92880,9.735
92881,6.38
92882,8.615
92883,10.0
92884,9.67
92885,7.48
92886,4.76
92887,11.715
92888,10.05
92889,5.605
92890,9.71
92891,11.59
92892,12.69
92893,10.625
92894,10.1
92895,10.725
92896,10.56
92897,10.255
92898,11.48
92899,9.5
92900,7.985
92901,7.68
92902,11.695
92903,14.705
92904,16.57
92905,11.775
92906,7.805
92907,10.33
92908,8.245
92909,10.45
92910,6.73
92911,7.335
92912,9.33
92913,8.23
92914,10.98
92915,11.16
92916,8.29
92917,3.75
92918,8.51
92919,6.74
92920,6.755
92921,7.75
92922,12.145
92923,7.775
92924,10.23
92925,12.64
92926,16.57
92927,9.905
92928,14.125
92929,12.105
92930,14.83
92931,8.335
92932,8.63
92933,6.7
92934,10.05
92935,10.19
92936,18.7
92937,12.91
92938,10.67
92939,5.11
92940,10.755
92941,5.915
92942,9.325
92943,12.59
92944,7.43
92945,12.11
92946,9.305
92947,10.05
92948,6.785
92949,10.585
92950,8.065
92951,6.215
92952,11.515
92953,8.74
92954,14.295
92955,6.93
92956,14.765
92957,10.11
92958,7.16
92959,7.22
92960,14.475
92961,6.56
92962,11.0
92963,8.195
92964,13.94
92965,8.325
92966,9.045
92967,6.775
92968,11.035
92969,4.045
92970,11.71
92971,11.6
92972,12.34
92973,13.0
92974,9.415
92975,14.94
92976,7.215
92977,12.245
92978,10.12
92979,10.39
92980,12.03
92981,9.715
92982,9.52
92983,14.76
92984,10.935
92985,10.73
92986,4.97
92987,9.51
92988,7.78
92989,8.54
92990,11.425
92991,10.165
92992,10.14
92993,8.545
92994,7.95
92995,7.915
92996,8.865
92997,10.595
92998,18.525
92999,9.05
93000,11.82
93001,6.265
93002,15.705
93003,7.92
93004,10.465
93005,11.545
93006,11.4
93007,10.02
93008,11.705
93009,13.14
93010,11.175
93011,8.01
93012,11.26
93013,9.275
93014,5.435
93015,7.03
93016,9.21
93017,11.645
93018,14.1
93019,6.49
93020,9.215
93021,9.72
93022,13.445
93023,4.635
93024,9.005
93025,10.755
93026,12.385
93027,7.12
93028,13.98
93029,8.285
93030,16.115
93031,11.54
93032,18.74
93033,10.22
93034,8.035
93035,11.785
93036,16.69
93037,9.105
93038,8.93
93039,5.4
93040,14.755
93041,11.115
93042,12.31
93043,11.275
93044,8.7
93045,10.8
93046,10.33
93047,6.815
93048,10.895
93049,10.16
93050,9.33
93051,8.09
93052,13.12
93053,12.695
93054,9.835
93055,6.275
93056,9.745
93057,12.48
93058,9.95
93059,8.515
93060,13.68
93061,13.34
93062,9.32
93063,10.76
93064,7.93
93065,12.145
93066,12.665
93067,3.845
93068,8.195
93069,9.84
93070,13.83
93071,10.875
93072,11.185
93073,11.955
93074,10.31
93075,12.01
93076,10.465
93077,9.14
93078,10.85
93079,7.805
93080,12.525
93081,10.185
93082,9.065
93083,12.65
93084,10.51
93085,11.0
93086,8.645
93087,5.035
93088,10.83
93089,7.195
93090,11.835
93091,11.07
93092,9.96
93093,7.495
93094,4.15
93095,9.835
93096,10.86
93097,6.505
93098,6.04
93099,9.1
93100,9.11
93101,10.72
93102,9.465
93103,10.855
93104,10.29
93105,9.365
93106,9.735
93107,7.405
93108,11.43
93109,8.19
93110,9.725
93111,13.86
93112,8.95
93113,11.015
93114,9.33
93115,14.34
93116,11.485
93117,13.555
93118,10.43
93119,11.78
93120,13.6
93121,10.05
93122,8.83
93123,11.305
93124,10.43
93125,9.18
93126,8.76
93127,13.465
93128,11.67
93129,11.405
93130,10.885
93131,13.655
93132,10.075
93133,16.1
93134,12.215
93135,15.085
93136,7.455
93137,9.19
93138,10.54
93139,8.66
93140,10.895
93141,7.0
93142,11.81
93143,10.905
93144,6.61
93145,9.89
93146,5.935
93147,10.145
93148,10.24
93149,11.615
93150,6.47
93151,10.95
93152,11.915
93153,10.97
93154,8.665
93155,11.05
93156,10.71
93157,7.965
93158,7.03
93159,8.695
93160,9.495
93161,8.425
93162,10.55
93163,9.6
93164,7.585
93165,5.505
93166,7.43
93167,14.545
93168,9.525
93169,10.02
93170,7.725
93171,10.485
93172,13.695
93173,18.165
93174,14.02
93175,11.035
93176,10.555
93177,8.855
93178,11.805
93179,11.03
93180,11.205
93181,9.47
93182,5.245
93183,11.955
93184,5.84
93185,6.95
93186,11.41
93187,4.78
93188,9.35
93189,10.485
93190,14.52
93191,9.52
93192,8.9
93193,8.28
93194,10.35
93195,10.515
93196,12.08
93197,11.435
93198,13.095
93199,14.59
93200,14.5
93201,8.915
93202,9.46
93203,7.21
93204,7.195
93205,7.905
93206,10.035
93207,9.41
93208,11.3
93209,6.995
93210,15.735
93211,11.415
93212,9.1
93213,5.12
93214,4.24
93215,10.94
93216,9.125
93217,10.85
93218,8.02
93219,8.975
93220,6.79
93221,13.255
93222,11.415
93223,12.535
93224,11.28
93225,9.805
93226,12.285
93227,11.545
93228,10.36
93229,10.615
93230,11.845
93231,6.7
93232,9.455
93233,7.85
93234,11.795
93235,8.68
93236,14.285
93237,6.75
93238,10.75
93239,8.385
93240,11.215
93241,11.06
93242,13.55
93243,11.205
93244,10.32
93245,9.605
93246,14.665
93247,9.89
93248,11.99
93249,9.73
93250,9.895
93251,8.4
93252,8.465
93253,7.88
93254,12.495
93255,10.955
93256,7.925
93257,15.165
93258,6.755
93259,8.315
93260,8.525
93261,11.975
93262,9.17
93263,14.895
93264,12.785
93265,8.245
93266,11.495
93267,9.395
93268,9.01
93269,11.205
93270,9.47
93271,9.54
93272,11.675
93273,9.575
93274,8.195
93275,10.05
93276,8.96
93277,9.605
93278,12.225
93279,13.615
93280,11.605
93281,9.48
93282,12.47
93283,10.92
93284,6.99
93285,5.3
93286,13.015
93287,10.805
93288,9.595
93289,12.62
93290,20.305
93291,16.925
93292,9.715
93293,12.335
93294,10.98
93295,6.7
93296,13.5
93297,12.135
93298,9.83
93299,8.3
93300,11.22
93301,9.435
93302,6.1
93303,12.825
93304,9.705
93305,8.665
93306,10.4
93307,10.935
93308,11.31
93309,7.265
93310,16.415
93311,8.78
93312,7.965
93313,6.645
93314,9.425
93315,15.07
93316,10.09
93317,14.44
93318,9.945
93319,4.575
93320,6.575
93321,9.985
93322,7.795
93323,9.88
93324,9.23
93325,9.83
93326,8.04
93327,8.94
93328,9.48
93329,10.035
93330,7.815
93331,9.135
93332,12.075
93333,10.705
93334,6.715
93335,11.145
93336,11.68
93337,10.555
93338,10.99
93339,13.45
93340,4.87
93341,12.125
93342,7.105
93343,8.005
93344,6.695
93345,12.325
93346,11.98
93347,10.18
93348,12.145
93349,13.15
93350,7.89
93351,10.105
93352,11.495
93353,8.105
93354,7.23
93355,10.88
93356,11.275
93357,10.88
93358,9.555
93359,7.14
93360,13.235
93361,8.19
93362,10.755
93363,15.005
93364,14.265
93365,10.81
93366,14.41
93367,8.0
93368,9.9
93369,5.505
93370,10.6
93371,9.525
93372,14.05
93373,8.51
93374,7.9
93375,11.305
93376,8.335
93377,5.8
93378,9.55
93379,10.725
93380,7.055
93381,10.86
93382,8.52
93383,6.985
93384,11.855
93385,9.3
93386,6.56
93387,9.585
93388,10.53
93389,10.79
93390,10.53
93391,10.565
93392,6.235
93393,8.34
93394,10.375
93395,6.39
93396,9.255
93397,8.5
93398,6.785
93399,10.005
93400,10.125
93401,10.465
93402,9.555
93403,7.805
93404,9.83
93405,12.15
93406,12.355
93407,11.305
93408,9.115
93409,11.315
93410,7.005
93411,12.55
93412,9.31
93413,4.34
93414,6.29
93415,9.315
93416,5.765
93417,15.0
93418,7.28
93419,6.255
93420,11.195
93421,8.16
93422,10.81
93423,6.905
93424,10.36
93425,6.485
93426,9.715
93427,10.755
93428,16.17
93429,9.415
93430,11.18
93431,10.495
93432,10.28
93433,12.865
93434,8.645
93435,7.05
93436,8.315
93437,10.475
93438,9.55
93439,11.82
93440,12.245
93441,11.67
93442,5.335
93443,6.815
93444,19.075
93445,7.77
93446,9.94
93447,8.15
93448,8.85
93449,10.685
93450,7.585
93451,9.665
93452,5.875
93453,8.29
93454,10.855
93455,13.29
93456,9.545
93457,10.865
93458,10.42
93459,19.295
93460,4.475
93461,14.135
93462,11.45
93463,8.115
93464,15.1
93465,8.155
93466,17.245
93467,3.8
93468,9.195
93469,6.8
93470,10.585
93471,8.86
93472,9.135
93473,6.885
93474,6.695
93475,12.235
93476,6.95
93477,10.465
93478,8.4
93479,10.29
93480,14.485
93481,6.745
93482,11.235
93483,12.145
93484,9.91
93485,6.78
93486,8.155
93487,9.715
93488,16.86
93489,11.655
93490,9.355
93491,13.085
93492,9.875
93493,14.865
93494,6.845
93495,11.305
93496,9.435
93497,11.25
93498,14.845
93499,12.405
93500,8.52
93501,11.12
93502,11.255
93503,12.92
93504,11.205
93505,8.26
93506,13.57
93507,9.83
93508,9.675
93509,16.27
93510,7.505
93511,8.26
93512,10.135
93513,8.21
93514,10.78
93515,6.67
93516,7.065
93517,11.435
93518,5.25
93519,9.495
93520,9.595
93521,11.295
93522,10.475
93523,12.01
93524,9.175
93525,10.215
93526,9.325
93527,10.695
93528,10.685
93529,7.865
93530,10.705
93531,11.925
93532,6.68
93533,7.91
93534,16.11
93535,12.675
93536,5.325
93537,9.66
93538,6.78
93539,10.595
93540,11.225
93541,10.165
93542,6.94
93543,16.79
93544,8.575
93545,12.685
93546,9.245
93547,10.2
93548,10.72
93549,3.635
93550,15.58
93551,15.115
93552,12.025
93553,11.275
93554,14.91
93555,9.685
93556,12.79
93557,7.23
93558,13.18
93559,9.765
93560,13.65
93561,14.77
93562,7.405
93563,9.67
93564,11.93
93565,5.985
93566,8.96
93567,13.61
93568,9.59
93569,7.415
93570,6.16
93571,10.48
93572,9.825
93573,11.15
93574,11.335
93575,11.16
93576,8.42
93577,8.29
93578,8.485
93579,10.75
93580,11.36
93581,10.62
93582,8.35
93583,10.915
93584,7.955
93585,5.215
93586,10.395
93587,10.345
93588,5.36
93589,8.45
93590,14.24
93591,7.73
93592,9.91
93593,7.995
93594,8.265
93595,8.13
93596,12.135
93597,7.725
93598,11.29
93599,13.555
93600,10.865
93601,7.79
93602,9.265
93603,8.955
93604,9.745
93605,7.1
93606,8.505
93607,10.845
93608,10.8
93609,10.365
93610,9.79
93611,7.27
93612,9.305
93613,7.815
93614,9.23
93615,9.185
93616,10.775
93617,10.66
93618,10.44
93619,11.2
93620,6.08
93621,8.77
93622,12.07
93623,9.145
93624,7.665
93625,15.375
93626,9.76
93627,11.005
93628,11.82
93629,7.26
93630,8.71
93631,13.63
93632,10.89
93633,15.565
93634,11.175
93635,6.555
93636,14.215
93637,10.55
93638,6.94
93639,8.76
93640,6.555
93641,12.77
93642,10.9
93643,11.37
93644,10.24
93645,7.005
93646,9.72
93647,14.815
93648,9.32
93649,12.52
93650,7.085
93651,10.94
93652,9.89
93653,10.35
93654,4.875
93655,10.24
93656,12.04
93657,10.74
93658,13.77
93659,9.235
93660,12.28
93661,14.87
93662,7.27
93663,11.115
93664,9.405
93665,9.91
93666,7.805
93667,9.82
93668,6.46
93669,6.735
93670,9.615
93671,12.235
93672,8.165
93673,13.795
93674,6.215
93675,8.675
93676,14.565
93677,10.195
93678,15.36
93679,10.17
93680,9.705
93681,11.855
93682,10.73
93683,15.81
93684,6.84
93685,8.545
93686,16.315
93687,11.61
93688,15.47
93689,13.045
93690,7.34
93691,11.095
93692,11.145
93693,12.585
93694,9.11
93695,10.72
93696,13.285
93697,10.51
93698,13.605
93699,10.54
93700,13.165
93701,10.96
93702,9.235
93703,11.535
93704,4.04
93705,12.84
93706,13.545
93707,8.58
93708,8.07
93709,11.4
93710,7.815
93711,8.695
93712,10.82
93713,16.68
93714,6.735
93715,13.165
93716,5.475
93717,11.16
93718,4.265
93719,12.77
93720,7.67
93721,12.47
93722,6.925
93723,11.59
93724,10.53
93725,9.61
93726,9.36
93727,15.385
93728,16.52
93729,10.55
93730,10.87
93731,9.325
93732,13.36
93733,15.385
93734,10.695
93735,11.665
93736,12.705
93737,9.985
93738,10.575
93739,9.155
93740,8.0
93741,7.68
93742,10.455
93743,6.795
93744,14.59
93745,4.975
93746,18.025
93747,9.93
93748,21.16
93749,13.25
93750,10.265
93751,6.23
93752,9.295
93753,10.2
93754,11.975
93755,9.92
93756,7.645
93757,8.205
93758,7.43
93759,11.06
93760,8.86
93761,11.67
93762,14.315
93763,11.86
93764,17.16
93765,10.7
93766,16.1
93767,13.845
93768,11.5
93769,9.625
93770,11.865
93771,12.785
93772,13.56
93773,5.72
93774,5.795
93775,9.875
93776,15.19
93777,9.465
93778,7.99
93779,11.3
93780,10.575
93781,13.96
93782,11.81
93783,10.71
93784,9.165
93785,7.845
93786,6.29
93787,10.435
93788,12.01
93789,10.915
93790,15.975
93791,8.815
93792,9.87
93793,12.73
93794,9.095
93795,10.495
93796,6.84
93797,8.09
93798,6.45
93799,11.02
93800,5.71
93801,14.98
93802,5.725
93803,6.93
93804,10.57
93805,10.195
93806,12.43
93807,10.215
93808,6.945
93809,8.075
93810,6.62
93811,11.23
93812,7.195
93813,8.36
93814,12.345
93815,8.77
93816,10.53
93817,11.735
93818,10.975
93819,6.93
93820,10.91
93821,11.47
93822,12.535
93823,9.02
93824,9.165
93825,12.04
93826,8.51
93827,7.795
93828,8.465
93829,12.595
93830,6.315
93831,11.605
93832,6.65
93833,9.7
93834,15.985
93835,6.335
93836,17.595
93837,5.895
93838,13.74
93839,6.47
93840,11.59
93841,13.34
93842,9.965
93843,9.105
93844,10.595
93845,12.94
93846,9.105
93847,9.9
93848,9.72
93849,10.675
93850,14.845
93851,9.82
93852,10.54
93853,10.37
93854,11.955
93855,10.61
93856,16.04
93857,12.745
93858,11.915
93859,11.45
93860,8.025
93861,13.76
93862,11.33
93863,10.765
93864,8.085
93865,8.39
93866,10.915
93867,8.895
93868,8.55
93869,10.555
93870,6.705
93871,6.225
93872,8.84
93873,9.0
93874,7.96
93875,5.955
93876,10.19
93877,7.295
93878,10.66
93879,8.0
93880,13.735
93881,13.315
93882,10.96
93883,6.32
93884,8.885
93885,4.85
93886,7.54
93887,12.565
93888,10.65
93889,13.575
93890,8.35
93891,13.91
93892,10.015
93893,10.845
93894,9.205
93895,7.965
93896,9.645
93897,11.475
93898,12.06
93899,10.825
93900,9.105
93901,15.25
93902,9.925
93903,10.335
93904,8.325
93905,9.36
93906,12.145
93907,6.54
93908,14.42
93909,10.18
93910,6.97
93911,8.005
93912,9.895
93913,9.985
93914,8.995
93915,12.185
93916,10.26
93917,9.435
93918,10.4
93919,10.635
93920,12.35
93921,10.295
93922,10.74
93923,11.015
93924,9.79
93925,14.125
93926,9.46
93927,16.56
93928,14.37
93929,5.055
93930,12.205
93931,10.905
93932,9.58
93933,9.765
93934,12.935
93935,9.42
93936,6.89
93937,7.6
93938,8.05
93939,8.975
93940,11.015
93941,4.97
93942,18.645
93943,8.51
93944,9.24
93945,11.455
93946,11.185
93947,12.075
93948,11.775
93949,10.26
93950,8.67
93951,8.04
93952,8.43
93953,6.56
93954,6.105
93955,11.345
93956,11.86
93957,9.825
93958,6.875
93959,9.855
93960,10.76
93961,9.0
93962,13.165
93963,9.4
93964,12.245
93965,9.17
93966,15.575
93967,9.955
93968,7.63
93969,8.79
93970,9.725
93971,14.175
93972,14.895
93973,8.26
93974,7.195
93975,9.76
93976,11.265
93977,8.82
93978,9.39
93979,15.84
93980,13.52
93981,10.245
93982,7.625
93983,7.02
93984,10.745
93985,5.265
93986,7.72
93987,8.625
93988,9.11
93989,15.04
93990,9.465
93991,10.915
93992,11.265
93993,9.265
93994,12.18
93995,10.595
93996,8.74
93997,9.92
93998,7.265
93999,7.35
94000,8.11
94001,11.92
94002,7.085
94003,7.955
94004,5.75
94005,12.84
94006,9.63
94007,11.9
94008,10.545
94009,11.09
94010,9.56
94011,12.555
94012,15.39
94013,7.52
94014,7.185
94015,10.81
94016,8.285
94017,11.31
94018,5.885
94019,6.26
94020,6.295
94021,16.2
94022,11.36
94023,9.47
94024,9.415
94025,11.17
94026,9.155
94027,10.87
94028,10.42
94029,11.16
94030,10.48
94031,6.88
94032,8.01
94033,10.57
94034,10.03
94035,9.095
94036,5.955
94037,6.46
94038,10.975
94039,7.225
94040,9.46
94041,6.765
94042,12.92
94043,12.37
94044,6.865
94045,9.74
94046,10.4
94047,8.37
94048,10.665
94049,8.265
94050,7.53
94051,16.08
94052,4.24
94053,12.005
94054,12.29
94055,9.175
94056,11.99
94057,8.93
94058,10.415
94059,10.07
94060,7.395
94061,7.725
94062,5.805
94063,6.89
94064,6.715
94065,14.725
94066,10.82
94067,7.295
94068,14.6
94069,9.57
94070,11.93
94071,11.635
94072,13.785
94073,7.385
94074,6.675
94075,9.99
94076,8.275
94077,9.84
94078,9.435
94079,12.625
94080,10.095
94081,7.715
94082,6.77
94083,12.275
94084,13.465
94085,7.735
94086,7.955
94087,8.07
94088,8.83
94089,5.355
94090,7.47
94091,10.695
94092,9.485
94093,11.175
94094,7.535
94095,11.025
94096,14.205
94097,11.575
94098,12.33
94099,6.6
94100,20.04
94101,6.95
94102,9.66
94103,9.705
94104,6.875
94105,8.59
94106,11.06
94107,6.62
94108,16.265
94109,13.755
94110,11.96
94111,8.405
94112,10.855
94113,14.445
94114,10.975
94115,5.425
94116,5.56
94117,8.34
94118,6.945
94119,10.82
94120,7.385
94121,9.365
94122,12.035
94123,10.835
94124,9.11
94125,9.435
94126,9.47
94127,9.585
94128,5.445
94129,12.09
94130,12.805
94131,9.805
94132,11.07
94133,6.735
94134,21.525
94135,9.3
94136,6.995
94137,11.21
94138,10.53
94139,14.615
94140,8.925
94141,10.18
94142,10.735
94143,9.045
94144,9.34
94145,9.25
94146,11.09
94147,10.6
94148,6.495
94149,7.375
94150,11.55
94151,11.455
94152,7.465
94153,15.415
94154,7.77
94155,6.05
94156,8.895
94157,8.445
94158,10.015
94159,15.11
94160,12.23
94161,9.71
94162,11.665
94163,10.76
94164,7.805
94165,15.55
94166,9.795
94167,14.37
94168,6.675
94169,5.675
94170,10.375
94171,10.315
94172,10.52
94173,10.92
94174,12.07
94175,10.495
94176,9.275
94177,10.06
94178,11.71
94179,8.335
94180,6.71
94181,10.885
94182,9.55
94183,5.66
94184,10.15
94185,8.735
94186,12.185
94187,6.075
94188,14.85
94189,10.005
94190,6.705
94191,6.625
94192,13.945
94193,5.775
94194,10.655
94195,12.11
94196,6.655
94197,10.73
94198,14.555
94199,14.89
94200,9.965
94201,10.1
94202,9.745
94203,6.68
94204,6.94
94205,15.97
94206,4.895
94207,11.125
94208,8.575
94209,9.42
94210,9.3
94211,9.165
94212,10.42
94213,9.57
94214,11.705
94215,10.465
94216,6.465
94217,9.195
94218,9.33
94219,9.265
94220,13.56
94221,9.28
94222,12.905
94223,11.56
94224,10.3
94225,13.165
94226,9.805
94227,4.645
94228,9.89
94229,9.98
94230,10.29
94231,8.915
94232,9.535
94233,8.245
94234,8.4
94235,13.29
94236,9.905
94237,9.585
94238,13.45
94239,7.085
94240,8.205
94241,10.475
94242,7.46
94243,10.385
94244,11.295
94245,8.335
94246,5.665
94247,9.6
94248,12.53
94249,15.73
94250,8.3
94251,10.395
94252,9.935
94253,10.825
94254,9.445
94255,9.65
94256,11.985
94257,6.625
94258,8.75
94259,8.57
94260,9.14
94261,8.95
94262,7.675
94263,11.095
94264,12.755
94265,10.545
94266,10.895
94267,8.135
94268,8.625
94269,13.675
94270,10.67
94271,4.01
94272,13.51
94273,6.135
94274,11.02
94275,7.74
94276,11.63
94277,10.24
94278,10.0
94279,9.48
94280,11.35
94281,9.23
94282,10.765
94283,9.57
94284,11.92
94285,8.345
94286,12.95
94287,9.025
94288,5.015
94289,8.095
94290,10.62
94291,12.165
94292,9.76
94293,5.55
94294,10.82
94295,4.65
94296,10.38
94297,12.95
94298,5.31
94299,12.455
94300,10.195
94301,7.145
94302,11.295
94303,11.79
94304,13.675
94305,9.345
94306,10.935
94307,10.105
94308,11.37
94309,10.66
94310,13.67
94311,6.14
94312,9.085
94313,10.055
94314,7.05
94315,10.435
94316,12.93
94317,6.1
94318,8.255
94319,13.285
94320,13.475
94321,15.125
94322,16.345
94323,9.65
94324,8.275
94325,17.55
94326,9.14
94327,11.975
94328,6.655
94329,5.135
94330,10.555
94331,8.39
94332,7.83
94333,8.07
94334,9.635
94335,10.31
94336,11.93
94337,7.745
94338,15.17
94339,3.705
94340,3.895
94341,7.12
94342,6.47
94343,12.42
94344,12.405
94345,9.88
94346,14.89
94347,5.105
94348,6.295
94349,9.615
94350,11.295
94351,10.55
94352,7.645
94353,7.32
94354,5.635
94355,10.425
94356,10.735
94357,15.73
94358,13.695
94359,6.705
94360,6.885
94361,11.63
94362,7.93
94363,12.405
94364,11.095
94365,10.41
94366,9.285
94367,16.945
94368,12.12
94369,4.06
94370,4.045
94371,9.76
94372,7.92
94373,9.73
94374,6.645
94375,11.66
94376,9.74
94377,5.87
94378,10.12
94379,5.85
94380,11.145
94381,8.13
94382,15.205
94383,11.64
94384,10.835
94385,14.565
94386,5.275
94387,6.355
94388,11.99
94389,9.63
94390,17.53
94391,7.01
94392,9.67
94393,13.725
94394,9.2
94395,8.38
94396,6.59
94397,10.39
94398,8.665
94399,11.375
94400,8.695
94401,10.355
94402,12.285
94403,7.335
94404,8.78
94405,8.745
94406,8.0
94407,8.61
94408,17.58
94409,14.31
94410,11.095
94411,9.695
94412,12.05
94413,7.07
94414,8.005
94415,10.475
94416,9.83
94417,5.665
94418,19.385
94419,9.345
94420,17.605
94421,10.545
94422,5.945
94423,7.87
94424,11.15
94425,10.935
94426,15.015
94427,9.315
94428,11.74
94429,12.55
94430,11.81
94431,11.325
94432,11.08
94433,16.615
94434,10.305
94435,11.525
94436,9.885
94437,12.525
94438,13.095
94439,14.21
94440,8.5
94441,6.945
94442,13.57
94443,7.275
94444,8.275
94445,9.475
94446,10.645
94447,10.535
94448,9.015
94449,16.35
94450,10.91
94451,16.345
94452,5.75
94453,6.71
94454,12.99
94455,12.48
94456,8.375
94457,8.805
94458,14.32
94459,8.735
94460,5.15
94461,15.235
94462,10.885
94463,10.765
94464,16.155
94465,11.71
94466,14.43
94467,5.515
94468,11.86
94469,10.595
94470,9.035
94471,11.005
94472,12.915
94473,11.5
94474,15.22
94475,15.71
94476,9.245
94477,6.615
94478,9.87
94479,11.095
94480,5.885
94481,12.065
94482,8.795
94483,10.92
94484,12.055
94485,12.74
94486,10.545
94487,6.75
94488,11.105
94489,9.34
94490,10.025
94491,5.615
94492,9.275
94493,10.22
94494,6.89
94495,10.53
94496,9.21
94497,12.885
94498,6.39
94499,14.015
94500,9.73
94501,11.82
94502,6.37
94503,7.175
94504,12.865
94505,10.57
94506,8.76
94507,5.615
94508,12.985
94509,10.48
94510,9.82
94511,17.8
94512,9.92
94513,9.48
94514,6.885
94515,6.735
94516,15.335
94517,10.535
94518,13.64
94519,13.89
94520,7.835
94521,15.025
94522,9.9
94523,10.695
94524,8.835
94525,8.5
94526,9.955
94527,9.455
94528,8.645
94529,11.11
94530,20.23
94531,11.08
94532,9.11
94533,13.495
94534,10.125
94535,10.395
94536,14.085
94537,7.705
94538,6.525
94539,16.24
94540,14.405
94541,7.315
94542,10.645
94543,13.485
94544,12.685
94545,16.485
94546,6.0
94547,9.4
94548,6.585
94549,10.125
94550,12.22
94551,14.83
94552,18.595
94553,12.5
94554,10.79
94555,11.545
94556,9.22
94557,10.305
94558,11.235
94559,11.735
94560,14.25
94561,14.41
94562,6.805
94563,6.115
94564,7.675
94565,8.905
94566,11.52
94567,8.285
94568,6.845
94569,15.475
94570,11.54
94571,9.8
94572,7.0
94573,11.85
94574,11.47
94575,14.035
94576,7.605
94577,9.46
94578,10.725
94579,11.315
94580,11.0
94581,9.255
94582,9.265
94583,11.86
94584,11.71
94585,15.395
94586,13.5
94587,10.32
94588,12.02
94589,8.435
94590,13.45
94591,6.625
94592,7.735
94593,9.685
94594,9.27
94595,15.44
94596,6.785
94597,13.64
94598,7.495
94599,15.93
94600,9.44
94601,9.22
94602,9.65
94603,11.68
94604,15.135
94605,4.955
94606,8.47
94607,11.165
94608,11.875
94609,12.87
94610,9.775
94611,11.635
94612,8.785
94613,6.53
94614,12.125
94615,7.0
94616,8.74
94617,8.455
94618,8.73
94619,10.705
94620,6.7
94621,13.295
94622,13.97
94623,10.105
94624,15.06
94625,9.225
94626,8.755
94627,5.955
94628,9.4
94629,8.08
94630,14.495
94631,9.095
94632,11.675
94633,7.09
94634,5.79
94635,10.6
94636,11.025
94637,7.945
94638,11.67
94639,7.24
94640,7.17
94641,14.92
94642,5.54
94643,9.72
94644,12.515
94645,6.94
94646,10.155
94647,8.5
94648,7.805
94649,13.765
94650,8.93
94651,14.17
94652,14.84
94653,10.545
94654,10.965
94655,10.625
94656,12.15
94657,6.655
94658,13.47
94659,16.74
94660,6.88
94661,11.015
94662,12.265
94663,17.89
94664,7.555
94665,10.7
94666,9.245
94667,15.64
94668,12.395
94669,9.565
94670,9.39
94671,4.235
94672,6.69
94673,7.485
94674,7.96
94675,8.61
94676,11.02
94677,12.435
94678,14.695
94679,7.48
94680,9.255
94681,13.79
94682,7.625
94683,6.65
94684,11.53
94685,11.915
94686,14.96
94687,10.285
94688,10.335
94689,12.29
94690,10.195
94691,10.14
94692,6.675
94693,13.88
94694,8.995
94695,12.275
94696,18.785
94697,14.085
94698,16.29
94699,14.775
94700,20.165
94701,10.305
94702,13.185
94703,12.985
94704,10.655
94705,5.135
94706,7.915
94707,8.36
94708,17.46
94709,13.315
94710,11.275
94711,12.63
94712,13.67
94713,16.075
94714,8.425
94715,10.35
94716,5.525
94717,9.39
94718,11.19
94719,10.2
94720,8.53
94721,14.29
94722,10.925
94723,5.575
94724,6.775
94725,9.65
94726,8.29
94727,12.555
94728,5.86
94729,14.43
94730,8.565
94731,7.91
94732,13.56
94733,6.44
94734,18.48
94735,14.6
94736,14.575
94737,9.165
94738,9.835
94739,7.345
94740,10.725
94741,11.69
94742,6.805
94743,18.775
94744,7.755
94745,11.665
94746,6.955
94747,5.77
94748,6.93
94749,9.53
94750,9.725
94751,18.92
94752,13.67
94753,6.92
94754,12.68
94755,13.165
94756,11.195
94757,6.795
94758,7.805
94759,10.72
94760,6.425
94761,5.005
94762,12.27
94763,12.62
94764,5.53
94765,11.54
94766,6.715
94767,11.66
94768,7.155
94769,12.025
94770,12.15
94771,12.05
94772,10.05
94773,7.31
94774,7.055
94775,6.48
94776,11.94
94777,7.68
94778,10.1
94779,10.13
94780,10.57
94781,10.67
94782,6.465
94783,9.125
94784,9.57
94785,4.635
94786,10.0
94787,11.76
94788,6.735
94789,13.34
94790,6.6
94791,8.81
94792,13.935
94793,11.945
94794,7.135
94795,17.5
94796,8.495
94797,10.545
94798,9.39
94799,6.525
94800,10.535
94801,13.615
94802,8.655
94803,7.425
94804,8.51
94805,12.105
94806,8.655
94807,8.875
94808,5.35
94809,9.075
94810,15.57
94811,9.585
94812,6.07
94813,13.33
94814,11.11
94815,10.975
94816,7.805
94817,7.53
94818,11.305
94819,9.34
94820,7.375
94821,11.335
94822,12.135
94823,13.89
94824,10.345
94825,12.095
94826,12.395
94827,6.435
94828,10.71
94829,7.215
94830,6.015
94831,9.235
94832,13.59
94833,10.65
94834,15.87
94835,11.595
94836,11.085
94837,8.16
94838,10.69
94839,6.49
94840,5.92
94841,9.07
94842,12.085
94843,9.1
94844,4.715
94845,7.815
94846,8.235
94847,9.45
94848,9.42
94849,11.06
94850,5.175
94851,10.265
94852,14.015
94853,7.9
94854,8.68
94855,5.135
94856,4.19
94857,9.795
94858,7.345
94859,10.68
94860,13.22
94861,10.655
94862,11.23
94863,10.97
94864,7.51
94865,11.315
94866,16.305
94867,12.725
94868,15.085
94869,9.26
94870,15.325
94871,10.505
94872,10.7
94873,11.16
94874,12.23
94875,10.57
94876,4.56
94877,9.395
94878,10.655
94879,12.315
94880,12.14
94881,10.16
94882,6.79
94883,9.555
94884,9.235
94885,10.6
94886,9.025
94887,14.26
94888,17.575
94889,9.28
94890,14.16
94891,10.88
94892,9.3
94893,11.395
94894,10.075
94895,4.975
94896,10.245
94897,12.245
94898,10.82
94899,12.885
94900,8.415
94901,10.11
94902,13.64
94903,11.32
94904,12.405
94905,13.795
94906,5.31
94907,10.39
94908,9.15
94909,10.77
94910,8.29
94911,7.78
94912,14.685
94913,10.585
94914,7.06
94915,9.655
94916,10.425
94917,13.02
94918,7.95
94919,8.175
94920,6.84
94921,11.19
94922,7.01
94923,4.23
94924,8.14
94925,12.91
94926,6.75
94927,12.95
94928,10.655
94929,15.08
94930,10.05
94931,10.1
94932,11.08
94933,13.78
94934,14.355
94935,9.99
94936,11.815
94937,4.51
94938,10.125
94939,10.95
94940,7.035
94941,15.165
94942,7.255
94943,8.43
94944,9.36
94945,4.975
94946,10.285
94947,12.285
94948,8.08
94949,10.44
94950,13.27
94951,11.25
94952,10.855
94953,11.73
94954,10.355
94955,6.225
94956,10.6
94957,6.695
94958,14.1
94959,10.58
94960,8.145
94961,10.875
94962,9.58
94963,8.475
94964,11.105
94965,6.69
94966,14.795
94967,10.005
94968,14.47
94969,7.735
94970,10.54
94971,9.885
94972,8.445
94973,10.335
94974,4.13
94975,8.265
94976,11.89
94977,10.04
94978,13.705
94979,10.97
94980,8.83
94981,9.43
94982,10.175
94983,7.975
94984,10.98
94985,8.1
94986,10.825
94987,10.665
94988,21.42
94989,10.71
94990,9.615
94991,8.57
94992,10.015
94993,11.435
94994,11.215
94995,11.17
94996,15.525
94997,10.97
94998,5.75
94999,12.485
95000,13.885
95001,9.59
95002,11.93
95003,13.485
95004,10.92
95005,12.16
95006,18.145
95007,11.7
95008,7.96
95009,8.055
95010,9.165
95011,10.88
95012,7.22
95013,9.375
95014,13.585
95015,10.11
95016,14.12
95017,6.685
95018,13.16
95019,10.585
95020,12.095
95021,10.435
95022,9.28
95023,8.015
95024,13.79
95025,5.75
95026,16.83
95027,9.31
95028,9.465
95029,11.765
95030,10.565
95031,9.675
95032,10.61
95033,11.125
95034,14.59
95035,8.945
95036,11.19
95037,10.635
95038,14.22
95039,10.555
95040,7.255
95041,9.71
95042,13.16
95043,6.68
95044,9.62
95045,9.205
95046,7.93
95047,10.865
95048,4.42
95049,10.785
95050,14.025
95051,8.72
95052,15.025
95053,14.33
95054,8.9
95055,10.655
95056,12.59
95057,8.3
95058,7.235
95059,12.28
95060,9.295
95061,10.83
95062,9.025
95063,12.635
95064,9.815
95065,8.025
95066,11.245
95067,15.82
95068,12.165
95069,10.595
95070,6.21
95071,18.43
95072,10.415
95073,10.51
95074,15.89
95075,10.12
95076,8.93
95077,7.74
95078,9.76
95079,10.48
95080,9.615
95081,7.195
95082,13.64
95083,17.305
95084,13.715
95085,8.08
95086,8.46
95087,9.21
95088,13.205
95089,6.745
95090,13.29
95091,11.54
95092,10.68
95093,13.645
95094,6.74
95095,12.935
95096,5.265
95097,9.655
95098,16.515
95099,15.23
95100,10.765
95101,7.565
95102,6.47
95103,6.685
95104,11.26
95105,4.49
95106,7.995
95107,8.035
95108,13.635
95109,7.225
95110,8.375
95111,10.77
95112,11.635
95113,8.195
95114,7.34
95115,9.845
95116,9.18
95117,8.055
95118,15.225
95119,14.095
95120,9.185
95121,8.235
95122,13.005
95123,6.5
95124,11.665
95125,12.53
95126,7.385
95127,11.27
95128,8.395
95129,11.9
95130,9.505
95131,10.075
95132,13.12
95133,9.61
95134,21.245
95135,10.78
95136,15.86
95137,14.89
95138,4.97
95139,6.735
95140,19.53
95141,6.18
95142,9.35
95143,6.96
95144,5.91
95145,7.19
95146,8.045
95147,9.955
95148,9.76
95149,11.425
95150,9.245
95151,8.39
95152,14.705
95153,8.695
95154,13.34
95155,13.625
95156,13.805
95157,10.93
95158,8.0
95159,7.605
95160,6.985
95161,10.645
95162,9.355
95163,9.92
95164,6.245
95165,6.98
95166,9.19
95167,13.105
95168,10.415
95169,11.32
95170,10.985
95171,6.79
95172,9.82
95173,8.75
95174,15.23
95175,7.035
95176,9.085
95177,13.4
95178,9.385
95179,9.44
95180,9.66
95181,12.185
95182,9.535
95183,6.245
95184,8.895
95185,12.075
95186,8.095
95187,15.225
95188,9.515
95189,10.82
95190,6.755
95191,9.275
95192,8.835
95193,10.1
95194,11.015
95195,17.77
95196,9.94
95197,15.755
95198,11.45
95199,9.95
95200,8.365
95201,9.555
95202,10.84
95203,14.16
95204,8.78
95205,13.33
95206,13.525
95207,8.88
95208,4.755
95209,6.745
95210,11.745
95211,9.015
95212,8.005
95213,11.525
95214,9.375
95215,8.525
95216,10.81
95217,9.85
95218,6.215
95219,13.335
95220,14.725
95221,6.82
95222,9.56
95223,6.755
95224,17.235
95225,9.0
95226,10.98
95227,11.92
95228,9.05
95229,9.375
95230,6.565
95231,8.615
95232,7.85
95233,6.34
95234,5.665
95235,8.325
95236,11.565
95237,13.82
95238,6.15
95239,7.83
95240,15.355
95241,7.94
95242,8.735
95243,9.955
95244,10.255
95245,15.825
95246,10.395
95247,6.485
95248,9.835
95249,12.93
95250,4.61
95251,6.885
95252,9.615
95253,9.28
95254,7.11
95255,7.375
95256,8.145
95257,12.05
95258,12.18
95259,9.31
95260,10.395
95261,11.005
95262,10.16
95263,13.545
95264,11.8
95265,16.07
95266,13.545
95267,10.395
95268,5.785
95269,9.175
95270,10.455
95271,7.13
95272,10.155
95273,9.135
95274,6.965
95275,10.64
95276,9.28
95277,6.79
95278,5.585
95279,8.765
95280,10.17
95281,10.485
95282,9.105
95283,12.44
95284,9.42
95285,8.45
95286,16.315
95287,5.28
95288,7.0
95289,12.14
95290,10.85
95291,7.68
95292,11.055
95293,6.015
95294,11.485
95295,11.56
95296,6.91
95297,6.81
95298,11.005
95299,6.95
95300,10.74
95301,10.545
95302,7.88
95303,9.075
95304,9.345
95305,11.555
95306,9.455
95307,11.795
95308,14.595
95309,10.925
95310,4.93
95311,9.64
95312,9.125
95313,8.8
95314,14.185
95315,12.72
95316,13.795
95317,11.2
95318,8.075
95319,11.81
95320,12.825
95321,8.87
95322,10.965
95323,8.43
95324,11.265
95325,12.465
95326,14.545
95327,9.215
95328,5.115
95329,6.19
95330,10.63
95331,11.215
95332,12.06
95333,9.935
95334,12.08
95335,7.665
95336,11.065
95337,12.785
95338,9.91
95339,11.825
95340,8.455
95341,10.505
95342,13.455
95343,6.865
95344,12.965
95345,14.665
95346,13.485
95347,10.87
95348,10.155
95349,10.475
95350,10.215
95351,9.43
95352,7.385
95353,8.78
95354,13.62
95355,10.795
95356,5.96
95357,6.685
95358,13.465
95359,5.565
95360,9.575
95361,10.19
95362,14.235
95363,8.92
95364,9.81
95365,10.43
95366,14.77
95367,13.735
95368,6.81
95369,11.105
95370,8.11
95371,9.455
95372,6.525
95373,12.045
95374,10.42
95375,16.615
95376,9.635
95377,8.695
95378,7.81
95379,12.085
95380,7.79
95381,11.575
95382,4.38
95383,7.695
95384,9.12
95385,8.565
95386,8.355
95387,9.735
95388,9.915
95389,7.86
95390,11.055
95391,11.975
95392,10.045
95393,11.7
95394,9.375
95395,10.875
95396,8.42
95397,10.595
95398,9.82
95399,9.31
95400,3.83
95401,12.655
95402,8.265
95403,9.315
95404,6.91
95405,9.0
95406,6.845
95407,9.445
95408,11.905
95409,7.37
95410,14.565
95411,9.91
95412,10.31
95413,12.55
95414,6.26
95415,6.1
95416,6.525
95417,7.78
95418,10.075
95419,9.565
95420,6.755
95421,9.38
95422,6.87
95423,10.92
95424,12.415
95425,10.935
95426,10.745
95427,14.07
95428,10.26
95429,14.155
95430,12.63
95431,8.215
95432,9.48
95433,8.97
95434,9.565
95435,9.89
95436,14.595
95437,11.975
95438,9.98
95439,6.775
95440,13.79
95441,9.185
95442,6.405
95443,8.49
95444,9.13
95445,15.34
95446,12.145
95447,7.645
95448,9.42
95449,11.09
95450,11.92
95451,9.185
95452,8.6
95453,5.08
95454,8.42
95455,11.325
95456,10.545
95457,10.64
95458,14.105
95459,9.525
95460,13.35
95461,8.2
95462,9.005
95463,9.51
95464,10.675
95465,10.865
95466,11.04
95467,11.895
95468,8.01
95469,7.845
95470,9.385
95471,5.12
95472,8.38
95473,7.085
95474,12.785
95475,11.615
95476,10.58
95477,11.035
95478,7.555
95479,8.675
95480,9.625
95481,6.165
95482,11.45
95483,15.135
95484,9.885
95485,9.92
95486,10.485
95487,10.54
95488,11.36
95489,10.2
95490,18.65
95491,13.26
95492,8.825
95493,10.26
95494,15.34
95495,11.67
95496,11.215
95497,8.97
95498,5.53
95499,11.06
95500,9.815
95501,14.025
95502,8.45
95503,10.39
95504,10.61
95505,9.08
95506,8.425
95507,7.085
95508,6.185
95509,14.78
95510,10.68
95511,9.45
95512,11.865
95513,11.81
95514,4.815
95515,6.85
95516,12.95
95517,9.86
95518,7.535
95519,8.4
95520,9.72
95521,10.065
95522,10.805
95523,12.685
95524,6.985
95525,9.935
95526,10.48
95527,9.235
95528,11.555
95529,5.04
95530,10.455
95531,6.27
95532,11.45
95533,5.635
95534,10.885
95535,15.31
95536,5.975
95537,9.505
95538,14.865
95539,3.61
95540,14.41
95541,10.485
95542,10.9
95543,11.3
95544,21.055
95545,6.775
95546,10.705
95547,13.32
95548,11.33
95549,6.565
95550,11.2
95551,12.385
95552,10.505
95553,6.62
95554,9.87
95555,5.61
95556,6.87
95557,9.405
95558,8.06
95559,17.18
95560,13.69
95561,9.08
95562,12.435
95563,7.185
95564,6.365
95565,9.93
95566,15.02
95567,9.52
95568,6.87
95569,8.45
95570,13.02
95571,10.355
95572,6.48
95573,11.85
95574,10.79
95575,11.42
95576,10.28
95577,7.835
95578,9.865
95579,8.92
95580,11.49
95581,9.085
95582,6.51
95583,9.91
95584,11.015
95585,10.535
95586,9.375
95587,8.965
95588,12.63
95589,9.38
95590,7.22
95591,13.97
95592,11.145
95593,8.61
95594,16.62
95595,8.33
95596,7.76
95597,10.765
95598,9.69
95599,6.275
95600,9.995
95601,9.625
95602,7.105
95603,5.185
95604,6.455
95605,7.315
95606,9.47
95607,8.94
95608,9.61
95609,8.88
95610,15.175
95611,8.515
95612,10.735
95613,10.855
95614,9.585
95615,11.975
95616,8.58
95617,7.055
95618,7.79
95619,7.625
95620,8.815
95621,9.35
95622,14.135
95623,9.43
95624,10.1
95625,5.965
95626,9.48
95627,13.33
95628,6.86
95629,12.185
95630,10.89
95631,9.77
95632,6.2
95633,11.545
95634,12.245
95635,7.755
95636,11.105
95637,10.89
95638,6.745
95639,9.355
95640,9.41
95641,13.885
95642,17.945
95643,3.62
95644,10.895
95645,8.74
95646,18.405
95647,13.86
95648,12.585
95649,13.92
95650,6.685
95651,11.07
95652,9.415
95653,10.19
95654,6.975
95655,12.07
95656,14.15
95657,10.82
95658,6.71
95659,12.115
95660,9.535
95661,10.81
95662,6.815
95663,8.625
95664,11.005
95665,8.08
95666,11.615
95667,3.84
95668,10.6
95669,12.435
95670,7.825
95671,9.025
95672,13.135
95673,12.795
95674,7.98
95675,8.885
95676,11.26
95677,10.37
95678,7.595
95679,9.675
95680,8.275
95681,8.245
95682,10.55
95683,10.08
95684,10.655
95685,13.87
95686,8.84
95687,10.595
95688,9.32
95689,10.365
95690,8.925
95691,8.29
95692,10.595
95693,10.775
95694,14.4
95695,11.405
95696,9.41
95697,6.67
95698,11.0
95699,10.035
95700,12.51
95701,9.83
95702,12.135
95703,4.385
95704,10.925
95705,11.04
95706,12.785
95707,11.98
95708,13.63
95709,10.53
95710,11.64
95711,9.215
95712,8.835
95713,5.445
95714,13.5
95715,10.43
95716,10.855
95717,4.045
95718,12.585
95719,8.345
95720,11.555
95721,11.32
95722,6.63
95723,9.17
95724,5.115
95725,9.035
95726,7.585
95727,11.215
95728,9.39
95729,5.96
95730,12.895
95731,15.12
95732,8.135
95733,9.44
95734,10.295
95735,6.485
95736,16.82
95737,9.67
95738,14.59
95739,9.82
95740,7.655
95741,8.07
95742,6.27
95743,10.11
95744,6.665
95745,9.055
95746,5.43
95747,12.42
95748,12.31
95749,11.46
95750,9.66
95751,9.65
95752,14.01
95753,11.15
95754,7.0
95755,10.325
95756,11.88
95757,8.07
95758,10.23
95759,10.175
95760,7.12
95761,10.855
95762,11.42
95763,9.75
95764,13.5
95765,10.53
95766,10.07
95767,7.49
95768,8.35
95769,8.295
95770,16.74
95771,5.27
95772,9.26
95773,12.905
95774,16.19
95775,7.785
95776,16.145
95777,15.505
95778,10.19
95779,10.245
95780,6.41
95781,8.695
95782,13.4
95783,15.945
95784,13.995
95785,8.995
95786,8.535
95787,13.165
95788,16.07
95789,12.23
95790,13.93
95791,9.08
95792,6.55
95793,14.755
95794,7.92
95795,12.335
95796,13.72
95797,14.96
95798,7.165
95799,10.33
95800,11.995
95801,13.585
95802,10.17
95803,3.95
95804,9.54
95805,9.035
95806,11.42
95807,16.53
95808,9.945
95809,7.835
95810,8.245
95811,8.635
95812,8.285
95813,11.605
95814,6.855
95815,12.355
95816,5.68
95817,9.595
95818,14.635
95819,8.42
95820,11.55
95821,8.06
95822,8.78
95823,11.505
95824,13.225
95825,10.395
95826,14.03
95827,11.97
95828,8.44
95829,13.745
95830,8.795
95831,7.325
95832,10.425
95833,9.335
95834,11.06
95835,5.91
95836,15.46
95837,8.75
95838,3.815
95839,10.06
95840,12.095
95841,6.855
95842,12.765
95843,8.585
95844,7.965
95845,15.49
95846,7.005
95847,10.655
95848,9.2
95849,10.985
95850,9.875
95851,13.26
95852,8.53
95853,5.515
95854,8.67
95855,10.155
95856,5.82
95857,13.685
95858,15.525
95859,11.525
95860,10.515
95861,7.26
95862,8.47
95863,14.97
95864,5.51
95865,9.31
95866,17.11
95867,15.25
95868,10.085
95869,9.585
95870,6.875
95871,12.64
95872,10.665
95873,7.155
95874,9.77
95875,12.215
95876,7.18
95877,13.565
95878,9.02
95879,13.07
95880,7.75
95881,12.46
95882,8.805
95883,13.0
95884,6.6
95885,13.315
95886,8.91
95887,8.815
95888,17.43
95889,10.58
95890,7.95
95891,7.17
95892,10.39
95893,9.455
95894,13.775
95895,13.125
95896,7.385
95897,9.45
95898,11.79
95899,10.96
95900,6.78
95901,10.48
95902,5.3
95903,9.745
95904,7.465
95905,3.97
95906,9.445
95907,6.715
95908,8.79
95909,6.64
95910,7.48
95911,9.645
95912,8.55
95913,10.22
95914,11.365
95915,11.295
95916,8.845
95917,10.995
95918,12.105
95919,10.72
95920,6.18
95921,7.2
95922,14.345
95923,13.675
95924,8.975
95925,8.395
95926,5.08
95927,10.815
95928,10.445
95929,6.895
95930,7.595
95931,9.91
95932,18.575
95933,13.98
95934,10.605
95935,13.035
95936,11.295
95937,11.94
95938,9.73
95939,6.9
95940,9.97
95941,10.22
95942,10.85
95943,11.665
95944,7.745
95945,6.795
95946,11.395
95947,7.08
95948,11.485
95949,14.74
95950,9.335
95951,12.985
95952,9.59
95953,12.0
95954,13.93
95955,5.72
95956,11.805
95957,10.615
95958,9.825
95959,10.405
95960,5.595
95961,10.77
95962,17.165
95963,10.02
95964,4.895
95965,11.99
95966,6.32
95967,11.52
95968,10.075
95969,13.045
95970,9.44
95971,12.98
95972,6.985
95973,7.575
95974,11.53
95975,15.225
95976,9.345
95977,9.99
95978,11.205
95979,9.66
95980,6.57
95981,8.2
95982,10.705
95983,10.36
95984,8.715
95985,10.37
95986,9.16
95987,11.505
95988,16.955
95989,10.01
95990,10.405
95991,3.735
95992,9.555
95993,12.735
95994,11.035
95995,16.395
95996,11.765
95997,10.02
95998,12.645
95999,9.995
96000,11.935
96001,10.62
96002,9.51
96003,12.87
96004,11.285
96005,10.235
96006,9.86
96007,7.2
96008,7.32
96009,13.835
96010,13.955
96011,9.28
96012,9.69
96013,10.135
96014,7.93
96015,5.9
96016,9.425
96017,12.05
96018,6.55
96019,12.515
96020,11.375
96021,9.195
96022,10.935
96023,9.0
96024,6.61
96025,10.795
96026,10.94
96027,10.615
96028,9.625
96029,9.815
96030,10.135
96031,12.895
96032,7.675
96033,6.72
96034,7.245
96035,6.67
96036,9.015
96037,8.99
96038,8.965
96039,14.98
96040,8.02
96041,10.85
96042,12.72
96043,9.53
96044,16.415
96045,8.615
96046,11.89
96047,10.97
96048,10.43
96049,12.09
96050,6.61
96051,10.84
96052,13.945
96053,13.9
96054,11.375
96055,9.86
96056,6.805
96057,9.505
96058,12.815
96059,10.355
96060,9.66
96061,10.085
96062,11.015
96063,10.6
96064,6.975
96065,12.175
96066,6.85
96067,12.42
96068,6.705
96069,8.45
96070,14.815
96071,9.455
96072,9.47
96073,10.74
96074,7.46
96075,10.37
96076,11.315
96077,7.945
96078,13.405
96079,9.155
96080,14.785
96081,7.11
96082,9.07
96083,9.615
96084,8.415
96085,11.6
96086,11.58
96087,9.32
96088,9.505
96089,11.84
96090,10.035
96091,11.025
96092,7.715
96093,8.665
96094,11.62
96095,10.79
96096,14.73
96097,14.18
96098,8.725
96099,8.56
96100,8.68
96101,10.165
96102,16.285
96103,13.03
96104,7.485
96105,14.41
96106,13.425
96107,9.245
96108,7.88
96109,6.635
96110,7.97
96111,13.985
96112,7.4
96113,7.995
96114,14.16
96115,12.37
96116,8.555
96117,11.15
96118,8.955
96119,14.97
96120,12.74
96121,5.49
96122,8.01
96123,8.92
96124,16.08
96125,4.72
96126,11.85
96127,8.565
96128,8.92
96129,9.645
96130,10.425
96131,6.86
96132,8.225
96133,9.52
96134,12.64
96135,10.205
96136,4.4
96137,8.93
96138,8.95
96139,7.95
96140,9.28
96141,15.735
96142,9.435
96143,13.21
96144,13.355
96145,9.255
96146,14.305
96147,4.28
96148,7.875
96149,11.545
96150,10.53
96151,10.875
96152,11.14
96153,10.335
96154,10.56
96155,10.06
96156,10.09
96157,7.315
96158,11.295
96159,7.525
96160,11.86
96161,6.505
96162,10.005
96163,10.06
96164,5.315
96165,9.43
96166,11.415
96167,3.73
96168,13.185
96169,11.525
96170,11.105
96171,11.915
96172,13.755
96173,10.8
96174,8.62
96175,9.9
96176,16.575
96177,14.235
96178,11.805
96179,11.9
96180,10.4
96181,9.45
96182,11.79
96183,11.58
96184,10.975
96185,7.43
96186,17.615
96187,10.085
96188,9.665
96189,13.28
96190,14.7
96191,12.23
96192,5.765
96193,8.13
96194,15.125
96195,13.22
96196,10.255
96197,6.86
96198,3.875
96199,10.5
96200,10.99
96201,10.67
96202,9.435
96203,11.375
96204,11.075
96205,10.62
96206,9.115
96207,11.81
96208,4.96
96209,11.7
96210,4.945
96211,12.015
96212,20.395
96213,9.135
96214,9.11
96215,8.065
96216,11.16
96217,6.175
96218,14.115
96219,7.16
96220,8.545
96221,17.49
96222,12.405
96223,14.205
96224,13.02
96225,7.625
96226,6.6
96227,10.655
96228,9.57
96229,14.94
96230,10.135
96231,6.645
96232,7.57
96233,12.7
96234,10.575
96235,10.53
96236,12.115
96237,4.985
96238,13.935
96239,7.745
96240,6.935
96241,10.41
96242,9.665
96243,8.76
96244,13.995
96245,11.89
96246,8.685
96247,14.62
96248,11.765
96249,12.36
96250,11.24
96251,8.955
96252,7.945
96253,8.795
96254,11.53
96255,7.115
96256,6.475
96257,11.03
96258,6.72
96259,6.93
96260,10.205
96261,8.175
96262,19.855
96263,12.525
96264,10.205
96265,10.005
96266,10.53
96267,5.71
96268,12.99
96269,6.145
96270,5.335
96271,9.62
96272,10.23
96273,13.21
96274,5.15
96275,12.035
96276,16.25
96277,11.075
96278,9.125
96279,7.485
96280,13.21
96281,9.945
96282,10.055
96283,9.535
96284,12.345
96285,9.87
96286,11.835
96287,10.97
96288,9.505
96289,6.22
96290,8.455
96291,8.82
96292,7.365
96293,10.025
96294,12.01
96295,7.4
96296,10.1
96297,9.97
96298,10.255
96299,11.015
96300,9.74
96301,12.69
96302,15.85
96303,10.9
96304,9.74
96305,12.3
96306,9.61
96307,11.3
96308,6.685
96309,14.08
96310,9.07
96311,8.53
96312,9.88
96313,9.31
96314,11.95
96315,9.355
96316,7.905
96317,11.11
96318,9.99
96319,11.51
96320,10.78
96321,9.035
96322,9.265
96323,10.385
96324,8.265
96325,10.39
96326,11.73
96327,7.995
96328,9.685
96329,6.605
96330,9.09
96331,8.365
96332,18.74
96333,5.945
96334,10.23
96335,10.29
96336,7.225
96337,6.97
96338,10.765
96339,13.355
96340,9.045
96341,10.24
96342,8.75
96343,6.64
96344,11.535
96345,10.815
96346,8.315
96347,9.735
96348,8.77
96349,10.8
96350,6.71
96351,7.425
96352,10.58
96353,8.92
96354,11.375
96355,6.465
96356,7.32
96357,10.555
96358,10.72
96359,13.79
96360,12.33
96361,9.685
96362,9.325
96363,7.13
96364,9.21
96365,6.06
96366,14.195
96367,9.145
96368,6.79
96369,13.245
96370,5.605
96371,11.84
96372,7.62
96373,8.33
96374,14.71
96375,7.635
96376,4.93
96377,10.63
96378,8.84
96379,10.52
96380,7.785
96381,6.635
96382,10.735
96383,14.585
96384,8.27
96385,9.7
96386,6.555
96387,10.365
96388,10.35
96389,9.24
96390,6.935
96391,13.465
96392,7.89
96393,10.41
96394,10.1
96395,9.445
96396,11.48
96397,11.36
96398,7.935
96399,8.15
96400,11.945
96401,7.88
96402,14.235
96403,9.88
96404,14.08
96405,10.23
96406,10.325
96407,9.84
96408,9.385
96409,10.815
96410,10.36
96411,8.66
96412,13.035
96413,10.805
96414,9.065
96415,11.19
96416,11.13
96417,10.435
96418,8.54
96419,8.565
96420,10.905
96421,10.75
96422,11.1
96423,7.495
96424,9.175
96425,9.505
96426,7.98
96427,8.785
96428,12.605
96429,10.995
96430,12.045
96431,10.95
96432,10.36
96433,10.765
96434,8.995
96435,10.84
96436,11.895
96437,12.63
96438,10.93
96439,6.87
96440,11.27
96441,6.765
96442,9.065
96443,6.64
96444,21.16
96445,10.875
96446,11.82
96447,11.805
96448,9.62
96449,13.48
96450,12.585
96451,10.565
96452,13.64
96453,17.025
96454,12.43
96455,13.96
96456,10.835
96457,8.37
96458,9.85
96459,11.38
96460,3.95
96461,6.445
96462,12.705
96463,10.63
96464,8.14
96465,9.82
96466,9.295
96467,9.785
96468,6.91
96469,10.05
96470,15.675
96471,10.92
96472,9.68
96473,8.86
96474,11.99
96475,10.11
96476,16.2
96477,14.74
96478,11.895
96479,6.335
96480,4.84
96481,10.18
96482,10.24
96483,6.76
96484,9.905
96485,11.265
96486,11.085
96487,11.285
96488,11.81
96489,11.22
96490,13.655
96491,10.3
96492,4.1
96493,15.11
96494,9.18
96495,10.855
96496,9.335
96497,10.33
96498,10.495
96499,9.18
96500,11.7
96501,9.565
96502,12.175
96503,9.915
96504,11.38
96505,8.07
96506,15.195
96507,11.03
96508,9.285
96509,6.365
96510,10.655
96511,8.435
96512,6.54
96513,13.64
96514,14.19
96515,11.235
96516,6.9
96517,6.525
96518,11.8
96519,9.835
96520,11.455
96521,6.985
96522,11.735
96523,11.075
96524,12.975
96525,6.925
96526,9.375
96527,13.415
96528,8.635
96529,7.84
96530,10.97
96531,15.28
96532,7.95
96533,10.85
96534,5.905
96535,10.165
96536,15.98
96537,11.025
96538,11.47
96539,6.14
96540,11.95
96541,7.98
96542,10.935
96543,12.245
96544,12.595
96545,15.695
96546,8.025
96547,9.54
96548,18.18
96549,15.835
96550,6.54
96551,16.26
96552,10.57
96553,7.565
96554,9.69
96555,5.325
96556,7.12
96557,7.975
96558,11.34
96559,4.595
96560,10.165
96561,13.425
96562,11.04
96563,6.565
96564,10.735
96565,14.945
96566,9.585
96567,13.215
96568,12.46
96569,8.91
96570,9.495
96571,9.06
96572,10.15
96573,15.9
96574,9.09
96575,11.305
96576,10.99
96577,6.955
96578,12.475
96579,7.68
96580,9.93
96581,9.565
96582,15.52
96583,10.585
96584,10.22
96585,6.595
96586,8.215
96587,9.305
96588,9.435
96589,10.11
96590,9.015
96591,9.615
96592,7.89
96593,9.245
96594,10.765
96595,5.09
96596,9.85
96597,6.65
96598,10.69
96599,10.415
96600,14.325
96601,10.095
96602,7.49
96603,12.5
96604,9.165
96605,12.29
96606,9.17
96607,11.34
96608,8.57
96609,11.475
96610,10.93
96611,11.66
96612,8.655
96613,9.485
96614,16.17
96615,13.81
96616,11.6
96617,11.34
96618,9.69
96619,9.905
96620,11.04
96621,9.13
96622,14.215
96623,9.225
96624,7.585
96625,8.465
96626,15.09
96627,9.5
96628,14.345
96629,11.595
96630,11.27
96631,13.04
96632,7.52
96633,11.895
96634,10.435
96635,9.84
96636,8.27
96637,9.33
96638,9.725
96639,11.045
96640,6.83
96641,12.035
96642,10.935
96643,13.01
96644,9.695
96645,8.095
96646,6.88
96647,10.845
96648,9.435
96649,6.715
96650,9.58
96651,11.905
96652,11.645
96653,13.29
96654,9.125
96655,7.525
96656,9.495
96657,9.915
96658,15.195
96659,4.165
96660,11.33
96661,16.625
96662,12.97
96663,12.05
96664,17.895
96665,10.725
96666,15.465
96667,9.405
96668,9.61
96669,10.565
96670,6.515
96671,7.865
96672,7.52
96673,7.62
96674,4.585
96675,11.125
96676,9.945
96677,7.27
96678,10.15
96679,6.95
96680,10.95
96681,8.19
96682,6.685
96683,13.715
96684,9.455
96685,7.87
96686,10.4
96687,7.54
96688,7.27
96689,8.115
96690,11.455
96691,8.63
96692,19.165
96693,11.555
96694,7.415
96695,10.55
96696,14.395
96697,11.18
96698,9.74
96699,9.675
96700,10.26
96701,8.045
96702,7.095
96703,9.39
96704,14.3
96705,10.7
96706,14.375
96707,9.69
96708,11.05
96709,8.455
96710,16.825
96711,11.29
96712,10.015
96713,8.785
96714,9.665
96715,8.955
96716,7.285
96717,5.49
96718,10.21
96719,9.97
96720,9.225
96721,7.49
96722,8.98
96723,14.195
96724,10.135
96725,11.11
96726,14.945
96727,9.005
96728,8.165
96729,8.935
96730,12.16
96731,10.42
96732,6.495
96733,7.34
96734,5.64
96735,6.25
96736,10.555
96737,10.06
96738,11.605
96739,6.89
96740,9.445
96741,7.795
96742,9.53
96743,6.715
96744,16.78
96745,8.255
96746,8.18
96747,11.495
96748,9.91
96749,15.445
96750,10.255
96751,6.98
96752,9.31
96753,10.25
96754,6.78
96755,11.03
96756,9.325
96757,10.935
96758,13.055
96759,11.005
96760,7.05
96761,4.655
96762,7.295
96763,9.935
96764,18.25
96765,8.93
96766,12.67
96767,10.3
96768,6.815
96769,3.96
96770,7.775
96771,8.02
96772,12.31
96773,15.035
96774,14.685
96775,6.745
96776,9.445
96777,10.105
96778,7.82
96779,6.215
96780,9.67
96781,6.975
96782,10.975
96783,9.955
96784,6.945
96785,10.79
96786,11.485
96787,15.05
96788,10.6
96789,8.51
96790,7.49
96791,10.495
96792,12.85
96793,7.35
96794,5.48
96795,8.505
96796,8.905
96797,8.71
96798,8.185
96799,9.17
96800,7.955
96801,12.265
96802,7.905
96803,10.055
96804,16.93
96805,10.7
96806,10.49
96807,9.735
96808,7.155
96809,8.07
96810,11.39
96811,5.785
96812,7.12
96813,10.56
96814,12.47
96815,5.54
96816,9.845
96817,11.22
96818,8.495
96819,13.725
96820,6.71
96821,5.82
96822,3.76
96823,14.285
96824,8.465
96825,11.355
96826,5.825
96827,17.38
96828,14.77
96829,8.605
96830,9.86
96831,5.875
96832,7.74
96833,6.82
96834,11.655
96835,11.04
96836,8.245
96837,8.805
96838,6.945
96839,9.23
96840,10.08
96841,10.515
96842,7.33
96843,7.995
96844,6.73
96845,10.65
96846,6.79
96847,10.785
96848,5.595
96849,10.62
96850,8.865
96851,10.98
96852,8.82
96853,9.265
96854,9.76
96855,5.985
96856,9.425
96857,13.625
96858,9.975
96859,12.045
96860,9.315
96861,10.8
96862,14.105
96863,10.77
96864,8.77
96865,11.575
96866,8.855
96867,15.455
96868,4.34
96869,14.06
96870,14.03
96871,4.265
96872,9.75
96873,14.87
96874,10.5
96875,13.09
96876,8.37
96877,12.045
96878,14.26
96879,6.595
96880,10.855
96881,9.14
96882,11.16
96883,12.335
96884,7.02
96885,9.295
96886,10.55
96887,13.25
96888,9.61
96889,4.76
96890,6.665
96891,12.145
96892,11.005
96893,11.41
96894,9.06
96895,10.29
96896,8.3
96897,13.83
96898,10.595
96899,13.235
96900,5.25
96901,9.375
96902,12.13
96903,12.215
96904,9.13
96905,5.8
96906,9.08
96907,14.295
96908,10.855
96909,11.375
96910,11.805
96911,10.585
96912,11.575
96913,9.245
96914,9.08
96915,6.85
96916,13.19
96917,12.805
96918,7.29
96919,9.96
96920,6.86
96921,8.315
96922,4.89
96923,9.355
96924,6.78
96925,8.99
96926,12.545
96927,13.065
96928,3.63
96929,9.685
96930,10.005
96931,8.47
96932,11.24
96933,10.95
96934,6.87
96935,16.12
96936,12.35
96937,7.74
96938,14.68
96939,12.165
96940,9.245
96941,10.395
96942,9.34
96943,11.935
96944,8.085
96945,9.01
96946,14.89
96947,15.79
96948,7.03
96949,5.665
96950,11.04
96951,10.68
96952,13.515
96953,12.36
96954,12.635
96955,15.38
96956,7.25
96957,11.985
96958,7.65
96959,10.065
96960,5.65
96961,9.74
96962,13.405
96963,12.685
96964,11.15
96965,12.21
96966,6.625
96967,5.28
96968,11.79
96969,8.49
96970,6.99
96971,10.44
96972,6.335
96973,9.77
96974,7.395
96975,9.81
96976,7.035
96977,5.495
96978,15.89
96979,5.17
96980,9.42
96981,9.745
96982,10.115
96983,9.495
96984,8.785
96985,10.355
96986,6.6
96987,12.71
96988,15.245
96989,11.2
96990,9.975
96991,8.645
96992,12.525
96993,5.98
96994,9.185
96995,12.23
96996,17.16
96997,8.07
96998,11.175
96999,9.485
97000,14.22
97001,8.725
97002,12.8
97003,11.815
97004,10.035
97005,11.87
97006,12.085
97007,13.645
97008,10.6
97009,9.58
97010,6.795
97011,11.085
97012,11.625
97013,9.615
97014,14.01
97015,12.35
97016,12.235
97017,10.385
97018,7.34
97019,8.545
97020,12.26
97021,10.31
97022,4.69
97023,13.625
97024,9.235
97025,9.39
97026,6.715
97027,9.465
97028,11.625
97029,13.235
97030,9.795
97031,10.105
97032,11.61
97033,10.985
97034,12.335
97035,9.415
97036,12.245
97037,9.935
97038,9.545
97039,7.07
97040,9.235
97041,21.775
97042,9.445
97043,10.68
97044,8.42
97045,6.92
97046,13.48
97047,9.9
97048,8.34
97049,9.32
97050,10.615
97051,11.72
97052,19.295
97053,8.43
97054,9.18
97055,14.05
97056,9.34
97057,14.81
97058,14.435
97059,9.405
97060,16.47
97061,10.345
97062,7.18
97063,5.81
97064,6.74
97065,7.01
97066,8.945
97067,6.77
97068,9.0
97069,11.335
97070,7.0
97071,7.465
97072,11.985
97073,11.02
97074,6.795
97075,8.37
97076,10.515
97077,16.22
97078,8.235
97079,9.91
97080,9.125
97081,5.85
97082,16.98
97083,9.885
97084,11.13
97085,8.05
97086,14.105
97087,8.905
97088,9.815
97089,12.21
97090,13.53
97091,11.035
97092,11.11
97093,15.81
97094,8.14
97095,8.53
97096,11.26
97097,5.55
97098,6.66
97099,10.325
97100,9.3
97101,5.745
97102,10.36
97103,11.18
97104,15.35
97105,9.725
97106,12.24
97107,8.995
97108,8.17
97109,9.405
97110,11.825
97111,10.34
97112,14.465
97113,12.105
97114,3.98
97115,10.925
97116,11.48
97117,6.32
97118,10.6
97119,10.35
97120,6.88
97121,10.44
97122,11.825
97123,9.31
97124,10.85
97125,9.465
97126,13.135
97127,10.3
97128,7.5
97129,10.72
97130,8.97
97131,9.635
97132,11.77
97133,11.19
97134,9.13
97135,10.105
97136,3.775
97137,6.98
97138,9.385
97139,10.595
97140,7.4
97141,9.48
97142,10.11
97143,9.7
97144,10.3
97145,9.525
97146,10.165
97147,9.37
97148,4.875
97149,11.255
97150,6.795
97151,12.15
97152,10.175
97153,11.96
97154,7.605
97155,13.115
97156,9.395
97157,12.37
97158,8.32
97159,10.56
97160,6.35
97161,12.575
97162,11.21
97163,8.375
97164,10.775
97165,9.34
97166,7.445
97167,7.795
97168,14.415
97169,8.825
97170,9.99
97171,11.305
97172,9.68
97173,9.47
97174,12.355
97175,8.335
97176,9.925
97177,9.06
97178,10.44
97179,8.04
97180,6.655
97181,6.265
97182,10.64
97183,8.045
97184,7.605
97185,11.04
97186,10.66
97187,11.515
97188,9.42
97189,10.71
97190,16.155
97191,13.31
97192,9.745
97193,8.925
97194,10.91
97195,9.11
97196,5.72
97197,7.93
97198,5.57
97199,7.7
97200,19.345
97201,11.715
97202,13.06
97203,9.825
97204,9.815
97205,10.905
97206,13.545
97207,11.71
97208,10.315
97209,10.645
97210,10.54
97211,8.62
97212,7.215
97213,11.195
97214,13.905
97215,11.67
97216,12.915
97217,11.89
97218,4.995
97219,9.985
97220,9.79
97221,9.395
97222,12.72
97223,8.74
97224,11.75
97225,12.89
97226,12.415
97227,5.015
97228,13.68
97229,9.215
97230,5.135
97231,10.335
97232,8.37
97233,11.995
97234,10.245
97235,8.14
97236,6.915
97237,11.26
97238,12.575
97239,8.995
97240,9.35
97241,10.85
97242,11.735
97243,9.59
97244,8.94
97245,10.235
97246,8.23
97247,4.62
97248,9.2
97249,9.3
97250,7.565
97251,8.44
97252,9.865
97253,9.345
97254,19.65
97255,8.66
97256,9.505
97257,8.125
97258,10.31
97259,8.74
97260,15.195
97261,12.01
97262,6.31
97263,11.3
97264,11.545
97265,10.485
97266,11.145
97267,8.85
97268,8.53
97269,10.2
97270,10.41
97271,5.725
97272,6.79
97273,8.995
97274,10.91
97275,11.19
97276,10.655
97277,10.25
97278,17.75
97279,4.06
97280,7.915
97281,12.145
97282,10.81
97283,11.805
97284,9.675
97285,13.935
97286,10.78
97287,6.92
97288,12.695
97289,11.89
97290,12.025
97291,8.15
97292,7.12
97293,9.03
97294,10.37
97295,12.98
97296,8.14
97297,9.385
97298,7.005
97299,10.62
97300,6.91
97301,4.375
97302,6.18
97303,8.115
97304,9.895
97305,6.94
97306,11.64
97307,6.54
97308,11.94
97309,12.31
97310,9.19
97311,10.735
97312,11.675
97313,11.02
97314,14.435
97315,6.935
97316,7.995
97317,10.285
97318,12.32
97319,11.84
97320,14.195
97321,7.955
97322,10.605
97323,4.585
97324,11.93
97325,13.115
97326,10.415
97327,6.895
97328,10.485
97329,9.24
97330,7.165
97331,15.135
97332,9.115
97333,5.8
97334,6.89
97335,15.95
97336,13.905
97337,10.96
97338,11.165
97339,4.88
97340,7.065
97341,8.78
97342,10.94
97343,10.245
97344,8.995
97345,10.24
97346,10.64
97347,9.48
97348,10.755
97349,3.915
97350,8.105
97351,12.425
97352,16.735
97353,6.7
97354,13.1
97355,6.86
97356,15.66
97357,18.36
97358,10.865
97359,10.015
97360,16.09
97361,13.07
97362,7.505
97363,9.8
97364,10.7
97365,11.28
97366,9.86
97367,15.63
97368,10.505
97369,15.69
97370,10.955
97371,10.955
97372,10.735
97373,10.59
97374,13.625
97375,15.1
97376,4.66
97377,8.38
97378,5.06
97379,9.615
97380,8.03
97381,9.065
97382,9.54
97383,12.665
97384,7.655
97385,10.46
97386,7.21
97387,6.805
97388,6.68
97389,9.52
97390,10.25
97391,7.37
97392,8.46
97393,8.375
97394,11.475
97395,12.345
97396,9.78
97397,10.43
97398,7.21
97399,11.265
97400,7.045
97401,8.985
97402,5.415
97403,10.305
97404,7.185
97405,8.95
97406,11.905
97407,13.58
97408,9.095
97409,9.755
97410,10.95
97411,10.635
97412,16.63
97413,5.135
97414,18.68
97415,8.755
97416,10.395
97417,7.51
97418,9.425
97419,6.51
97420,11.955
97421,11.205
97422,5.825
97423,15.725
97424,10.3
97425,9.48
97426,11.85
97427,6.725
97428,10.53
97429,12.005
97430,8.635
97431,6.025
97432,7.03
97433,12.05
97434,8.33
97435,10.635
97436,11.445
97437,10.165
97438,10.475
97439,9.305
97440,11.37
97441,12.53
97442,9.01
97443,12.65
97444,12.82
97445,9.615
97446,14.15
97447,12.655
97448,10.275
97449,12.07
97450,9.105
97451,6.915
97452,6.805
97453,9.145
97454,8.215
97455,8.12
97456,10.765
97457,9.975
97458,11.815
97459,15.415
97460,8.175
97461,9.285
97462,12.585
97463,6.925
97464,10.74
97465,9.465
97466,6.61
97467,13.88
97468,9.925
97469,12.8
97470,17.37
97471,10.195
97472,15.345
97473,11.325
97474,12.0
97475,8.585
97476,13.785
97477,8.54
97478,10.48
97479,7.075
97480,9.235
97481,12.505
97482,6.78
97483,11.78
97484,14.535
97485,5.105
97486,9.19
97487,11.73
97488,11.385
97489,8.815
97490,17.71
97491,11.815
97492,4.01
97493,5.735
97494,10.59
97495,15.205
97496,10.04
97497,10.59
97498,6.77
97499,6.275
97500,7.775
97501,11.255
97502,10.805
97503,10.25
97504,12.795
97505,10.385
97506,6.82
97507,7.055
97508,13.69
97509,11.795
97510,12.88
97511,9.11
97512,10.06
97513,13.925
97514,6.885
97515,6.765
97516,12.08
97517,6.615
97518,11.5
97519,9.87
97520,15.285
97521,7.455
97522,8.635
97523,10.33
97524,6.82
97525,10.69
97526,6.32
97527,4.81
97528,8.505
97529,12.855
97530,11.3
97531,10.55
97532,6.78
97533,6.05
97534,11.255
97535,8.17
97536,13.21
97537,7.065
97538,8.33
97539,10.65
97540,13.735
97541,11.18
97542,8.93
97543,8.015
97544,8.81
97545,12.025
97546,10.635
97547,8.47
97548,10.025
97549,6.965
97550,10.69
97551,10.415
97552,9.56
97553,8.045
97554,10.975
97555,9.39
97556,9.67
97557,6.58
97558,14.23
97559,13.58
97560,9.955
97561,9.6
97562,8.345
97563,7.76
97564,14.87
97565,5.57
97566,12.205
97567,9.82
97568,9.235
97569,12.195
97570,10.45
97571,9.515
97572,8.94
97573,12.5
97574,3.95
97575,9.47
97576,9.745
97577,13.48
97578,7.065
97579,15.16
97580,5.32
97581,11.16
97582,9.65
97583,11.21
97584,5.15
97585,9.28
97586,10.82
97587,13.94
97588,9.47
97589,13.545
97590,11.64
97591,13.67
97592,12.27
97593,10.795
97594,16.14
97595,10.825
97596,13.025
97597,13.72
97598,12.33
97599,7.775
97600,7.94
97601,17.87
97602,11.735
97603,10.835
97604,6.71
97605,7.885
97606,6.115
97607,10.42
97608,10.615
97609,10.46
97610,13.95
97611,11.4
97612,9.19
97613,13.365
97614,13.79
97615,8.69
97616,14.635
97617,15.56
97618,8.1
97619,8.575
97620,11.575
97621,8.955
97622,8.91
97623,11.09
97624,7.05
97625,10.095
97626,13.42
97627,9.615
97628,10.79
97629,6.555
97630,9.15
97631,10.285
97632,9.355
97633,10.25
97634,6.635
97635,3.85
97636,9.47
97637,3.84
97638,8.1
97639,6.615
97640,9.405
97641,7.85
97642,10.32
97643,7.085
97644,12.48
97645,17.675
97646,10.45
97647,8.79
97648,10.345
97649,12.245
97650,12.59
97651,10.115
97652,10.815
97653,7.295
97654,4.665
97655,8.065
97656,11.595
97657,6.92
97658,12.325
97659,7.245
97660,10.1
97661,11.525
97662,9.035
97663,15.365
97664,12.61
97665,5.8
97666,8.515
97667,7.775
97668,8.18
97669,8.015
97670,13.525
97671,8.245
97672,9.725
97673,10.66
97674,11.49
97675,12.7
97676,7.8
97677,8.975
97678,11.635
97679,7.86
97680,12.725
97681,13.035
97682,7.3
97683,10.695
97684,9.405
97685,11.245
97686,8.93
97687,9.025
97688,8.66
97689,8.85
97690,6.955
97691,10.455
97692,11.13
97693,7.27
97694,9.54
97695,10.97
97696,8.065
97697,9.16
97698,9.835
97699,9.305
97700,10.35
97701,9.135
97702,11.32
97703,10.685
97704,13.5
97705,13.035
97706,15.94
97707,7.67
97708,6.82
97709,6.775
97710,11.58
97711,10.825
97712,12.135
97713,7.27
97714,13.465
97715,11.73
97716,8.875
97717,10.845
97718,9.71
97719,17.385
97720,10.865
97721,9.64
97722,7.265
97723,6.745
97724,6.11
97725,10.81
97726,9.54
97727,8.575
97728,10.295
97729,8.36
97730,6.48
97731,10.665
97732,12.555
97733,15.65
97734,10.63
97735,10.41
97736,9.49
97737,10.11
97738,6.375
97739,10.465
97740,7.825
97741,10.445
97742,13.445
97743,11.245
97744,14.11
97745,11.755
97746,11.46
97747,5.4
97748,9.6
97749,10.02
97750,8.02
97751,14.61
97752,9.675
97753,9.985
97754,9.57
97755,15.005
97756,8.31
97757,8.405
97758,11.075
97759,8.785
97760,11.205
97761,10.64
97762,7.95
97763,11.585
97764,18.495
97765,7.035
97766,11.875
97767,7.185
97768,12.53
97769,7.405
97770,10.995
97771,3.835
97772,9.33
97773,10.585
97774,17.455
97775,5.09
97776,10.785
97777,11.98
97778,11.02
97779,10.625
97780,7.19
97781,6.875
97782,13.855
97783,10.53
97784,10.18
97785,9.58
97786,9.625
97787,9.445
97788,11.55
97789,10.215
97790,5.985
97791,8.74
97792,12.93
97793,9.52
97794,11.86
97795,13.33
97796,5.975
97797,8.89
97798,8.435
97799,14.785
97800,7.375
97801,10.5
97802,10.9
97803,12.125
97804,13.735
97805,11.03
97806,10.635
97807,13.19
97808,9.165
97809,11.445
97810,5.945
97811,14.725
97812,10.855
97813,13.02
97814,8.58
97815,9.175
97816,10.865
97817,10.975
97818,3.905
97819,7.7
97820,7.115
97821,9.39
97822,10.765
97823,14.515
97824,12.07
97825,10.505
97826,8.225
97827,12.74
97828,7.45
97829,9.545
97830,16.115
97831,6.8
97832,10.39
97833,6.47
97834,7.04
97835,14.86
97836,7.825
97837,8.77
97838,14.32
97839,8.065
97840,11.03
97841,6.84
97842,7.895
97843,10.74
97844,7.885
97845,8.75
97846,12.175
97847,12.545
97848,10.27
97849,8.7
97850,12.37
97851,6.275
97852,5.61
97853,6.9
97854,9.375
97855,6.785
97856,15.0
97857,10.99
97858,9.5
97859,8.78
97860,14.4
97861,15.655
97862,10.815
97863,9.395
97864,10.73
97865,9.465
97866,10.685
97867,13.955
97868,13.03
97869,13.92
97870,8.635
97871,8.67
97872,11.675
97873,10.99
97874,7.365
97875,16.78
97876,14.77
97877,7.015
97878,10.505
97879,9.71
97880,9.13
97881,8.86
97882,12.12
97883,10.115
97884,7.965
97885,13.055
97886,10.685
97887,9.385
97888,11.685
97889,13.315
97890,6.75
97891,12.18
97892,5.635
97893,10.85
97894,9.735
97895,8.28
97896,11.07
97897,10.67
97898,14.655
97899,12.705
97900,11.145
97901,9.53
97902,14.175
97903,6.83
97904,9.99
97905,12.39
97906,4.165
97907,7.82
97908,8.285
97909,6.69
97910,10.695
97911,13.845
97912,13.025
97913,10.235
97914,13.145
97915,8.455
97916,5.795
97917,11.565
97918,14.22
97919,11.45
97920,13.75
97921,7.775
97922,7.76
97923,10.355
97924,10.77
97925,6.09
97926,9.665
97927,8.615
97928,10.115
97929,7.11
97930,8.985
97931,5.345
97932,18.075
97933,10.05
97934,11.205
97935,14.095
97936,10.235
97937,5.22
97938,13.125
97939,7.8
97940,9.09
97941,10.31
97942,7.74
97943,9.53
97944,11.76
97945,8.73
97946,6.18
97947,12.05
97948,11.44
97949,9.515
97950,6.69
97951,12.47
97952,11.22
97953,14.075
97954,10.23
97955,10.21
97956,9.915
97957,10.975
97958,9.585
97959,11.805
97960,12.85
97961,8.635
97962,10.45
97963,7.27
97964,11.805
97965,11.615
97966,10.285
97967,8.99
97968,7.21
97969,6.855
97970,13.675
97971,9.485
97972,6.815
97973,10.44
97974,13.465
97975,7.155
97976,13.325
97977,15.835
97978,9.835
97979,14.01
97980,6.47
97981,9.985
97982,7.955
97983,9.375
97984,6.355
97985,10.865
97986,10.89
97987,12.39
97988,6.49
97989,8.15
97990,18.17
97991,10.815
97992,16.52
97993,11.07
97994,16.28
97995,7.345
97996,10.005
97997,9.675
97998,11.49
97999,10.85
98000,10.305
98001,11.04
98002,7.805
98003,12.5
98004,4.855
98005,10.995
98006,11.995
98007,5.655
98008,11.205
98009,6.46
98010,12.07
98011,10.565
98012,14.415
98013,9.875
98014,12.85
98015,9.43
98016,6.995
98017,14.48
98018,9.845
98019,6.98
98020,4.295
98021,9.0
98022,10.38
98023,14.755
98024,7.845
98025,9.885
98026,8.57
98027,10.845
98028,11.235
98029,11.045
98030,9.93
98031,15.14
98032,8.725
98033,17.535
98034,10.61
98035,16.705
98036,15.12
98037,10.35
98038,8.115
98039,11.72
98040,9.715
98041,11.63
98042,13.535
98043,10.965
98044,11.24
98045,9.525
98046,7.85
98047,8.035
98048,9.33
98049,11.31
98050,9.355
98051,11.2
98052,9.73
98053,10.785
98054,6.94
98055,6.435
98056,13.975
98057,13.675
98058,4.725
98059,10.34
98060,5.565
98061,6.53
98062,8.005
98063,6.525
98064,9.04
98065,13.35
98066,9.87
98067,18.14
98068,7.675
98069,11.055
98070,9.955
98071,9.93
98072,8.05
98073,9.045
98074,9.715
98075,12.585
98076,10.22
98077,13.445
98078,6.89
98079,9.74
98080,11.875
98081,6.715
98082,9.54
98083,11.095
98084,10.475
98085,5.51
98086,12.335
98087,11.44
98088,4.97
98089,6.575
98090,13.14
98091,12.745
98092,8.17
98093,17.545
98094,7.145
98095,6.705
98096,14.445
98097,8.6
98098,11.18
98099,7.085
98100,9.2
98101,8.735
98102,10.08
98103,11.56
98104,13.49
98105,9.36
98106,9.04
98107,6.375
98108,6.915
98109,9.18
98110,10.62
98111,13.885
98112,10.81
98113,10.585
98114,11.52
98115,10.61
98116,11.615
98117,13.785
98118,10.795
98119,12.52
98120,13.055
98121,8.695
98122,14.235
98123,8.87
98124,15.275
98125,8.13
98126,10.94
98127,10.03
98128,10.11
98129,13.535
98130,17.84
98131,5.905
98132,10.13
98133,14.745
98134,11.085
98135,11.5
98136,9.625
98137,5.355
98138,7.435
98139,7.38
98140,12.12
98141,8.7
98142,6.795
98143,8.94
98144,8.905
98145,8.755
98146,9.16
98147,8.23
98148,13.185
98149,14.405
98150,15.355
98151,11.15
98152,16.8
98153,10.985
98154,11.785
98155,9.465
98156,10.955
98157,11.8
98158,13.515
98159,9.33
98160,13.24
98161,10.07
98162,6.79
98163,9.97
98164,11.75
98165,12.18
98166,8.86
98167,12.77
98168,17.515
98169,14.11
98170,11.065
98171,12.14
98172,13.995
98173,7.595
98174,17.18
98175,6.01
98176,9.885
98177,9.51
98178,11.285
98179,11.41
98180,9.685
98181,10.22
98182,10.715
98183,12.995
98184,12.87
98185,13.025
98186,10.82
98187,9.885
98188,16.365
98189,17.3
98190,10.375
98191,6.575
98192,10.495
98193,6.045
98194,12.075
98195,4.86
98196,15.35
98197,5.17
98198,8.49
98199,6.835
98200,8.845
98201,10.885
98202,9.845
98203,10.185
98204,6.665
98205,9.205
98206,11.97
98207,9.31
98208,10.83
98209,8.36
98210,8.02
98211,10.565
98212,9.46
98213,8.83
98214,7.97
98215,7.88
98216,9.395
98217,8.46
98218,16.42
98219,6.665
98220,8.375
98221,10.425
98222,9.7
98223,11.94
98224,11.19
98225,11.075
98226,5.835
98227,11.49
98228,10.505
98229,5.34
98230,8.68
98231,7.28
98232,4.19
98233,8.22
98234,12.155
98235,14.42
98236,9.06
98237,8.305
98238,14.785
98239,9.59
98240,11.645
98241,8.595
98242,6.88
98243,11.71
98244,9.395
98245,16.485
98246,19.22
98247,9.745
98248,9.25
98249,8.28
98250,7.585
98251,8.005
98252,10.395
98253,3.805
98254,10.955
98255,11.815
98256,10.89
98257,12.85
98258,12.425
98259,9.945
98260,8.195
98261,15.065
98262,7.845
98263,10.315
98264,8.74
98265,9.665
98266,15.115
98267,8.33
98268,10.67
98269,7.085
98270,8.185
98271,18.26
98272,11.97
98273,11.575
98274,9.755
98275,14.885
98276,9.805
98277,9.72
98278,15.425
98279,9.14
98280,9.25
98281,9.01
98282,6.45
98283,17.435
98284,10.635
98285,9.505
98286,10.53
98287,10.235
98288,10.5
98289,6.585
98290,8.1
98291,14.335
98292,9.12
98293,8.05
98294,9.79
98295,12.655
98296,10.775
98297,16.14
98298,10.46
98299,11.07
98300,11.475
98301,10.525
98302,16.275
98303,8.935
98304,9.185
98305,4.965
98306,8.735
98307,9.88
98308,6.52
98309,15.04
98310,6.16
98311,10.37
98312,5.395
98313,6.475
98314,7.23
98315,9.46
98316,12.205
98317,7.015
98318,12.345
98319,17.735
98320,7.39
98321,6.695
98322,12.27
98323,9.085
98324,11.385
98325,7.14
98326,6.55
98327,13.675
98328,9.6
98329,13.505
98330,10.265
98331,6.84
98332,11.405
98333,9.565
98334,11.2
98335,9.135
98336,11.01
98337,13.15
98338,7.065
98339,12.695
98340,6.77
98341,11.235
98342,14.375
98343,6.89
98344,9.755
98345,7.74
98346,12.47
98347,11.475
98348,9.135
98349,4.905
98350,10.34
98351,6.895
98352,10.3
98353,8.47
98354,8.81
98355,10.995
98356,10.06
98357,10.575
98358,10.915
98359,11.88
98360,10.315
98361,9.515
98362,10.075
98363,9.67
98364,8.275
98365,9.95
98366,13.29
98367,13.745
98368,9.995
98369,13.535
98370,11.365
98371,11.145
98372,10.87
98373,12.475
98374,7.235
98375,10.205
98376,8.92
98377,12.195
98378,9.98
98379,9.835
98380,5.145
98381,11.745
98382,7.3
98383,5.47
98384,10.43
98385,11.275
98386,15.34
98387,14.25
98388,11.295
98389,16.47
98390,5.255
98391,12.34
98392,5.815
98393,7.9
98394,12.685
98395,6.09
98396,9.025
98397,7.975
98398,5.965
98399,6.245
98400,10.195
98401,4.915
98402,7.065
98403,12.835
98404,10.26
98405,9.95
98406,14.97
98407,5.85
98408,10.39
98409,9.755
98410,9.98
98411,10.315
98412,14.14
98413,10.2
98414,14.105
98415,12.33
98416,11.76
98417,14.35
98418,8.29
98419,8.86
98420,10.485
98421,8.16
98422,11.495
98423,7.665
98424,7.0
98425,11.665
98426,16.045
98427,12.045
98428,12.13
98429,11.84
98430,11.275
98431,10.91
98432,6.735
98433,12.27
98434,8.795
98435,11.03
98436,9.51
98437,9.82
98438,8.49
98439,4.04
98440,7.495
98441,10.32
98442,13.66
98443,8.805
98444,10.83
98445,13.365
98446,10.405
98447,10.29
98448,11.24
98449,4.385
98450,11.68
98451,8.805
98452,6.36
98453,12.17
98454,9.335
98455,6.945
98456,8.885
98457,13.46
98458,8.26
98459,15.05
98460,13.125
98461,10.085
98462,8.48
98463,6.735
98464,15.165
98465,5.995
98466,12.355
98467,6.8
98468,9.65
98469,9.515
98470,9.76
98471,7.955
98472,5.805
98473,7.265
98474,5.615
98475,11.505
98476,11.45
98477,11.09
98478,7.77
98479,10.025
98480,9.125
98481,8.47
98482,7.79
98483,9.72
98484,12.43
98485,9.105
98486,11.375
98487,14.835
98488,11.875
98489,10.875
98490,11.535
98491,7.02
98492,10.4
98493,11.06
98494,5.305
98495,12.15
98496,10.355
98497,10.065
98498,9.59
98499,9.665
98500,8.315
98501,6.74
98502,14.685
98503,6.665
98504,14.575
98505,4.9
98506,7.365
98507,12.73
98508,13.805
98509,11.42
98510,11.755
98511,12.82
98512,12.1
98513,8.05
98514,8.1
98515,6.295
98516,8.29
98517,9.945
98518,8.18
98519,9.065
98520,8.61
98521,7.61
98522,10.62
98523,11.16
98524,10.755
98525,11.02
98526,10.3
98527,11.84
98528,8.285
98529,8.565
98530,11.015
98531,9.495
98532,8.9
98533,12.975
98534,10.065
98535,6.545
98536,8.575
98537,5.59
98538,10.095
98539,12.225
98540,14.225
98541,13.435
98542,12.715
98543,12.23
98544,12.97
98545,10.59
98546,12.03
98547,9.25
98548,13.545
98549,9.41
98550,9.725
98551,10.405
98552,8.58
98553,6.065
98554,11.185
98555,9.56
98556,12.875
98557,9.26
98558,19.47
98559,14.295
98560,5.95
98561,11.455
98562,10.7
98563,9.41
98564,10.155
98565,9.85
98566,12.015
98567,8.02
98568,13.405
98569,15.525
98570,9.965
98571,10.18
98572,9.55
98573,3.625
98574,13.23
98575,8.075
98576,9.555
98577,9.075
98578,7.545
98579,10.38
98580,10.705
98581,8.355
98582,9.84
98583,12.67
98584,13.905
98585,7.105
98586,15.09
98587,9.75
98588,10.78
98589,9.59
98590,8.675
98591,15.37
98592,5.825
98593,8.63
98594,4.095
98595,11.46
98596,12.85
98597,4.48
98598,13.31
98599,11.915
98600,9.65
98601,8.005
98602,14.58
98603,7.765
98604,10.975
98605,7.62
98606,10.53
98607,9.39
98608,7.46
98609,9.435
98610,12.73
98611,10.495
98612,9.95
98613,11.33
98614,11.94
98615,9.575
98616,10.86
98617,12.2
98618,11.17
98619,10.695
98620,8.615
98621,10.515
98622,7.09
98623,13.995
98624,12.06
98625,11.77
98626,12.115
98627,18.925
98628,18.14
98629,9.455
98630,9.94
98631,6.03
98632,11.29
98633,11.05
98634,8.12
98635,21.23
98636,13.87
98637,10.83
98638,10.335
98639,10.45
98640,11.13
98641,10.6
98642,10.77
98643,11.045
98644,10.235
98645,10.64
98646,6.49
98647,7.585
98648,10.735
98649,11.46
98650,5.515
98651,15.97
98652,11.76
98653,9.545
98654,10.8
98655,11.05
98656,12.06
98657,6.775
98658,11.135
98659,13.935
98660,13.215
98661,8.635
98662,15.605
98663,9.01
98664,4.9
98665,8.3
98666,7.675
98667,6.5
98668,10.08
98669,7.855
98670,15.89
98671,5.565
98672,13.525
98673,14.845
98674,7.295
98675,14.34
98676,11.305
98677,9.24
98678,10.055
98679,10.665
98680,6.705
98681,9.875
98682,9.74
98683,7.115
98684,9.33
98685,11.735
98686,11.575
98687,11.9
98688,9.745
98689,8.14
98690,8.995
98691,10.05
98692,7.13
98693,10.175
98694,14.385
98695,8.26
98696,10.775
98697,10.105
98698,11.3
98699,9.295
98700,8.86
98701,10.695
98702,9.03
98703,13.045
98704,6.535
98705,9.885
98706,6.945
98707,9.765
98708,11.33
98709,8.885
98710,10.245
98711,9.24
98712,11.77
98713,10.335
98714,10.835
98715,10.86
98716,13.755
98717,10.57
98718,9.655
98719,6.365
98720,8.595
98721,10.415
98722,9.33
98723,13.13
98724,9.295
98725,7.08
98726,7.275
98727,9.05
98728,11.13
98729,9.095
98730,10.28
98731,11.405
98732,10.0
98733,10.765
98734,7.06
98735,7.95
98736,11.81
98737,9.08
98738,10.695
98739,9.775
98740,8.16
98741,10.48
98742,13.955
98743,10.05
98744,8.01
98745,3.535
98746,12.415
98747,14.75
98748,11.64
98749,7.735
98750,15.38
98751,12.5
98752,9.595
98753,9.37
98754,7.775
98755,6.79
98756,14.065
98757,9.75
98758,13.42
98759,9.33
98760,5.675
98761,10.01
98762,4.825
98763,6.78
98764,9.93
98765,8.205
98766,10.83
98767,16.26
98768,6.26
98769,13.85
98770,13.095
98771,10.495
98772,6.83
98773,6.4
98774,11.53
98775,9.025
98776,11.51
98777,11.9
98778,7.94
98779,11.735
98780,9.895
98781,18.745
98782,9.12
98783,11.78
98784,15.775
98785,7.28
98786,13.965
98787,6.77
98788,6.79
98789,9.065
98790,11.585
98791,10.625
98792,11.51
98793,6.475
98794,7.25
98795,9.32
98796,13.105
98797,13.395
98798,10.785
98799,10.985
98800,9.525
98801,6.11
98802,13.315
98803,8.16
98804,7.95
98805,6.98
98806,7.62
98807,8.37
98808,11.56
98809,6.72
98810,11.015
98811,14.55
98812,6.455
98813,9.455
98814,11.355
98815,9.485
98816,14.55
98817,9.39
98818,14.31
98819,10.825
98820,8.23
98821,9.815
98822,11.915
98823,9.78
98824,11.155
98825,9.875
98826,7.52
98827,13.095
98828,10.465
98829,8.485
98830,10.025
98831,11.97
98832,7.355
98833,6.335
98834,12.02
98835,8.955
98836,7.78
98837,9.72
98838,10.92
98839,9.125
98840,10.515
98841,7.26
98842,12.815
98843,9.66
98844,13.11
98845,7.355
98846,9.565
98847,14.65
98848,12.745
98849,9.88
98850,14.175
98851,11.09
98852,9.68
98853,10.255
98854,13.0
98855,10.97
98856,10.41
98857,10.14
98858,12.02
98859,10.27
98860,4.73
98861,13.53
98862,11.245
98863,12.145
98864,16.78
98865,14.405
98866,8.48
98867,13.475
98868,13.025
98869,11.165
98870,12.23
98871,8.03
98872,13.21
98873,9.51
98874,4.895
98875,10.15
98876,9.465
98877,10.73
98878,4.06
98879,9.82
98880,10.86
98881,10.34
98882,10.215
98883,12.36
98884,6.59
98885,6.745
98886,10.745
98887,7.43
98888,11.055
98889,11.03
98890,10.53
98891,10.94
98892,10.05
98893,6.79
98894,9.555
98895,11.78
98896,6.41
98897,10.48
98898,11.67
98899,12.37
98900,10.14
98901,5.305
98902,10.03
98903,13.515
98904,9.875
98905,6.795
98906,11.535
98907,13.945
98908,10.72
98909,15.71
98910,10.105
98911,10.49
98912,8.29
98913,12.145
98914,9.66
98915,8.33
98916,11.79
98917,13.115
98918,12.46
98919,14.295
98920,9.815
98921,9.575
98922,10.1
98923,8.165
98924,6.815
98925,8.32
98926,14.585
98927,11.63
98928,9.295
98929,9.9
98930,6.8
98931,8.89
98932,9.27
98933,12.145
98934,12.215
98935,10.275
98936,10.19
98937,12.14
98938,10.575
98939,11.685
98940,5.265
98941,11.395
98942,11.935
98943,18.105
98944,10.62
98945,8.755
98946,11.405
98947,10.675
98948,14.81
98949,11.19
98950,10.97
98951,16.035
98952,7.69
98953,7.805
98954,6.835
98955,12.14
98956,9.76
98957,5.08
98958,11.21
98959,10.615
98960,13.065
98961,15.8
98962,10.095
98963,9.245
98964,9.185
98965,10.03
98966,9.815
98967,7.355
98968,9.075
98969,7.285
98970,8.02
98971,8.25
98972,10.695
98973,9.04
98974,6.91
98975,5.265
98976,10.2
98977,9.19
98978,7.965
98979,10.21
98980,11.76
98981,5.77
98982,17.04
98983,15.39
98984,12.295
98985,11.315
98986,7.305
98987,6.49
98988,11.32
98989,10.06
98990,8.915
98991,7.755
98992,8.04
98993,14.315
98994,15.425
98995,7.32
98996,5.015
98997,11.825
98998,9.64
98999,11.56
99000,7.17
99001,9.48
99002,9.02
99003,10.02
99004,12.815
99005,6.67
99006,9.23
99007,8.555
99008,12.845
99009,7.07
99010,10.265
99011,10.5
99012,7.12
99013,8.92
99014,7.275
99015,11.68
99016,8.675
99017,12.29
99018,8.42
99019,10.195
99020,8.415
99021,9.73
99022,7.575
99023,6.42
99024,10.48
99025,8.82
99026,11.475
99027,7.805
99028,12.33
99029,7.11
99030,7.07
99031,10.73
99032,15.875
99033,11.235
99034,8.69
99035,7.645
99036,7.985
99037,10.57
99038,5.475
99039,4.68
99040,9.935
99041,6.485
99042,10.15
99043,8.165
99044,12.505
99045,9.055
99046,14.665
99047,7.155
99048,11.095
99049,8.625
99050,11.375
99051,10.605
99052,14.485
99053,7.695
99054,10.05
99055,10.13
99056,11.78
99057,11.41
99058,17.505
99059,9.97
99060,13.855
99061,9.34
99062,7.72
99063,12.235
99064,8.28
99065,9.035
99066,16.985
99067,9.245
99068,12.135
99069,14.36
99070,11.88
99071,9.53
99072,10.45
99073,6.195
99074,7.05
99075,8.51
99076,11.915
99077,10.605
99078,7.485
99079,9.695
99080,8.815
99081,10.51
99082,10.82
99083,6.64
99084,5.55
99085,8.895
99086,11.665
99087,7.225
99088,10.605
99089,9.65
99090,9.5
99091,9.055
99092,10.27
99093,10.76
99094,8.095
99095,7.3
99096,8.425
99097,11.675
99098,9.805
99099,14.44
99100,10.7
99101,12.995
99102,14.19
99103,14.26
99104,4.285
99105,11.525
99106,9.9
99107,13.64
99108,13.82
99109,11.86
99110,10.69
99111,8.33
99112,8.985
99113,15.005
99114,13.935
99115,13.995
99116,9.265
99117,6.35
99118,11.41
99119,12.74
99120,11.68
99121,11.66
99122,7.375
99123,9.825
99124,11.0
99125,11.185
99126,15.625
99127,9.985
99128,9.79
99129,6.95
99130,7.17
99131,4.98
99132,10.915
99133,11.43
99134,12.045
99135,10.025
99136,7.025
99137,11.5
99138,12.94
99139,6.12
99140,13.535
99141,12.735
99142,13.61
99143,10.35
99144,14.665
99145,8.975
99146,10.97
99147,10.205
99148,14.065
99149,7.89
99150,5.195
99151,13.055
99152,10.76
99153,8.79
99154,17.95
99155,16.745
99156,7.815
99157,11.235
99158,11.37
99159,8.375
99160,8.875
99161,14.025
99162,11.165
99163,13.06
99164,10.55
99165,6.37
99166,6.89
99167,10.41
99168,10.53
99169,7.175
99170,15.185
99171,9.43
99172,11.1
99173,15.15
99174,5.19
99175,8.48
99176,7.09
99177,5.83
99178,13.325
99179,10.88
99180,11.525
99181,5.52
99182,9.61
99183,12.075
99184,4.07
99185,9.435
99186,16.445
99187,14.115
99188,10.925
99189,5.245
99190,8.99
99191,11.075
99192,5.405
99193,9.11
99194,10.15
99195,6.825
99196,6.63
99197,13.32
99198,9.775
99199,9.935
99200,15.165
99201,10.785
99202,9.585
99203,10.165
99204,10.125
99205,13.335
99206,11.155
99207,9.02
99208,12.96
99209,13.285
99210,11.065
99211,15.525
99212,10.83
99213,4.05
99214,7.595
99215,15.465
99216,9.06
99217,8.32
99218,6.22
99219,11.87
99220,4.295
99221,15.005
99222,13.085
99223,8.65
99224,11.32
99225,9.61
99226,10.755
99227,7.315
99228,9.19
99229,8.0
99230,11.99
99231,8.095
99232,13.88
99233,7.265
99234,9.465
99235,11.775
99236,10.57
99237,9.32
99238,10.41
99239,11.86
99240,10.905
99241,9.09
99242,9.145
99243,7.65
99244,11.01
99245,8.71
99246,8.99
99247,6.825
99248,10.97
99249,7.995
99250,10.3
99251,13.925
99252,13.85
99253,13.51
99254,11.175
99255,8.34
99256,6.115
99257,6.155
99258,15.645
99259,5.265
99260,6.84
99261,11.715
99262,9.68
99263,10.08
99264,9.165
99265,14.815
99266,12.295
99267,4.695
99268,4.49
99269,8.995
99270,8.04
99271,5.79
99272,4.82
99273,5.23
99274,8.215
99275,12.11
99276,8.68
99277,10.605
99278,11.15
99279,9.42
99280,13.32
99281,10.77
99282,11.275
99283,10.725
99284,9.31
99285,5.165
99286,10.9
99287,9.945
99288,11.905
99289,14.06
99290,7.975
99291,11.905
99292,11.74
99293,11.785
99294,10.705
99295,8.5
99296,9.475
99297,9.095
99298,9.585
99299,11.09
99300,8.62
99301,6.48
99302,9.48
99303,9.865
99304,16.105
99305,10.235
99306,8.38
99307,9.78
99308,8.005
99309,16.075
99310,6.455
99311,7.345
99312,9.5
99313,9.4
99314,11.435
99315,7.345
99316,8.235
99317,4.755
99318,13.765
99319,13.005
99320,11.045
99321,10.915
99322,6.64
99323,13.24
99324,10.17
99325,9.03
99326,10.925
99327,13.235
99328,11.08
99329,9.895
99330,10.845
99331,9.475
99332,6.27
99333,6.755
99334,8.165
99335,13.695
99336,9.285
99337,15.355
99338,8.125
99339,10.085
99340,11.08
99341,14.89
99342,8.84
99343,10.595
99344,9.945
99345,14.845
99346,12.04
99347,10.035
99348,11.565
99349,8.885
99350,11.18
99351,11.305
99352,8.375
99353,5.47
99354,11.04
99355,7.95
99356,14.96
99357,9.005
99358,7.055
99359,11.345
99360,11.34
99361,10.5
99362,8.265
99363,6.73
99364,9.68
99365,9.255
99366,8.27
99367,10.225
99368,10.79
99369,10.025
99370,17.125
99371,11.0
99372,7.005
99373,5.615
99374,11.105
99375,8.255
99376,8.785
99377,6.45
99378,5.74
99379,13.435
99380,10.675
99381,9.105
99382,9.345
99383,9.495
99384,10.595
99385,7.68
99386,9.84
99387,6.47
99388,18.5
99389,7.785
99390,9.02
99391,10.235
99392,6.575
99393,11.485
99394,9.61
99395,6.86
99396,14.445
99397,10.345
99398,8.935
99399,10.695
99400,9.045
99401,6.69
99402,8.215
99403,10.58
99404,5.325
99405,11.425
99406,9.425
99407,9.57
99408,9.555
99409,12.115
99410,8.655
99411,7.6
99412,8.955
99413,11.945
99414,15.375
99415,7.74
99416,10.96
99417,15.145
99418,8.27
99419,9.995
99420,6.93
99421,12.675
99422,9.71
99423,10.445
99424,10.14
99425,7.155
99426,16.31
99427,10.6
99428,11.675
99429,6.865
99430,6.605
99431,8.825
99432,8.99
99433,11.21
99434,12.42
99435,12.455
99436,14.045
99437,7.72
99438,14.49
99439,10.34
99440,8.16
99441,11.05
99442,13.125
99443,9.53
99444,11.58
99445,11.355
99446,10.105
99447,7.6
99448,10.705
99449,14.45
99450,8.12
99451,7.375
99452,11.64
99453,11.095
99454,11.48
99455,12.625
99456,10.35
99457,9.77
99458,10.46
99459,7.77
99460,10.725
99461,6.63
99462,17.63
99463,8.84
99464,10.86
99465,8.65
99466,11.975
99467,11.38
99468,8.825
99469,9.45
99470,12.355
99471,12.515
99472,10.075
99473,13.215
99474,13.565
99475,10.47
99476,10.5
99477,9.83
99478,9.805
99479,11.9
99480,12.035
99481,5.815
99482,13.545
99483,14.545
99484,14.82
99485,11.545
99486,10.945
99487,11.92
99488,8.335
99489,7.8
99490,15.675
99491,7.775
99492,8.945
99493,7.96
99494,6.07
99495,4.94
99496,5.105
99497,8.025
99498,10.725
99499,9.865
99500,14.5
99501,7.03
99502,9.84
99503,12.66
99504,9.165
99505,13.575
99506,10.51
99507,10.1
99508,9.15
99509,13.915
99510,10.935
99511,8.625
99512,10.735
99513,7.96
99514,10.88
99515,12.585
99516,11.205
99517,7.99
99518,4.58
99519,11.895
99520,9.465
99521,11.44
99522,9.125
99523,13.385
99524,16.07
99525,9.835
99526,15.915
99527,9.26
99528,9.045
99529,5.365
99530,9.27
99531,16.595
99532,9.235
99533,5.765
99534,8.2
99535,8.585
99536,11.785
99537,10.79
99538,8.265
99539,18.74
99540,10.66
99541,7.025
99542,10.385
99543,10.905
99544,10.455
99545,12.785
99546,10.25
99547,9.485
99548,11.805
99549,15.04
99550,12.59
99551,11.62
99552,4.79
99553,7.805
99554,7.15
99555,9.665
99556,9.095
99557,8.625
99558,11.615
99559,9.015
99560,4.14
99561,11.51
99562,6.995
99563,12.01
99564,7.105
99565,6.23
99566,10.975
99567,11.59
99568,8.33
99569,9.08
99570,14.06
99571,8.88
99572,11.715
99573,13.18
99574,11.305
99575,11.005
99576,11.42
99577,4.905
99578,10.865
99579,10.025
99580,10.47
99581,7.91
99582,9.405
99583,6.435
99584,7.74
99585,8.41
99586,9.8
99587,15.785
99588,12.27
99589,8.725
99590,10.08
99591,4.57
99592,5.895
99593,18.23
99594,11.845
99595,7.805
99596,14.645
99597,6.66
99598,10.675
99599,10.18
99600,6.535
99601,8.335
99602,10.805
99603,11.545
99604,13.385
99605,11.61
99606,11.965
99607,8.105
99608,9.195
99609,9.875
99610,14.77
99611,15.27
99612,9.715
99613,9.25
99614,10.415
99615,13.585
99616,13.675
99617,9.43
99618,8.82
99619,10.255
99620,6.0
99621,14.585
99622,16.79
99623,10.235
99624,11.795
99625,6.415
99626,5.55
99627,9.655
99628,10.73
99629,14.585
99630,9.625
99631,8.205
99632,13.26
99633,7.61
99634,6.61
99635,12.36
99636,7.81
99637,9.57
99638,12.14
99639,11.83
99640,9.715
99641,7.0
99642,9.585
99643,12.21
99644,10.08
99645,5.965
99646,6.88
99647,6.74
99648,10.85
99649,10.525
99650,16.135
99651,7.785
99652,11.3
99653,17.93
99654,12.8
99655,10.57
99656,11.155
99657,12.745
99658,7.855
99659,13.705
99660,11.83
99661,12.51
99662,11.82
99663,5.0
99664,7.245
99665,7.24
99666,14.175
99667,10.335
99668,5.795
99669,15.47
99670,16.445
99671,8.045
99672,13.545
99673,6.405
99674,13.6
99675,9.91
99676,8.83
99677,9.555
99678,11.19
99679,8.645
99680,7.98
99681,11.44
99682,13.645
99683,7.505
99684,7.78
99685,9.765
99686,14.21
99687,8.925
99688,8.04
99689,10.535
99690,11.545
99691,9.94
99692,8.87
99693,13.92
99694,11.9
99695,5.62
99696,10.12
99697,11.215
99698,10.84
99699,9.11
99700,11.025
99701,9.23
99702,18.97
99703,10.435
99704,6.355
99705,5.015
99706,9.375
99707,10.485
99708,10.77
99709,12.98
99710,10.725
99711,10.465
99712,9.2
99713,4.78
99714,9.78
99715,13.04
99716,10.38
99717,6.805
99718,9.015
99719,11.33
99720,8.99
99721,11.625
99722,8.29
99723,15.65
99724,13.57
99725,8.65
99726,12.435
99727,13.32
99728,7.705
99729,12.42
99730,6.725
99731,7.72
99732,6.625
99733,14.585
99734,5.65
99735,11.73
99736,3.925
99737,8.63
99738,10.425
99739,11.48
99740,12.385
99741,10.305
99742,7.755
99743,14.23
99744,12.69
99745,6.735
99746,10.83
99747,9.045
99748,8.07
99749,11.185
99750,9.865
99751,9.485
99752,9.62
99753,10.84
99754,9.795
99755,8.425
99756,6.69
99757,13.495
99758,6.075
99759,11.41
99760,12.235
99761,11.66
99762,8.105
99763,10.51
99764,15.91
99765,8.72
99766,4.83
99767,5.08
99768,7.945
99769,8.73
99770,13.685
99771,13.005
99772,8.18
99773,9.895
99774,12.15
99775,15.505
99776,8.53
99777,8.86
99778,15.215
99779,12.805
99780,14.995
99781,6.86
99782,11.88
99783,6.8
99784,15.09
99785,13.795
99786,13.05
99787,8.515
99788,6.895
99789,11.455
99790,13.655
99791,9.23
99792,9.765
99793,13.2
99794,6.635
99795,11.515
99796,8.285
99797,15.67
99798,10.29
99799,8.6
99800,11.15
99801,9.29
99802,11.935
99803,9.6
99804,10.19
99805,12.065
99806,9.81
99807,9.03
99808,9.155
99809,8.03
99810,7.3
99811,9.485
99812,17.77
99813,12.43
99814,8.57
99815,9.615
99816,10.72
99817,7.61
99818,10.26
99819,12.22
99820,11.82
99821,10.165
99822,17.38
99823,11.445
99824,7.86
99825,10.77
99826,6.645
99827,8.97
99828,9.56
99829,9.065
99830,6.675
99831,10.685
99832,9.945
99833,9.175
99834,11.195
99835,6.745
99836,8.755
99837,8.45
99838,10.745
99839,12.22
99840,10.465
99841,9.25
99842,16.65
99843,9.155
99844,7.855
99845,7.01
99846,9.25
99847,11.845
99848,8.76
99849,11.17
99850,4.795
99851,11.915
99852,16.17
99853,10.43
99854,9.12
99855,11.01
99856,7.94
99857,9.49
99858,9.9
99859,9.87
99860,7.195
99861,13.335
99862,10.045
99863,5.025
99864,11.015
99865,9.91
99866,9.115
99867,8.195
99868,6.8
99869,7.795
99870,8.675
99871,10.705
99872,17.445
99873,13.83
99874,9.52
99875,8.935
99876,12.065
99877,10.44
99878,5.255
99879,15.105
99880,7.99
99881,5.755
99882,9.535
99883,6.88
99884,12.82
99885,11.24
99886,7.2
99887,10.835
99888,16.75
99889,10.78
99890,16.815
99891,11.185
99892,7.185
99893,6.475
99894,8.24
99895,13.175
99896,4.42
99897,9.49
99898,4.625
99899,5.71
99900,11.12
99901,14.35
99902,11.04
99903,6.745
99904,11.34
99905,10.015
99906,14.665
99907,6.465
99908,8.175
99909,9.39
99910,14.475
99911,7.48
99912,9.88
99913,9.795
99914,5.725
99915,9.675
99916,8.955
99917,13.58
99918,11.835
99919,5.03
99920,9.285
99921,14.735
99922,11.75
99923,11.715
99924,8.92
99925,9.06
99926,9.775
99927,6.06
99928,4.23
99929,5.56
99930,8.455
99931,12.76
99932,5.08
99933,10.73
99934,8.885
99935,10.1
99936,13.57
99937,9.94
99938,12.43
99939,12.085
99940,13.64
99941,11.97
99942,13.735
99943,10.625
99944,9.87
99945,9.36
99946,9.66
99947,10.92
99948,11.705
99949,8.775
99950,6.99
99951,10.935
99952,8.35
99953,7.39
99954,12.065
99955,5.93
99956,5.54
99957,14.545
99958,6.725
99959,9.035
99960,9.215
99961,13.085
99962,7.715
99963,10.085
99964,3.825
99965,10.345
99966,15.045
99967,10.705
99968,4.66
99969,8.21
99970,10.145
99971,7.33
99972,12.18
99973,11.525
99974,8.185
99975,11.265
99976,8.44
99977,13.845
99978,9.805
99979,13.14
99980,11.23
99981,9.475
99982,9.62
99983,8.555
99984,9.845
99985,9.45
99986,10.355
99987,6.635
99988,10.675
99989,9.85
99990,8.805
99991,6.86
99992,10.895
99993,10.76
99994,16.405
99995,8.36
99996,9.005
99997,3.745
99998,15.5
99999,9.445
100000,11.895
100001,10.855
100002,4.585
100003,16.195
100004,14.26
100005,10.065
100006,12.05
100007,12.455
100008,11.28
100009,7.105
100010,10.6
100011,12.325
100012,13.415
100013,10.825
100014,5.83
100015,15.115
100016,10.93
100017,11.355
100018,10.43
100019,10.78
100020,11.495
100021,7.955
100022,9.295
100023,12.285
100024,11.095
100025,12.745
100026,5.165
100027,6.74
100028,17.07
100029,9.29
100030,9.14
100031,14.575
100032,8.06
100033,4.24
100034,8.12
100035,9.275
100036,13.07
100037,11.045
100038,14.525
100039,9.19
100040,11.045
100041,9.24
100042,7.045
100043,11.1
100044,9.315
100045,6.87
100046,5.75
100047,8.13
100048,7.135
100049,10.23
100050,9.735
100051,11.72
100052,14.215
100053,9.785
100054,11.275
100055,14.99
100056,11.875
100057,9.865
100058,8.025
100059,8.035
100060,11.47
100061,8.9
100062,11.435
100063,4.39
100064,10.555
100065,9.275
100066,7.1
100067,4.885
100068,7.37
100069,8.92
100070,10.79
100071,11.49
100072,9.67
100073,6.805
100074,8.755
100075,9.16
100076,12.86
100077,6.705
100078,8.245
100079,10.23
100080,8.61
100081,11.785
100082,9.6
100083,13.12
100084,11.63
100085,12.425
100086,12.835
100087,14.055
100088,12.62
100089,10.47
100090,10.935
100091,13.765
100092,9.91
100093,6.36
100094,9.295
100095,6.89
100096,11.96
100097,12.635
100098,10.935
100099,11.235
100100,9.15
100101,14.03
100102,11.9
100103,16.6
100104,14.97
100105,10.455
100106,6.22
100107,9.84
100108,9.38
100109,10.815
100110,9.83
100111,7.11
100112,9.305
100113,6.945
100114,8.11
100115,11.93
100116,14.355
100117,9.24
100118,10.625
100119,5.115
100120,6.89
100121,13.855
100122,8.08
100123,6.675
100124,6.69
100125,9.565
100126,11.625
100127,8.475
100128,14.72
100129,9.18
100130,7.455
100131,10.915
100132,8.02
100133,13.905
100134,8.52
100135,10.58
100136,9.015
100137,13.15
100138,14.72
100139,12.65
100140,12.52
100141,10.675
100142,15.1
100143,12.02
100144,5.035
100145,9.665
100146,6.315
100147,6.775
100148,10.615
100149,9.37
100150,12.07
100151,11.57
100152,9.12
100153,9.48
100154,11.2
100155,12.41
100156,6.63
100157,9.36
100158,14.72
100159,10.845
100160,10.47
100161,9.45
100162,10.72
100163,11.84
100164,10.705
100165,5.135
100166,9.74
100167,7.465
100168,8.185
100169,11.68
100170,10.795
100171,12.145
100172,9.195
100173,12.235
100174,11.54
100175,6.85
100176,14.595
100177,11.255
100178,11.08
100179,14.025
100180,14.975
100181,10.94
100182,8.345
100183,10.5
100184,9.3
100185,11.995
100186,6.905
100187,10.73
100188,11.8
100189,12.4
100190,6.525
100191,7.69
100192,13.465
100193,6.59
100194,5.26
100195,8.96
100196,12.48
100197,8.795
100198,8.005
100199,16.595
100200,7.41
100201,12.45
100202,10.255
100203,15.125
100204,7.365
100205,9.48
100206,5.72
100207,13.94
100208,11.04
100209,13.39
100210,12.18
100211,10.425
100212,11.125
100213,7.07
100214,10.05
100215,10.785
100216,9.165
100217,9.36
100218,7.195
100219,8.47
100220,9.995
100221,6.37
100222,10.61
100223,9.15
100224,10.555
100225,10.885
100226,8.975
100227,18.005
100228,14.935
100229,12.58
100230,9.6
100231,6.655
100232,5.915
100233,9.81
100234,8.61
100235,11.685
100236,5.065
100237,9.555
100238,14.02
100239,6.055
100240,11.555
100241,10.925
100242,8.145
100243,10.38
100244,6.89
100245,9.645
100246,6.96
100247,9.685
100248,6.515
100249,11.79
100250,8.03
100251,10.94
100252,15.05
100253,10.76
100254,11.97
100255,16.31
100256,9.67
100257,15.665
100258,9.595
100259,7.325
100260,11.525
100261,10.195
100262,9.79
100263,10.385
100264,10.72
100265,8.97
100266,11.895
100267,12.475
100268,12.05
100269,13.12
100270,11.41
100271,10.785
100272,6.28
100273,8.565
100274,14.22
100275,10.795
100276,9.475
100277,6.655
100278,8.58
100279,11.62
100280,7.01
100281,6.535
100282,14.44
100283,9.975
100284,6.68
100285,10.515
100286,13.13
100287,8.375
100288,7.585
100289,8.285
100290,12.475
100291,9.505
100292,12.725
100293,9.305
100294,8.69
100295,10.62
100296,9.145
100297,7.135
100298,8.275
100299,11.695
100300,9.33
100301,9.57
100302,9.32
100303,12.195
100304,12.82
100305,14.56
100306,11.31
100307,7.255
100308,8.3
100309,10.1
100310,8.975
100311,10.82
100312,11.24
100313,9.975
100314,10.775
100315,15.26
100316,8.135
100317,14.115
100318,12.995
100319,4.55
100320,10.675
100321,7.79
100322,9.215
100323,10.45
100324,9.465
100325,9.41
100326,9.935
100327,8.905
100328,14.12
100329,9.035
100330,10.645
100331,16.07
100332,14.885
100333,11.05
100334,9.565
100335,12.79
100336,9.94
100337,13.29
100338,6.53
100339,7.345
100340,6.09
100341,9.55
100342,7.145
100343,6.42
100344,10.605
100345,7.175
100346,14.43
100347,6.405
100348,9.67
100349,10.965
100350,9.835
100351,11.915
100352,11.175
100353,14.855
100354,6.63
100355,10.015
100356,7.11
100357,6.845
100358,9.425
100359,7.125
100360,10.92
100361,10.4
100362,7.36
100363,14.71
100364,9.605
100365,9.115
100366,7.99
100367,13.225
100368,10.99
100369,9.29
100370,13.955
100371,8.91
100372,12.74
100373,11.815
100374,11.19
100375,12.505
100376,11.09
100377,9.95
100378,10.61
100379,12.15
100380,8.86
100381,8.945
100382,11.445
100383,12.065
100384,14.54
100385,10.23
100386,10.245
100387,11.405
100388,9.205
100389,10.39
100390,13.65
100391,15.955
100392,9.035
100393,10.02
100394,12.195
100395,6.8
100396,16.195
100397,8.175
100398,4.505
100399,13.845
100400,10.725
100401,11.46
100402,8.845
100403,14.935
100404,15.245
100405,6.97
100406,6.6
100407,12.365
100408,10.72
100409,12.15
100410,10.99
100411,6.57
100412,13.14
100413,11.355
100414,4.645
100415,15.92
100416,9.925
100417,14.635
100418,11.89
100419,11.62
100420,14.38
100421,10.3
100422,9.9
100423,10.96
100424,9.505
100425,10.87
100426,10.595
100427,5.525
100428,9.305
100429,4.91
100430,10.665
100431,11.075
100432,13.455
100433,9.79
100434,9.19
100435,7.03
100436,11.47
100437,15.36
100438,10.525
100439,9.74
100440,9.81
100441,7.12
100442,6.775
100443,9.135
100444,12.425
100445,19.185
100446,7.655
100447,14.635
100448,13.845
100449,7.32
100450,9.05
100451,4.725
100452,10.245
100453,9.555
100454,6.745
100455,11.065
100456,14.9
100457,9.87
100458,11.245
100459,7.2
100460,10.625
100461,9.955
100462,18.72
100463,9.425
100464,12.35
100465,12.255
100466,5.395
100467,8.095
100468,6.615
100469,11.955
100470,8.165
100471,9.695
100472,9.43
100473,11.395
100474,13.29
100475,17.205
100476,12.175
100477,9.16
100478,10.675
100479,9.685
100480,10.0
100481,11.81
100482,10.43
100483,11.68
100484,9.615
100485,15.19
100486,7.055
100487,10.56
100488,4.015
100489,11.345
100490,7.89
100491,5.43
100492,9.41
100493,11.69
100494,12.55
100495,13.63
100496,15.685
100497,16.975
100498,8.78
100499,9.225
100500,15.41
100501,12.185
100502,9.21
100503,11.285
100504,9.08
100505,17.3
100506,10.365
100507,10.335
100508,10.165
100509,11.09
100510,11.03
100511,7.12
100512,9.625
100513,5.33
100514,9.225
100515,11.03
100516,12.63
100517,16.73
100518,11.48
100519,9.15
100520,4.93
100521,6.63
100522,13.27
100523,12.15
100524,18.18
100525,13.835
100526,7.09
100527,10.465
100528,9.575
100529,12.695
100530,7.925
100531,10.87
100532,13.355
100533,4.99
100534,9.83
100535,8.885
100536,10.7
100537,6.655
100538,13.905
100539,10.895
100540,10.06
100541,9.665
100542,11.945
100543,16.88
100544,6.87
100545,12.71
100546,13.095
100547,7.825
100548,11.32
100549,8.745
100550,10.255
100551,11.585
100552,10.32
100553,4.825
100554,6.925
100555,6.68
100556,8.33
100557,12.47
100558,11.025
100559,5.64
100560,8.75
100561,8.65
100562,6.76
100563,12.255
100564,7.615
100565,16.765
100566,10.635
100567,14.01
100568,8.885
100569,9.305
100570,6.07
100571,10.68
100572,8.605
100573,8.435
100574,14.31
100575,10.36
100576,8.425
100577,10.475
100578,10.7
100579,11.36
100580,8.735
100581,10.635
100582,10.49
100583,11.45
100584,12.355
100585,13.295
100586,9.39
100587,9.695
100588,12.815
100589,9.3
100590,8.095
100591,11.65
100592,14.39
100593,13.495
100594,11.84
100595,14.015
100596,13.52
100597,5.455
100598,12.3
100599,9.815
100600,9.575
100601,8.97
100602,11.985
100603,9.07
100604,10.87
100605,9.305
100606,11.8
100607,12.505
100608,15.635
100609,9.15
100610,4.245
100611,10.81
100612,11.59
100613,7.645
100614,12.29
100615,9.32
100616,10.51
100617,11.415
100618,14.67
100619,12.29
100620,11.96
100621,8.71
100622,17.045
100623,11.485
100624,9.075
100625,10.73
100626,9.015
100627,14.2
100628,7.925
100629,9.32
100630,5.465
100631,5.005
100632,11.235
100633,10.79
100634,8.71
100635,11.205
100636,6.195
100637,14.045
100638,10.58
100639,8.525
100640,13.19
100641,10.93
100642,11.73
100643,12.69
100644,7.685
100645,10.5
100646,11.405
100647,6.23
100648,10.825
100649,8.19
100650,9.06
100651,5.555
100652,10.765
100653,11.14
100654,5.75
100655,9.915
100656,8.295
100657,8.08
100658,9.535
100659,6.73
100660,4.285
100661,16.465
100662,9.505
100663,11.845
100664,10.63
100665,12.455
100666,9.795
100667,10.305
100668,14.45
100669,10.37
100670,9.945
100671,10.23
100672,5.76
100673,11.74
100674,18.825
100675,14.405
100676,4.805
100677,11.86
100678,12.965
100679,12.535
100680,11.915
100681,14.115
100682,7.07
100683,11.6
100684,6.27
100685,10.55
100686,9.265
100687,12.115
100688,7.515
100689,7.805
100690,8.525
100691,7.965
100692,5.665
100693,9.915
100694,7.845
100695,12.49
100696,10.49
100697,8.085
100698,10.135
100699,6.105
100700,8.99
100701,9.775
100702,9.925
100703,7.49
100704,10.93
100705,10.93
100706,4.38
100707,9.885
100708,11.795
100709,6.87
100710,9.145
100711,9.275
100712,10.855
100713,11.475
100714,12.005
100715,15.48
100716,15.38
100717,4.87
100718,7.935
100719,8.17
100720,7.0
100721,10.805
100722,11.88
100723,6.15
100724,8.295
100725,10.02
100726,11.82
100727,8.105
100728,11.515
100729,10.295
100730,7.93
100731,16.385
100732,11.335
100733,9.415
100734,9.31
100735,10.14
100736,7.19
100737,8.12
100738,13.665
100739,9.28
100740,10.875
100741,16.505
100742,12.355
100743,11.18
100744,10.175
100745,7.125
100746,10.56
100747,6.41
100748,10.615
100749,8.065
100750,14.14
100751,7.13
100752,10.1
100753,9.975
100754,8.955
100755,10.605
100756,8.04
100757,11.245
100758,12.595
100759,16.255
100760,11.3
100761,6.535
100762,9.96
100763,8.735
100764,16.175
100765,11.53
100766,7.96
100767,6.96
100768,11.07
100769,11.08
100770,12.37
100771,10.35
100772,6.695
100773,11.485
100774,10.495
100775,12.675
100776,9.625
100777,9.04
100778,9.965
100779,10.05
100780,7.42
100781,18.76
100782,8.485
100783,6.945
100784,11.365
100785,16.015
100786,5.785
100787,10.305
100788,11.795
100789,10.235
100790,7.1
100791,7.61
100792,5.305
100793,8.99
100794,9.38
100795,16.65
100796,10.465
100797,14.705
100798,9.365
100799,10.485
100800,6.575
100801,9.295
100802,10.345
100803,9.815
100804,16.58
100805,9.045
100806,10.8
100807,9.585
100808,6.965
100809,14.025
100810,9.94
100811,9.385
100812,11.605
100813,7.97
100814,6.215
100815,7.065
100816,10.03
100817,10.655
100818,11.405
100819,8.495
100820,10.365
100821,12.0
100822,11.69
100823,12.45
100824,9.95
100825,12.415
100826,12.03
100827,8.105
100828,12.015
100829,12.55
100830,10.365
100831,11.075
100832,10.51
100833,8.96
100834,12.665
100835,9.94
100836,11.165
100837,6.725
100838,8.285
100839,16.58
100840,5.465
100841,6.0
100842,9.97
100843,9.005
100844,10.115
100845,10.935
100846,9.275
100847,9.255
100848,8.825
100849,7.125
100850,7.765
100851,13.74
100852,9.305
100853,8.515
100854,9.95
100855,10.55
100856,10.505
100857,9.685
100858,8.68
100859,7.25
100860,9.22
100861,11.075
100862,14.43
100863,7.98
100864,12.28
100865,8.65
100866,7.33
100867,10.7
100868,9.335
100869,11.24
100870,8.055
100871,12.97
100872,10.62
100873,13.405
100874,8.035
100875,8.555
100876,11.3
100877,11.975
100878,9.105
100879,15.295
100880,11.495
100881,11.69
100882,15.24
100883,9.3
100884,10.79
100885,16.66
100886,9.585
100887,7.08
100888,10.59
100889,7.615
100890,10.255
100891,5.25
100892,14.03
100893,10.71
100894,11.625
100895,9.33
100896,13.37
100897,9.65
100898,4.75
100899,4.66
100900,7.935
100901,7.21
100902,6.945
100903,9.17
100904,11.29
100905,11.45
100906,6.58
100907,14.59
100908,10.075
100909,8.455
100910,9.5
100911,11.485
100912,11.92
100913,8.42
100914,12.42
100915,7.915
100916,13.485
100917,8.495
100918,9.855
100919,17.95
100920,15.535
100921,6.38
100922,17.035
100923,11.205
100924,8.905
100925,10.485
100926,10.055
100927,11.125
100928,9.875
100929,10.78
100930,11.57
100931,4.69
100932,10.49
100933,11.07
100934,6.025
100935,14.03
100936,5.6
100937,10.615
100938,12.64
100939,11.18
100940,10.97
100941,7.615
100942,9.045
100943,9.535
100944,11.065
100945,9.385
100946,10.735
100947,9.705
100948,8.225
100949,4.38
100950,9.165
100951,11.115
100952,12.05
100953,11.715
100954,7.955
100955,10.625
100956,8.545
100957,11.385
100958,11.49
100959,11.22
100960,9.76
100961,11.895
100962,19.285
100963,9.05
100964,10.67
100965,9.66
100966,7.74
100967,8.105
100968,9.74
100969,4.74
100970,14.35
100971,4.86
100972,11.39
100973,6.88
100974,11.19
100975,7.235
100976,10.23
100977,11.445
100978,13.87
100979,10.825
100980,11.505
100981,9.895
100982,14.045
100983,10.875
100984,7.975
100985,9.145
100986,4.905
100987,4.24
100988,16.905
100989,11.37
100990,13.915
100991,11.2
100992,9.265
100993,8.615
100994,6.595
100995,8.61
100996,8.985
100997,9.93
100998,8.685
100999,11.425
101000,12.09
101001,10.33
101002,11.475
101003,5.435
101004,10.15
101005,7.72
101006,12.015
101007,9.435
101008,9.4
101009,14.46
101010,15.38
101011,10.42
101012,10.97
101013,10.865
101014,9.44
101015,14.97
101016,8.385
101017,9.69
101018,5.105
101019,8.025
101020,11.215
101021,11.1
101022,9.27
101023,8.08
101024,9.41
101025,12.73
101026,11.745
101027,9.445
101028,10.965
101029,11.23
101030,12.955
101031,7.155
101032,5.0
101033,12.46
101034,9.43
101035,7.685
101036,8.27
101037,7.215
101038,10.625
101039,11.0
101040,7.12
101041,10.325
101042,10.02
101043,6.305
101044,5.965
101045,5.495
101046,11.485
101047,8.375
101048,7.895
101049,10.74
101050,9.645
101051,13.78
101052,11.945
101053,8.615
101054,10.03
101055,16.115
101056,10.85
101057,8.57
101058,4.595
101059,11.6
101060,11.54
101061,16.745
101062,7.11
101063,13.29
101064,12.22
101065,12.03
101066,5.86
101067,8.345
101068,13.25
101069,8.38
101070,11.65
101071,12.065
101072,7.705
101073,5.55
101074,11.675
101075,5.92
101076,8.24
101077,6.915
101078,9.75
101079,10.375
101080,9.455
101081,9.36
101082,10.58
101083,5.425
101084,4.8
101085,11.395
101086,7.68
101087,6.735
101088,9.06
101089,6.97
101090,10.455
101091,7.015
101092,8.225
101093,10.61
101094,8.425
101095,7.71
101096,12.04
101097,10.21
101098,11.515
101099,9.1
101100,9.905
101101,10.655
101102,11.085
101103,9.52
101104,11.76
101105,9.61
101106,14.91
101107,10.99
101108,8.9
101109,12.38
101110,11.16
101111,9.16
101112,9.175
101113,12.265
101114,12.5
101115,7.92
101116,8.055
101117,7.75
101118,9.145
101119,9.07
101120,9.155
101121,12.025
101122,8.625
101123,12.84
101124,16.585
101125,9.955
101126,8.13
101127,8.355
101128,9.635
101129,10.48
101130,8.38
101131,7.2
101132,14.16
101133,9.625
101134,16.875
101135,12.675
101136,10.78
101137,9.48
101138,15.08
101139,4.885
101140,11.61
101141,9.28
101142,8.66
101143,11.11
101144,11.125
101145,9.94
101146,7.51
101147,12.35
101148,9.84
101149,11.96
101150,7.98
101151,9.745
101152,8.87
101153,7.97
101154,15.21
101155,9.62
101156,14.865
101157,10.885
101158,7.135
101159,11.71
101160,10.88
101161,7.74
101162,9.26
101163,10.61
101164,17.755
101165,4.435
101166,10.49
101167,6.975
101168,13.165
101169,9.535
101170,6.955
101171,12.4
101172,12.74
101173,5.775
101174,9.03
101175,5.665
101176,8.01
101177,8.295
101178,9.585
101179,12.915
101180,9.05
101181,9.76
101182,10.005
101183,9.56
101184,10.465
101185,9.04
101186,10.91
101187,7.475
101188,7.825
101189,11.985
101190,6.92
101191,7.9
101192,10.62
101193,6.81
101194,12.19
101195,13.32
101196,6.665
101197,7.175
101198,7.48
101199,9.555
101200,11.255
101201,11.445
101202,11.835
101203,11.04
101204,10.58
101205,10.76
101206,6.55
101207,11.225
101208,11.68
101209,6.725
101210,10.73
101211,8.37
101212,8.13
101213,10.675
101214,9.305
101215,3.84
101216,18.645
101217,10.535
101218,14.07
101219,9.445
101220,10.545
101221,10.315
101222,11.6
101223,10.715
101224,10.885
101225,10.82
101226,16.9
101227,11.89
101228,11.16
101229,4.98
101230,12.39
101231,10.31
101232,10.765
101233,8.17
101234,12.62
101235,17.34
101236,10.345
101237,10.07
101238,11.495
101239,9.67
101240,7.98
101241,10.18
101242,10.945
101243,11.18
101244,13.835
101245,6.97
101246,8.875
101247,7.035
101248,7.61
101249,6.955
101250,10.03
101251,9.29
101252,15.035
101253,9.215
101254,6.99
101255,9.7
101256,12.1
101257,11.07
101258,8.875
101259,11.63
101260,8.615
101261,8.27
101262,13.545
101263,14.97
101264,11.585
101265,13.14
101266,6.94
101267,13.785
101268,6.135
101269,8.86
101270,8.135
101271,9.48
101272,7.585
101273,10.135
101274,14.18
101275,13.645
101276,6.975
101277,10.84
101278,12.715
101279,12.515
101280,6.41
101281,10.39
101282,10.975
101283,10.26
101284,12.745
101285,12.525
101286,7.675
101287,10.76
101288,10.665
101289,10.365
101290,12.11
101291,8.285
101292,14.395
101293,6.335
101294,10.955
101295,5.385
101296,10.96
101297,5.275
101298,7.485
101299,20.095
101300,11.195
101301,9.68
101302,9.32
101303,7.095
101304,9.26
101305,3.93
101306,10.535
101307,10.3
101308,16.44
101309,10.62
101310,17.83
101311,9.63
101312,8.545
101313,15.6
101314,11.79
101315,17.305
101316,12.035
101317,10.58
101318,8.86
101319,8.325
101320,5.195
101321,10.2
101322,12.6
101323,16.2
101324,5.95
101325,9.725
101326,9.275
101327,8.19
101328,14.42
101329,11.865
101330,6.5
101331,13.075
101332,10.13
101333,9.325
101334,12.08
101335,11.495
101336,15.815
101337,10.705
101338,6.63
101339,8.12
101340,8.67
101341,4.79
101342,11.175
101343,11.97
101344,14.015
101345,11.67
101346,8.98
101347,10.855
101348,8.465
101349,8.54
101350,11.43
101351,9.35
101352,7.24
101353,14.9
101354,9.69
101355,9.89
101356,8.985
101357,7.39
101358,10.545
101359,14.07
101360,11.41
101361,15.605
101362,5.595
101363,8.625
101364,11.43
101365,10.04
101366,11.72
101367,9.27
101368,10.965
101369,7.035
101370,9.305
101371,8.175
101372,18.505
101373,9.855
101374,10.345
101375,12.92
101376,12.195
101377,5.15
101378,9.315
101379,7.735
101380,7.895
101381,6.625
101382,8.75
101383,11.505
101384,8.555
101385,9.45
101386,8.885
101387,9.44
101388,14.315
101389,11.33
101390,10.53
101391,11.095
101392,6.485
101393,7.82
101394,12.655
101395,13.665
101396,9.57
101397,11.13
101398,9.655
101399,10.945
101400,9.07
101401,10.835
101402,7.76
101403,11.83
101404,11.315
101405,7.71
101406,8.84
101407,8.19
101408,10.385
101409,8.155
101410,9.94
101411,14.07
101412,13.125
101413,9.52
101414,16.275
101415,9.93
101416,11.58
101417,8.255
101418,9.815
101419,16.0
101420,10.435
101421,14.345
101422,8.075
101423,9.505
101424,11.34
101425,15.555
101426,9.805
101427,10.93
101428,6.745
101429,11.72
101430,7.575
101431,10.385
101432,11.36
101433,11.415
101434,9.415
101435,9.185
101436,12.505
101437,11.25
101438,8.71
101439,15.015
101440,8.01
101441,8.315
101442,10.21
101443,11.15
101444,9.485
101445,13.3
101446,7.165
101447,10.54
101448,9.17
101449,12.35
101450,12.58
101451,9.115
101452,9.605
101453,8.22
101454,9.805
101455,7.815
101456,11.375
101457,12.895
101458,10.835
101459,11.91
101460,12.415
101461,7.37
101462,14.315
101463,9.255
101464,7.005
101465,10.57
101466,8.175
101467,11.95
101468,8.93
101469,10.9
101470,9.385
101471,17.505
101472,9.19
101473,6.675
101474,9.075
101475,11.155
101476,8.995
101477,10.815
101478,16.655
101479,9.17
101480,10.6
101481,10.25
101482,7.025
101483,11.785
101484,8.155
101485,11.23
101486,6.465
101487,10.685
101488,9.77
101489,10.415
101490,7.13
101491,10.525
101492,4.99
101493,10.0
101494,16.515
101495,10.645
101496,7.69
101497,9.05
101498,12.41
101499,8.485
101500,9.9
101501,13.96
101502,9.6
101503,13.585
101504,8.335
101505,12.49
101506,15.275
101507,9.61
101508,4.94
101509,8.32
101510,10.89
101511,11.16
101512,10.205
101513,9.14
101514,17.93
101515,8.835
101516,8.065
101517,7.875
101518,10.415
101519,9.38
101520,8.235
101521,10.39
101522,15.04
101523,9.61
101524,22.135
101525,12.61
101526,14.935
101527,12.21
101528,12.455
101529,9.13
101530,11.105
101531,13.385
101532,16.67
101533,11.725
101534,11.585
101535,10.755
101536,12.925
101537,11.225
101538,10.55
101539,11.345
101540,16.01
101541,8.24
101542,8.43
101543,11.945
101544,15.28
101545,8.555
101546,15.63
101547,9.69
101548,9.5
101549,7.63
101550,12.34
101551,12.84
101552,4.625
101553,11.125
101554,14.575
101555,11.925
101556,10.185
101557,5.53
101558,7.635
101559,7.79
101560,8.675
101561,10.135
101562,9.11
101563,11.9
101564,10.145
101565,11.71
101566,13.59
101567,9.26
101568,6.46
101569,11.51
101570,10.555
101571,6.5
101572,12.845
101573,11.665
101574,11.075
101575,16.02
101576,9.63
101577,17.015
101578,9.455
101579,14.3
101580,14.03
101581,10.845
101582,10.4
101583,10.86
101584,7.025
101585,14.01
101586,11.01
101587,9.92
101588,9.32
101589,10.755
101590,9.585
101591,8.38
101592,9.855
101593,15.22
101594,13.26
101595,6.97
101596,14.33
101597,14.295
101598,10.935
101599,7.085
101600,15.025
101601,12.4
101602,12.565
101603,10.42
101604,13.495
101605,11.645
101606,15.115
101607,10.105
101608,8.155
101609,9.155
101610,9.88
101611,6.82
101612,9.745
101613,13.915
101614,11.67
101615,7.33
101616,9.455
101617,8.715
101618,14.74
101619,6.0
101620,7.955
101621,7.595
101622,14.815
101623,11.16
101624,5.345
101625,7.705
101626,13.32
101627,9.33
101628,5.86
101629,12.775
101630,8.675
101631,10.93
101632,8.285
101633,17.81
101634,8.37
101635,9.145
101636,10.41
101637,9.75
101638,7.77
101639,10.205
101640,8.41
101641,9.82
101642,12.595
101643,14.035
101644,8.115
101645,10.43
101646,7.45
101647,11.265
101648,11.985
101649,8.115
101650,6.445
101651,9.495
101652,5.85
101653,8.675
101654,9.525
101655,6.895
101656,7.655
101657,13.36
101658,18.255
101659,12.72
101660,11.475
101661,10.14
101662,9.875
101663,11.015
101664,9.46
101665,10.295
101666,5.17
101667,10.685
101668,13.14
101669,14.31
101670,8.27
101671,12.245
101672,9.985
101673,6.725
101674,9.56
101675,9.535
101676,9.035
101677,4.08
101678,13.11
101679,6.945
101680,10.515
101681,8.865
101682,10.845
101683,11.525
101684,11.135
101685,13.75
101686,10.67
101687,17.375
101688,8.225
101689,10.84
101690,13.315
101691,5.37
101692,7.315
101693,14.965
101694,8.71
101695,11.335
101696,12.685
101697,10.675
101698,11.84
101699,15.7
101700,13.99
101701,15.32
101702,6.86
101703,8.415
101704,11.66
101705,7.42
101706,10.38
101707,8.665
101708,6.64
101709,7.86
101710,18.045
101711,13.34
101712,10.245
101713,14.405
101714,10.725
101715,12.375
101716,10.355
101717,11.515
101718,9.095
101719,14.585
101720,6.78
101721,14.82
101722,10.165
101723,6.6
101724,10.045
101725,10.94
101726,11.295
101727,11.94
101728,6.69
101729,9.77
101730,5.655
101731,14.655
101732,6.06
101733,9.485
101734,10.23
101735,7.32
101736,7.17
101737,12.15
101738,8.28
101739,8.785
101740,5.975
101741,10.81
101742,11.06
101743,6.2
101744,10.5
101745,10.9
101746,6.815
101747,17.025
101748,7.995
101749,10.605
101750,10.475
101751,12.12
101752,6.63
101753,11.51
101754,10.075
101755,7.13
101756,9.545
101757,10.265
101758,14.37
101759,10.2
101760,8.69
101761,10.995
101762,8.47
101763,13.41
101764,8.995
101765,10.355
101766,8.615
101767,16.24
101768,10.69
101769,9.09
101770,9.005
101771,7.32
101772,7.215
101773,8.375
101774,6.975
101775,10.04
101776,11.59
101777,10.965
101778,12.25
101779,12.605
101780,5.93
101781,10.105
101782,9.575
101783,11.09
101784,6.565
101785,9.51
101786,11.11
101787,9.87
101788,6.765
101789,7.63
101790,14.99
101791,8.065
101792,11.875
101793,11.445
101794,5.42
101795,11.13
101796,6.905
101797,8.01
101798,5.51
101799,11.83
101800,8.585
101801,11.77
101802,12.835
101803,6.07
101804,16.815
101805,17.685
101806,11.195
101807,6.64
101808,11.595
101809,4.89
101810,17.44
101811,6.39
101812,7.05
101813,9.545
101814,15.335
101815,5.075
101816,10.0
101817,11.035
101818,15.765
101819,9.45
101820,15.54
101821,14.66
101822,11.435
101823,10.98
101824,8.74
101825,4.825
101826,6.68
101827,7.735
101828,8.745
101829,12.88
101830,5.365
101831,6.295
101832,10.31
101833,11.055
101834,9.34
101835,10.09
101836,10.27
101837,13.545
101838,9.815
101839,6.74
101840,10.355
101841,11.275
101842,9.86
101843,10.01
101844,9.62
101845,11.7
101846,7.05
101847,10.69
101848,15.435
101849,10.36
101850,6.54
101851,8.84
101852,8.165
101853,13.45
101854,9.72
101855,9.105
101856,8.9
101857,8.565
101858,6.715
101859,5.675
101860,11.235
101861,12.43
101862,9.66
101863,10.365
101864,6.525
101865,12.465
101866,14.625
101867,7.685
101868,9.675
101869,10.67
101870,14.265
101871,11.73
101872,10.745
101873,8.49
101874,7.0
101875,6.715
101876,8.275
101877,8.43
101878,9.105
101879,11.915
101880,8.135
101881,8.445
101882,10.295
101883,7.58
101884,14.65
101885,7.945
101886,11.69
101887,14.94
101888,9.345
101889,10.94
101890,11.36
101891,9.83
101892,9.555
101893,9.69
101894,13.055
101895,9.375
101896,9.25
101897,9.16
101898,9.865
101899,9.935
101900,8.555
101901,13.54
101902,11.125
101903,11.345
101904,8.0
101905,10.855
101906,9.96
101907,10.115
101908,9.93
101909,11.45
101910,13.8
101911,10.155
101912,9.805
101913,10.205
101914,15.855
101915,10.66
101916,6.815
101917,9.155
101918,7.63
101919,5.255
101920,16.145
101921,10.725
101922,12.93
101923,9.57
101924,12.545
101925,9.675
101926,10.55
101927,8.25
101928,9.105
101929,9.035
101930,17.35
101931,10.655
101932,7.86
101933,10.55
101934,11.695
101935,9.735
101936,10.32
101937,8.965
101938,11.0
101939,11.9
101940,7.925
101941,8.225
101942,11.32
101943,13.955
101944,10.635
101945,11.05
101946,18.175
101947,9.145
101948,13.405
101949,10.76
101950,8.91
101951,9.705
101952,10.765
101953,7.99
101954,7.815
101955,9.42
101956,8.41
101957,9.62
101958,6.725
101959,9.5
101960,15.69
101961,10.945
101962,6.745
101963,15.44
101964,9.96
101965,11.17
101966,9.56
101967,18.485
101968,10.535
101969,9.085
101970,8.18
101971,6.975
101972,9.665
101973,9.23
101974,10.1
101975,7.07
101976,9.37
101977,13.41
101978,9.36
101979,10.76
101980,11.735
101981,13.275
101982,12.245
101983,4.835
101984,4.515
101985,9.16
101986,12.545
101987,15.315
101988,13.975
101989,7.69
101990,7.715
101991,10.745
101992,14.3
101993,9.69
101994,8.98
101995,9.83
101996,8.07
101997,11.315
101998,8.0
101999,8.79
102000,9.17
102001,19.16
102002,11.585
102003,10.7
102004,8.85
102005,11.065
102006,8.515
102007,7.92
102008,9.64
102009,16.44
102010,8.355
102011,5.505
102012,10.585
102013,9.3
102014,5.755
102015,10.635
102016,14.625
102017,16.21
102018,12.09
102019,15.515
102020,10.125
102021,10.995
102022,17.755
102023,7.92
102024,10.87
102025,8.525
102026,11.62
102027,8.095
102028,11.81
102029,13.525
102030,10.21
102031,12.005
102032,13.315
102033,9.275
102034,14.0
102035,9.22
102036,11.555
102037,14.44
102038,12.22
102039,12.17
102040,10.56
102041,10.08
102042,13.955
102043,13.8
102044,9.745
102045,11.265
102046,10.675
102047,8.215
102048,9.22
102049,11.27
102050,7.9
102051,9.075
102052,11.85
102053,7.805
102054,17.03
102055,9.625
102056,5.25
102057,10.16
102058,4.795
102059,7.545
102060,7.37
102061,5.72
102062,7.97
102063,5.195
102064,10.74
102065,10.49
102066,10.765
102067,8.935
102068,10.205
102069,9.94
102070,11.93
102071,9.535
102072,9.34
102073,9.55
102074,6.89
102075,13.87
102076,11.855
102077,6.35
102078,10.415
102079,7.11
102080,12.85
102081,11.37
102082,8.465
102083,7.25
102084,9.32
102085,12.52
102086,8.9
102087,15.46
102088,10.285
102089,17.905
102090,11.645
102091,12.46
102092,10.47
102093,12.335
102094,10.565
102095,12.09
102096,7.06
102097,14.66
102098,8.97
102099,9.93
102100,16.215
102101,14.76
102102,8.02
102103,7.875
102104,4.72
102105,7.9
102106,18.215
102107,9.01
102108,10.05
102109,7.5
102110,12.505
102111,14.195
102112,8.085
102113,8.175
102114,5.885
102115,8.735
102116,9.09
102117,9.405
102118,5.345
102119,13.08
102120,15.21
102121,7.105
102122,10.26
102123,9.4
102124,8.515
102125,4.545
102126,11.435
102127,9.66
102128,6.845
102129,9.415
102130,10.905
102131,9.53
102132,6.73
102133,9.81
102134,10.705
102135,11.725
102136,8.925
102137,11.39
102138,7.715
102139,10.305
102140,10.725
102141,7.665
102142,14.98
102143,7.88
102144,13.395
102145,16.435
102146,9.85
102147,13.78
102148,10.88
102149,9.165
102150,7.05
102151,10.6
102152,10.525
102153,10.36
102154,11.915
102155,13.115
102156,9.16
102157,4.47
102158,9.285
102159,8.285
102160,6.58
102161,9.995
102162,6.925
102163,10.98
102164,11.82
102165,5.975
102166,10.94
102167,11.575
102168,17.53
102169,9.125
102170,10.065
102171,7.29
102172,7.215
102173,10.23
102174,7.3
102175,14.77
102176,9.325
102177,12.225
102178,9.94
102179,10.15
102180,9.145
102181,6.78
102182,10.335
102183,11.06
102184,12.15
102185,10.55
102186,10.62
102187,12.485
102188,7.76
102189,4.905
102190,8.33
102191,12.035
102192,12.32
102193,13.23
102194,5.395
102195,12.455
102196,12.215
102197,12.5
102198,14.02
102199,9.38
102200,10.295
102201,10.155
102202,7.2
102203,7.85
102204,10.625
102205,6.595
102206,9.85
102207,10.745
102208,9.615
102209,9.65
102210,9.645
102211,13.945
102212,11.245
102213,13.965
102214,12.12
102215,15.445
102216,11.945
102217,10.105
102218,13.415
102219,10.505
102220,7.035
102221,12.765
102222,8.44
102223,4.21
102224,10.22
102225,12.5
102226,17.51
102227,16.695
102228,12.615
102229,8.99
102230,7.41
102231,11.085
102232,9.785
102233,9.53
102234,8.615
102235,8.09
102236,9.375
102237,9.17
102238,8.315
102239,7.68
102240,12.88
102241,10.88
102242,11.705
102243,12.15
102244,11.015
102245,13.03
102246,9.93
102247,11.38
102248,9.96
102249,7.205
102250,9.58
102251,8.395
102252,8.59
102253,11.47
102254,9.405
102255,10.495
102256,12.865
102257,6.775
102258,10.07
102259,8.895
102260,6.59
102261,8.11
102262,16.29
102263,10.255
102264,11.28
102265,7.875
102266,9.225
102267,4.73
102268,6.725
102269,9.85
102270,12.245
102271,8.19
102272,7.23
102273,11.815
102274,8.34
102275,12.365
102276,11.06
102277,9.29
102278,9.06
102279,6.965
102280,11.895
102281,6.305
102282,5.77
102283,10.505
102284,11.715
102285,5.2
102286,13.445
102287,6.035
102288,10.575
102289,10.735
102290,11.99
102291,8.395
102292,9.555
102293,10.77
102294,8.165
102295,9.92
102296,10.665
102297,9.595
102298,6.805
102299,6.49
102300,13.44
102301,11.535
102302,8.845
102303,8.325
102304,9.2
102305,9.18
102306,11.075
102307,11.5
102308,10.6
102309,9.49
102310,17.24
102311,11.725
102312,8.58
102313,14.725
102314,9.34
102315,8.035
102316,10.26
102317,10.64
102318,9.86
102319,14.27
102320,10.38
102321,11.115
102322,10.59
102323,10.795
102324,7.665
102325,10.39
102326,9.925
102327,10.04
102328,10.79
102329,10.72
102330,9.02
102331,10.985
102332,9.43
102333,9.54
102334,10.82
102335,9.925
102336,13.82
102337,7.63
102338,8.045
102339,10.23
102340,11.965
102341,9.74
102342,11.02
102343,7.885
102344,7.81
102345,5.465
102346,10.67
102347,12.145
102348,5.16
102349,6.93
102350,17.945
102351,8.145
102352,14.73
102353,13.33
102354,13.15
102355,12.99
102356,4.61
102357,9.545
102358,7.325
102359,11.215
102360,9.8
102361,8.935
102362,11.125
102363,11.89
102364,9.53
102365,10.92
102366,11.615
102367,11.82
102368,10.61
102369,8.52
102370,7.16
102371,8.785
102372,11.265
102373,11.67
102374,9.4
102375,9.875
102376,9.72
102377,6.465
102378,7.52
102379,10.21
102380,14.68
102381,4.75
102382,14.37
102383,10.05
102384,15.365
102385,8.135
102386,6.65
102387,13.545
102388,9.795
102389,11.71
102390,10.465
102391,15.085
102392,11.085
102393,12.2
102394,9.765
102395,11.795
102396,6.415
102397,13.565
102398,10.775
102399,10.315
102400,8.22
102401,6.66
102402,10.475
102403,9.68
102404,4.765
102405,7.6
102406,5.87
102407,10.925
102408,13.94
102409,15.44
102410,9.955
102411,10.84
102412,15.7
102413,6.33
102414,6.6
102415,14.345
102416,4.865
102417,15.27
102418,9.175
102419,11.785
102420,12.53
102421,14.865
102422,8.83
102423,9.9
102424,16.025
102425,7.75
102426,18.16
102427,8.06
102428,8.385
102429,11.435
102430,9.78
102431,9.84
102432,3.88
102433,14.025
102434,10.33
102435,8.495
102436,15.84
102437,9.15
102438,10.555
102439,10.62
102440,10.635
102441,8.885
102442,14.205
102443,13.39
102444,9.47
102445,10.97
102446,9.69
102447,11.085
102448,6.46
102449,6.56
102450,8.73
102451,8.82
102452,11.295
102453,12.145
102454,14.255
102455,10.645
102456,8.3
102457,9.68
102458,10.905
102459,6.21
102460,21.105
102461,4.01
102462,9.04
102463,8.485
102464,9.255
102465,13.785
102466,16.11
102467,9.02
102468,9.21
102469,5.18
102470,11.645
102471,5.78
102472,9.0
102473,14.115
102474,6.335
102475,11.395
102476,8.16
102477,12.05
102478,7.01
102479,16.08
102480,11.86
102481,8.425
102482,8.055
102483,9.655
102484,8.44
102485,14.335
102486,16.225
102487,6.925
102488,12.39
102489,10.815
102490,11.505
102491,17.07
102492,13.595
102493,8.25
102494,11.19
102495,12.7
102496,14.77
102497,7.675
102498,4.775
102499,7.61
102500,6.705
102501,13.95
102502,13.93
102503,8.95
102504,9.48
102505,9.3
102506,5.395
102507,7.57
102508,10.43
102509,11.805
102510,6.97
102511,5.28
102512,7.715
102513,8.19
102514,13.505
102515,8.01
102516,5.9
102517,9.155
102518,4.775
102519,14.89
102520,10.82
102521,11.04
102522,5.13
102523,10.715
102524,16.44
102525,13.665
102526,8.91
102527,8.76
102528,9.305
102529,9.17
102530,9.795
102531,8.62
102532,9.495
102533,9.75
102534,8.4
102535,11.97
102536,7.575
102537,14.765
102538,16.935
102539,7.05
102540,13.295
102541,11.975
102542,9.76
102543,4.155
102544,14.915
102545,10.225
102546,7.05
102547,15.33
102548,4.77
102549,8.68
102550,11.39
102551,5.085
102552,12.795
102553,10.405
102554,6.28
102555,10.48
102556,6.705
102557,9.055
102558,12.725
102559,8.855
102560,10.41
102561,10.5
102562,10.445
102563,12.335
102564,8.43
102565,8.42
102566,7.0
102567,13.335
102568,7.405
102569,8.47
102570,9.42
102571,11.515
102572,10.465
102573,8.98
102574,17.035
102575,12.245
102576,10.465
102577,15.515
102578,5.62
102579,5.825
102580,11.59
102581,11.285
102582,5.645
102583,13.165
102584,8.1
102585,8.065
102586,10.25
102587,8.785
102588,8.005
102589,16.1
102590,8.315
102591,9.2
102592,12.235
102593,14.04
102594,8.455
102595,8.545
102596,11.72
102597,9.605
102598,12.5
102599,10.57
102600,10.375
102601,5.465
102602,10.175
102603,11.23
102604,15.595
102605,10.84
102606,7.475
102607,9.1
102608,10.74
102609,8.885
102610,16.43
102611,10.78
102612,6.39
102613,11.19
102614,5.3
102615,4.7
102616,14.75
102617,13.915
102618,8.31
102619,5.825
102620,12.19
102621,9.075
102622,6.77
102623,14.87
102624,16.02
102625,9.42
102626,9.305
102627,8.455
102628,8.99
102629,13.76
102630,10.61
102631,11.14
102632,12.305
102633,10.14
102634,9.54
102635,8.245
102636,8.44
102637,7.045
102638,10.77
102639,6.685
102640,11.025
102641,8.68
102642,10.72
102643,10.9
102644,9.89
102645,7.39
102646,12.425
102647,8.27
102648,7.875
102649,9.49
102650,10.91
102651,11.11
102652,11.825
102653,9.3
102654,17.175
102655,15.495
102656,18.44
102657,6.96
102658,8.405
102659,16.795
102660,7.395
102661,6.205
102662,14.8
102663,17.36
102664,11.96
102665,5.925
102666,6.035
102667,10.68
102668,4.91
102669,8.87
102670,11.635
102671,11.65
102672,10.295
102673,14.865
102674,10.005
102675,9.125
102676,7.555
102677,12.775
102678,11.42
102679,11.215
102680,8.705
102681,11.005
102682,8.065
102683,9.67
102684,17.34
102685,10.395
102686,8.93
102687,7.54
102688,11.045
102689,10.845
102690,10.045
102691,10.13
102692,12.04
102693,7.32
102694,8.025
102695,7.865
102696,10.635
102697,9.065
102698,8.255
102699,8.96
102700,10.185
102701,10.82
102702,4.79
102703,14.25
102704,7.45
102705,17.585
102706,11.14
102707,9.905
102708,6.955
102709,11.36
102710,8.465
102711,15.43
102712,10.715
102713,14.12
102714,9.62
102715,6.42
102716,11.735
102717,8.955
102718,11.875
102719,11.77
102720,9.81
102721,11.935
102722,7.875
102723,10.32
102724,10.605
102725,9.87
102726,8.915
102727,12.815
102728,13.47
102729,11.64
102730,10.775
102731,11.745
102732,10.61
102733,12.81
102734,7.18
102735,8.645
102736,10.655
102737,8.595
102738,7.015
102739,11.345
102740,16.365
102741,7.15
102742,12.235
102743,10.645
102744,9.18
102745,12.865
102746,14.865
102747,12.035
102748,8.535
102749,12.26
102750,10.595
102751,13.705
102752,7.095
102753,10.525
102754,7.905
102755,11.845
102756,11.66
102757,7.14
102758,11.015
102759,14.325
102760,5.125
102761,10.6
102762,4.475
102763,8.945
102764,10.72
102765,6.54
102766,15.61
102767,5.195
102768,11.405
102769,12.04
102770,10.785
102771,8.935
102772,13.105
102773,10.9
102774,12.415
102775,7.44
102776,11.28
102777,5.195
102778,11.845
102779,11.255
102780,10.46
102781,9.775
102782,10.49
102783,9.64
102784,9.03
102785,8.96
102786,8.53
102787,6.625
102788,8.385
102789,5.22
102790,10.64
102791,10.495
102792,9.31
102793,9.635
102794,14.525
102795,7.705
102796,15.64
102797,8.29
102798,11.12
102799,9.645
102800,8.145
102801,9.6
102802,14.075
102803,13.745
102804,10.78
102805,9.445
102806,11.84
102807,6.785
102808,7.79
102809,10.845
102810,8.875
102811,13.21
102812,11.935
102813,12.995
102814,5.77
102815,8.59
102816,11.705
102817,4.21
102818,9.415
102819,9.145
102820,8.555
102821,15.32
102822,10.26
102823,10.925
102824,10.585
102825,11.475
102826,8.13
102827,6.305
102828,9.715
102829,20.375
102830,9.38
102831,5.015
102832,9.6
102833,9.535
102834,12.375
102835,11.825
102836,12.555
102837,8.045
102838,7.025
102839,8.74
102840,13.635
102841,11.255
102842,10.325
102843,10.38
102844,4.39
102845,13.965
102846,7.45
102847,9.885
102848,9.865
102849,4.645
102850,12.195
102851,10.465
102852,10.84
102853,8.345
102854,8.39
102855,7.77
102856,7.29
102857,9.44
102858,13.685
102859,11.615
102860,10.965
102861,10.39
102862,10.565
102863,18.0
102864,8.855
102865,14.105
102866,9.995
102867,5.225
102868,9.545
102869,6.57
102870,10.395
102871,9.29
102872,19.175
102873,7.21
102874,6.76
102875,9.625
102876,13.6
102877,12.865
102878,9.01
102879,9.66
102880,14.245
102881,9.98
102882,9.76
102883,10.205
102884,10.065
102885,9.135
102886,7.49
102887,6.99
102888,14.9
102889,10.28
102890,10.355
102891,11.425
102892,8.815
102893,9.695
102894,9.19
102895,8.84
102896,14.825
102897,9.795
102898,6.62
102899,8.54
102900,11.345
102901,10.855
102902,5.16
102903,14.29
102904,7.28
102905,10.135
102906,8.205
102907,7.925
102908,6.93
102909,7.78
102910,10.185
102911,7.765
102912,9.415
102913,8.995
102914,12.55
102915,6.155
102916,9.26
102917,13.4
102918,11.345
102919,8.515
102920,11.485
102921,11.055
102922,10.28
102923,11.34
102924,7.75
102925,9.585
102926,9.52
102927,8.805
102928,12.185
102929,8.09
102930,8.815
102931,5.66
102932,13.655
102933,14.435
102934,8.65
102935,13.6
102936,5.185
102937,10.44
102938,12.005
102939,10.215
102940,7.405
102941,16.01
102942,12.54
102943,8.49
102944,6.64
102945,9.375
102946,10.56
102947,11.23
102948,11.925
102949,9.07
102950,9.25
102951,19.175
102952,10.555
102953,8.37
102954,9.065
102955,10.68
102956,12.18
102957,10.285
102958,10.905
102959,9.56
102960,7.1
102961,7.31
102962,12.365
102963,11.58
102964,17.955
102965,5.79
102966,10.23
102967,10.915
102968,8.655
102969,7.88
102970,6.825
102971,11.845
102972,13.005
102973,9.495
102974,8.67
102975,15.405
102976,6.485
102977,9.92
102978,12.21
102979,12.015
102980,10.84
102981,8.495
102982,11.84
102983,9.48
102984,10.05
102985,10.94
102986,11.62
102987,10.855
102988,10.625
102989,10.32
102990,9.775
102991,5.95
102992,8.185
102993,8.565
102994,8.75
102995,7.735
102996,6.76
102997,18.32
102998,10.595
102999,9.835
103000,12.01
103001,9.705
103002,13.545
103003,7.925
103004,8.445
103005,14.09
103006,5.095
103007,11.07
103008,10.94
103009,10.9
103010,12.32
103011,12.315
103012,12.02
103013,4.67
103014,14.09
103015,9.41
103016,11.19
103017,8.22
103018,10.855
103019,8.97
103020,10.005
103021,17.905
103022,8.66
103023,8.005
103024,11.085
103025,10.42
103026,9.375
103027,9.64
103028,12.195
103029,15.32
103030,11.88
103031,8.65
103032,6.705
103033,3.725
103034,10.54
103035,5.685
103036,12.18
103037,15.75
103038,7.69
103039,11.38
103040,8.0
103041,7.465
103042,11.15
103043,5.665
103044,14.47
103045,10.93
103046,7.23
103047,12.705
103048,8.15
103049,13.055
103050,10.61
103051,12.89
103052,12.035
103053,16.705
103054,6.895
103055,9.84
103056,10.04
103057,11.935
103058,10.05
103059,15.025
103060,8.135
103061,10.14
103062,9.42
103063,9.07
103064,10.27
103065,13.48
103066,8.645
103067,6.345
103068,8.78
103069,3.815
103070,10.46
103071,9.73
103072,14.425
103073,15.155
103074,11.545
103075,11.32
103076,7.125
103077,7.85
103078,8.99
103079,10.705
103080,14.545
103081,9.335
103082,9.67
103083,6.76
103084,9.855
103085,10.1
103086,12.17
103087,5.24
103088,11.615
103089,12.94
103090,11.73
103091,16.16
103092,17.26
103093,10.725
103094,9.435
103095,11.42
103096,9.405
103097,8.05
103098,8.945
103099,15.415
103100,7.065
103101,9.11
103102,10.435
103103,11.93
103104,12.95
103105,4.015
103106,10.15
103107,10.115
103108,10.955
103109,11.49
103110,11.555
103111,4.83
103112,17.945
103113,10.28
103114,9.025
103115,4.42
103116,9.2
103117,5.465
103118,10.42
103119,8.345
103120,9.8
103121,8.64
103122,10.665
103123,9.365
103124,12.81
103125,9.62
103126,12.46
103127,10.385
103128,17.945
103129,18.41
103130,12.305
103131,6.13
103132,20.395
103133,9.91
103134,6.62
103135,10.035
103136,9.64
103137,9.68
103138,14.925
103139,8.21
103140,8.715
103141,8.59
103142,11.555
103143,11.765
103144,5.56
103145,9.14
103146,7.305
103147,8.3
103148,10.885
103149,8.525
103150,11.39
103151,12.31
103152,5.105
103153,12.08
103154,10.625
103155,12.115
103156,9.685
103157,12.86
103158,11.675
103159,11.83
103160,9.205
103161,15.075
103162,9.52
103163,12.705
103164,9.745
103165,9.68
103166,16.82
103167,9.385
103168,6.93
103169,10.445
103170,7.17
103171,14.545
103172,10.435
103173,7.36
103174,10.49
103175,13.72
103176,16.19
103177,8.65
103178,9.785
103179,5.4
103180,10.16
103181,11.545
103182,6.635
103183,5.575
103184,4.085
103185,9.96
103186,7.52
103187,13.95
103188,9.46
103189,11.56
103190,9.59
103191,9.915
103192,10.615
103193,7.425
103194,12.29
103195,12.2
103196,4.78
103197,9.575
103198,10.435
103199,9.385
103200,6.755
103201,6.81
103202,10.275
103203,6.235
103204,6.825
103205,11.275
103206,15.775
103207,10.52
103208,10.26
103209,12.68
103210,15.695
103211,10.27
103212,7.305
103213,11.485
103214,8.22
103215,10.73
103216,5.155
103217,9.095
103218,9.33
103219,11.925
103220,15.165
103221,10.775
103222,10.18
103223,13.615
103224,13.565
103225,5.77
103226,4.165
103227,10.44
103228,11.245
103229,8.055
103230,6.195
103231,6.755
103232,9.945
103233,14.12
103234,10.905
103235,11.245
103236,12.785
103237,6.575
103238,7.76
103239,9.695
103240,11.835
103241,12.725
103242,10.07
103243,9.36
103244,8.63
103245,9.79
103246,9.225
103247,11.95
103248,10.71
103249,9.54
103250,12.275
103251,6.845
103252,13.125
103253,10.36
103254,10.42
103255,15.31
103256,10.565
103257,10.145
103258,12.46
103259,8.005
103260,6.235
103261,16.9
103262,10.265
103263,9.785
103264,10.26
103265,7.55
103266,10.045
103267,9.49
103268,12.965
103269,7.865
103270,8.905
103271,8.07
103272,8.945
103273,5.69
103274,6.805
103275,9.385
103276,14.495
103277,5.835
103278,11.595
103279,7.54
103280,7.2
103281,6.88
103282,12.825
103283,11.685
103284,7.83
103285,10.135
103286,9.73
103287,14.205
103288,9.625
103289,11.045
103290,5.945
103291,16.39
103292,14.425
103293,11.09
103294,7.165
103295,6.58
103296,7.96
103297,10.475
103298,6.99
103299,6.195
103300,6.465
103301,8.39
103302,12.705
103303,12.805
103304,7.94
103305,12.015
103306,5.935
103307,11.33
103308,12.86
103309,6.63
103310,7.275
103311,12.725
103312,10.37
103313,13.315
103314,10.875
103315,12.255
103316,7.06
103317,9.835
103318,9.96
103319,13.205
103320,6.75
103321,6.51
103322,10.845
103323,6.895
103324,12.1
103325,9.15
103326,9.11
103327,7.95
103328,10.515
103329,9.375
103330,8.655
103331,10.14
103332,9.395
103333,9.19
103334,6.75
103335,11.555
103336,10.065
103337,11.305
103338,7.585
103339,9.49
103340,15.875
103341,9.565
103342,6.885
103343,12.31
103344,9.835
103345,10.69
103346,10.535
103347,11.84
103348,9.71
103349,11.55
103350,11.42
103351,9.3
103352,8.98
103353,11.245
103354,10.455
103355,10.145
103356,11.37
103357,6.49
103358,11.35
103359,12.445
103360,4.61
103361,12.6
103362,7.065
103363,11.55
103364,11.535
103365,11.66
103366,13.4
103367,5.09
103368,15.375
103369,11.365
103370,14.95
103371,8.745
103372,4.92
103373,4.54
103374,10.965
103375,6.83
103376,9.37
103377,19.165
103378,10.07
103379,10.275
103380,9.83
103381,9.68
103382,13.615
103383,13.47
103384,11.335
103385,13.63
103386,9.13
103387,11.33
103388,7.3
103389,15.785
103390,11.75
103391,16.865
103392,9.795
103393,9.535
103394,8.94
103395,10.27
103396,9.73
103397,11.495
103398,12.27
103399,8.8
103400,8.435
103401,10.88
103402,9.995
103403,7.9
103404,7.68
103405,11.475
103406,11.65
103407,5.415
103408,9.465
103409,9.74
103410,11.38
103411,8.14
103412,14.65
103413,8.515
103414,7.82
103415,9.595
103416,10.07
103417,9.21
103418,7.73
103419,10.215
103420,11.045
103421,11.165
103422,7.69
103423,8.02
103424,9.625
103425,10.91
103426,11.01
103427,14.69
103428,6.58
103429,6.455
103430,11.545
103431,11.695
103432,8.04
103433,14.14
103434,10.93
103435,9.18
103436,14.605
103437,10.58
103438,9.22
103439,6.51
103440,12.455
103441,10.495
103442,6.385
103443,10.565
103444,9.545
103445,9.8
103446,9.89
103447,11.07
103448,16.04
103449,10.68
103450,9.59
103451,8.83
103452,8.065
103453,10.245
103454,7.22
103455,9.345
103456,11.73
103457,6.765
103458,13.405
103459,12.21
103460,10.875
103461,10.725
103462,11.92
103463,7.33
103464,9.555
103465,12.5
103466,10.305
103467,10.97
103468,9.22
103469,11.705
103470,9.675
103471,11.77
103472,9.515
103473,8.08
103474,9.175
103475,11.155
103476,10.045
103477,9.865
103478,11.01
103479,10.665
103480,10.075
103481,11.06
103482,10.42
103483,15.36
103484,7.905
103485,15.475
103486,13.335
103487,11.04
103488,8.205
103489,9.7
103490,9.46
103491,14.76
103492,12.8
103493,14.025
103494,7.145
103495,10.57
103496,8.005
103497,7.42
103498,12.455
103499,5.67
103500,10.08
103501,7.03
103502,6.91
103503,8.16
103504,12.005
103505,8.94
103506,11.385
103507,10.705
103508,13.68
103509,12.64
103510,11.285
103511,13.855
103512,7.86
103513,10.11
103514,4.915
103515,10.32
103516,9.575
103517,11.1
103518,9.09
103519,11.555
103520,10.45
103521,10.76
103522,10.62
103523,9.215
103524,13.34
103525,11.405
103526,13.16
103527,10.52
103528,10.8
103529,10.28
103530,8.825
103531,10.805
103532,10.265
103533,8.77
103534,8.71
103535,7.18
103536,6.425
103537,11.82
103538,9.335
103539,14.61
103540,6.57
103541,10.665
103542,11.165
103543,12.41
103544,12.5
103545,9.08
103546,16.63
103547,15.49
103548,6.365
103549,6.78
103550,8.39
103551,9.91
103552,15.69
103553,11.225
103554,8.815
103555,9.54
103556,10.065
103557,9.435
103558,13.37
103559,6.735
103560,9.765
103561,14.5
103562,7.91
103563,14.885
103564,8.21
103565,13.98
103566,9.49
103567,11.235
103568,6.08
103569,9.83
103570,10.135
103571,10.565
103572,9.96
103573,12.075
103574,7.89
103575,9.9
103576,9.54
103577,11.99
103578,10.63
103579,11.945
103580,4.645
103581,10.84
103582,11.23
103583,14.375
103584,11.99
103585,5.105
103586,15.04
103587,14.525
103588,11.445
103589,7.745
103590,7.04
103591,7.855
103592,9.47
103593,9.255
103594,9.64
103595,6.88
103596,10.865
103597,12.32
103598,11.3
103599,16.235
103600,10.88
103601,8.34
103602,8.705
103603,9.845
103604,16.81
103605,9.29
103606,12.84
103607,14.47
103608,4.475
103609,9.25
103610,5.97
103611,10.62
103612,10.95
103613,11.53
103614,7.355
103615,8.255
103616,14.035
103617,9.145
103618,7.515
103619,8.965
103620,11.16
103621,5.41
103622,12.455
103623,9.625
103624,11.27
103625,9.7
103626,12.305
103627,7.995
103628,8.545
103629,10.88
103630,10.945
103631,9.29
103632,9.54
103633,13.385
103634,11.325
103635,8.035
103636,7.545
103637,10.415
103638,8.08
103639,6.64
103640,5.665
103641,6.73
103642,10.42
103643,11.68
103644,10.925
103645,10.75
103646,7.525
103647,7.905
103648,10.65
103649,9.835
103650,6.015
103651,8.545
103652,10.855
103653,10.035
103654,13.69
103655,10.605
103656,9.855
103657,13.33
103658,5.665
103659,9.675
103660,9.54
103661,10.44
103662,8.9
103663,13.885
103664,7.075
103665,12.71
103666,10.095
103667,11.525
103668,10.695
103669,11.795
103670,9.15
103671,5.05
103672,12.105
103673,4.005
103674,14.775
103675,10.285
103676,12.03
103677,8.82
103678,12.235
103679,9.785
103680,5.11
103681,6.9
103682,5.935
103683,11.035
103684,12.365
103685,11.76
103686,7.845
103687,7.14
103688,10.225
103689,10.545
103690,4.06
103691,8.99
103692,10.19
103693,9.3
103694,9.405
103695,6.54
103696,12.5
103697,6.985
103698,7.765
103699,11.425
103700,15.305
103701,7.545
103702,10.125
103703,8.135
103704,10.51
103705,21.415
103706,10.82
103707,8.285
103708,6.98
103709,8.18
103710,9.525
103711,11.195
103712,7.79
103713,7.705
103714,9.7
103715,11.935
103716,8.425
103717,8.905
103718,9.01
103719,6.235
103720,4.95
103721,8.985
103722,9.445
103723,8.65
103724,17.245
103725,4.91
103726,6.75
103727,5.75
103728,15.92
103729,7.43
103730,11.22
103731,20.715
103732,10.875
103733,10.96
103734,10.79
103735,11.235
103736,9.31
103737,12.2
103738,11.38
103739,12.1
103740,11.955
103741,15.095
103742,9.82
103743,10.41
103744,10.235
103745,10.6
103746,10.8
103747,13.915
103748,7.65
103749,11.81
103750,16.285
103751,12.225
103752,7.11
103753,10.145
103754,6.77
103755,13.175
103756,9.39
103757,6.34
103758,6.8
103759,9.88
103760,11.62
103761,9.255
103762,15.7
103763,8.24
103764,11.605
103765,9.145
103766,5.835
103767,10.97
103768,9.53
103769,11.895
103770,14.32
103771,16.435
103772,12.89
103773,8.665
103774,6.955
103775,15.345
103776,7.1
103777,11.165
103778,9.48
103779,6.635
103780,8.49
103781,10.46
103782,12.475
103783,7.535
103784,6.3
103785,10.455
103786,12.765
103787,6.3
103788,9.55
103789,10.56
103790,9.48
103791,8.765
103792,7.735
103793,7.865
103794,11.11
103795,6.135
103796,14.385
103797,15.18
103798,6.74
103799,9.815
103800,8.145
103801,9.085
103802,12.125
103803,14.47
103804,14.92
103805,16.175
103806,5.825
103807,13.84
103808,7.26
103809,7.785
103810,17.675
103811,14.71
103812,12.29
103813,10.285
103814,11.24
103815,9.86
103816,9.775
103817,4.965
103818,6.85
103819,7.635
103820,5.54
103821,9.47
103822,7.52
103823,9.275
103824,9.785
103825,9.065
103826,8.885
103827,9.67
103828,3.93
103829,11.645
103830,10.91
103831,9.63
103832,11.12
103833,10.56
103834,11.225
103835,12.675
103836,12.51
103837,6.595
103838,9.13
103839,10.235
103840,8.005
103841,9.88
103842,10.71
103843,11.945
103844,10.025
103845,10.355
103846,10.69
103847,11.36
103848,10.04
103849,8.815
103850,11.71
103851,10.705
103852,8.96
103853,10.135
103854,16.02
103855,11.235
103856,10.085
103857,6.175
103858,7.99
103859,9.41
103860,13.17
103861,10.885
103862,13.68
103863,6.04
103864,9.05
103865,10.49
103866,8.645
103867,11.605
103868,10.925
103869,9.67
103870,15.49
103871,18.535
103872,8.835
103873,6.595
103874,7.25
103875,10.555
103876,12.425
103877,10.98
103878,6.565
103879,6.765
103880,7.5
103881,9.71
103882,11.05
103883,9.845
103884,5.595
103885,6.935
103886,12.18
103887,9.375
103888,12.12
103889,12.265
103890,10.18
103891,6.805
103892,7.64
103893,10.495
103894,13.19
103895,12.605
103896,10.405
103897,10.695
103898,5.125
103899,4.895
103900,4.53
103901,16.23
103902,9.87
103903,12.245
103904,10.925
103905,11.115
103906,6.275
103907,5.835
103908,14.09
103909,7.57
103910,4.65
103911,11.0
103912,9.01
103913,11.325
103914,10.63
103915,6.85
103916,5.1
103917,13.265
103918,10.91
103919,7.82
103920,6.855
103921,8.46
103922,10.075
103923,6.695
103924,13.81
103925,8.475
103926,9.635
103927,10.88
103928,12.165
103929,6.73
103930,5.425
103931,11.565
103932,9.06
103933,12.215
103934,14.325
103935,13.88
103936,10.435
103937,12.73
103938,10.805
103939,12.41
103940,6.19
103941,7.265
103942,10.125
103943,15.35
103944,10.26
103945,12.17
103946,9.825
103947,10.79
103948,12.335
103949,11.535
103950,12.44
103951,11.615
103952,8.97
103953,13.23
103954,6.74
103955,12.165
103956,7.865
103957,10.36
103958,7.735
103959,10.61
103960,12.175
103961,4.245
103962,12.385
103963,10.525
103964,9.405
103965,9.685
103966,5.565
103967,10.215
103968,10.385
103969,4.875
103970,12.115
103971,13.255
103972,7.945
103973,10.055
103974,10.355
103975,13.54
103976,12.065
103977,16.1
103978,12.445
103979,10.605
103980,8.78
103981,14.755
103982,10.98
103983,6.835
103984,11.305
103985,10.6
103986,5.995
103987,7.305
103988,8.07
103989,7.71
103990,10.57
103991,5.88
103992,6.77
103993,9.995
103994,8.66
103995,16.87
103996,14.195
103997,8.92
103998,10.515
103999,12.94
104000,6.62
104001,8.035
104002,11.29
104003,15.38
104004,7.67
104005,13.365
104006,11.705
104007,18.735
104008,8.085
104009,11.695
104010,14.025
104011,9.99
104012,9.745
104013,8.05
104014,13.56
104015,7.23
104016,9.24
104017,10.76
104018,6.605
104019,6.64
104020,12.37
104021,8.35
104022,8.365
104023,10.715
104024,9.51
104025,13.26
104026,10.175
104027,13.63
104028,7.4
104029,14.66
104030,14.04
104031,7.295
104032,11.04
104033,7.89
104034,8.16
104035,6.89
104036,7.805
104037,8.505
104038,10.385
104039,7.985
104040,8.105
104041,4.66
104042,12.2
104043,7.32
104044,12.85
104045,7.325
104046,7.55
104047,5.46
104048,7.76
104049,9.58
104050,13.74
104051,13.755
104052,10.905
104053,7.125
104054,8.57
104055,9.08
104056,8.64
104057,11.0
104058,14.87
104059,8.275
104060,10.22
104061,12.37
104062,9.36
104063,10.525
104064,11.415
104065,7.88
104066,11.405
104067,10.92
104068,11.485
104069,7.545
104070,4.19
104071,9.52
104072,8.01
104073,12.525
104074,10.405
104075,10.28
104076,10.76
104077,13.41
104078,8.395
104079,9.13
104080,9.335
104081,9.575
104082,7.945
104083,11.58
104084,9.615
104085,11.63
104086,9.25
104087,8.795
104088,7.985
104089,10.93
104090,11.43
104091,8.09
104092,6.6
104093,11.39
104094,11.03
104095,6.775
104096,5.56
104097,13.275
104098,17.995
104099,12.595
104100,8.99
104101,6.675
104102,7.59
104103,9.185
104104,9.15
104105,12.335
104106,10.165
104107,10.605
104108,11.245
104109,13.305
104110,11.31
104111,6.87
104112,10.32
104113,10.58
104114,15.97
104115,9.41
104116,5.48
104117,6.15
104118,9.57
104119,7.48
104120,6.88
104121,21.165
104122,5.58
104123,8.335
104124,9.625
104125,9.915
104126,9.07
104127,11.34
104128,10.715
104129,6.79
104130,11.145
104131,10.29
104132,9.945
104133,6.73
104134,10.18
104135,6.865
104136,11.215
104137,9.24
104138,10.59
104139,12.42
104140,8.185
104141,10.55
104142,3.91
104143,9.875
104144,9.745
104145,5.495
104146,9.615
104147,11.7
104148,11.065
104149,15.94
104150,9.495
104151,10.075
104152,17.695
104153,11.75
104154,8.86
104155,5.36
104156,11.53
104157,7.05
104158,9.32
104159,8.34
104160,7.945
104161,7.035
104162,11.03
104163,8.815
104164,10.415
104165,11.935
104166,6.585
104167,11.73
104168,14.765
104169,9.935
104170,9.66
104171,17.495
104172,10.17
104173,8.87
104174,11.11
104175,6.3
104176,10.405
104177,10.22
104178,9.695
104179,9.805
104180,9.34
104181,17.295
104182,7.44
104183,4.27
104184,12.33
104185,9.995
104186,7.725
104187,7.09
104188,11.315
104189,9.405
104190,10.835
104191,10.485
104192,9.335
104193,14.615
104194,14.375
104195,3.78
104196,10.05
104197,11.405
104198,9.805
104199,15.85
104200,9.74
104201,11.435
104202,10.865
104203,11.355
104204,7.89
104205,11.51
104206,10.18
104207,5.23
104208,10.055
104209,12.96
104210,9.685
104211,8.22
104212,8.985
104213,7.95
104214,10.545
104215,12.91
104216,12.06
104217,8.525
104218,10.395
104219,6.84
104220,5.045
104221,11.275
104222,7.89
104223,10.315
104224,11.295
104225,12.115
104226,10.79
104227,7.27
104228,14.915
104229,9.075
104230,11.815
104231,11.26
104232,13.675
104233,6.025
104234,9.745
104235,9.865
104236,11.16
104237,11.17
104238,7.895
104239,10.94
104240,11.04
104241,9.075
104242,12.265
104243,12.035
104244,9.18
104245,10.3
104246,13.065
104247,11.785
104248,11.705
104249,8.42
104250,8.68
104251,10.335
104252,6.94
104253,9.71
104254,7.955
104255,10.315
104256,19.765
104257,7.245
104258,7.585
104259,11.64
104260,7.79
104261,13.64
104262,10.14
104263,9.495
104264,14.69
104265,10.26
104266,10.795
104267,18.97
104268,14.71
104269,14.66
104270,9.755
104271,10.265
104272,10.925
104273,14.58
104274,12.865
104275,10.915
104276,18.95
104277,7.07
104278,10.825
104279,11.075
104280,14.005
104281,11.975
104282,19.385
104283,12.465
104284,9.005
104285,9.525
104286,11.075
104287,15.45
104288,10.395
104289,9.745
104290,10.745
104291,4.425
104292,9.815
104293,8.05
104294,6.56
104295,8.535
104296,10.58
104297,10.26
104298,8.485
104299,10.91
104300,12.57
104301,16.49
104302,8.525
104303,13.225
104304,4.335
104305,11.945
104306,10.13
104307,8.785
104308,12.72
104309,10.74
104310,6.555
104311,8.55
104312,17.88
104313,10.665
104314,7.655
104315,9.72
104316,8.88
104317,8.01
104318,17.17
104319,8.055
104320,10.345
104321,9.65
104322,16.27
104323,8.005
104324,8.775
104325,11.565
104326,10.64
104327,8.39
104328,10.005
104329,6.75
104330,9.46
104331,9.77
104332,11.02
104333,10.925
104334,10.85
104335,10.495
104336,16.485
104337,11.455
104338,13.375
104339,10.875
104340,8.83
104341,11.08
104342,5.6
104343,8.58
104344,7.155
104345,10.16
104346,6.69
104347,7.415
104348,10.525
104349,15.825
104350,6.76
104351,4.415
104352,14.225
104353,9.855
104354,12.15
104355,10.065
104356,14.51
104357,9.21
104358,7.505
104359,7.24
104360,6.84
104361,14.975
104362,12.31
104363,8.51
104364,10.98
104365,10.645
104366,11.165
104367,12.78
104368,7.065
104369,16.17
104370,8.9
104371,4.565
104372,10.91
104373,11.57
104374,7.915
104375,9.94
104376,7.215
104377,12.655
104378,7.34
104379,6.825
104380,6.995
104381,12.31
104382,9.385
104383,10.835
104384,13.315
104385,9.795
104386,9.495
104387,15.59
104388,9.92
104389,7.54
104390,9.325
104391,14.52
104392,9.03
104393,6.645
104394,7.35
104395,13.64
104396,11.47
104397,8.95
104398,11.345
104399,10.465
104400,10.725
104401,9.275
104402,8.465
104403,11.625
104404,8.54
104405,10.435
104406,7.765
104407,10.91
104408,7.595
104409,16.305
104410,10.135
104411,7.785
104412,9.02
104413,10.615
104414,8.18
104415,8.755
104416,16.085
104417,9.4
104418,10.875
104419,9.355
104420,7.2
104421,10.82
104422,11.365
104423,6.59
104424,11.065
104425,6.505
104426,13.98
104427,7.565
104428,11.3
104429,11.18
104430,9.63
104431,5.44
104432,9.505
104433,9.795
104434,6.145
104435,11.145
104436,7.48
104437,10.065
104438,14.04
104439,9.605
104440,8.59
104441,13.745
104442,12.0
104443,14.04
104444,11.76
104445,11.57
104446,10.795
104447,6.64
104448,10.73
104449,6.72
104450,15.095
104451,12.11
104452,14.13
104453,14.84
104454,8.35
104455,10.325
104456,10.125
104457,9.575
104458,10.875
104459,10.365
104460,19.17
104461,10.07
104462,11.37
104463,4.92
104464,10.26
104465,11.835
104466,8.935
104467,11.03
104468,4.61
104469,4.64
104470,9.99
104471,12.63
104472,7.9
104473,5.165
104474,18.13
104475,10.63
104476,5.905
104477,9.14
104478,9.29
104479,10.84
104480,11.48
104481,7.77
104482,11.63
104483,6.715
104484,8.895
104485,10.37
104486,17.545
104487,9.615
104488,13.2
104489,11.24
104490,18.81
104491,7.49
104492,12.09
104493,7.25
104494,5.38
104495,5.78
104496,7.475
104497,10.355
104498,10.0
104499,9.845
104500,9.67
104501,9.425
104502,8.41
104503,10.635
104504,10.76
104505,14.73
104506,9.46
104507,11.065
104508,9.665
104509,9.48
104510,10.465
104511,12.835
104512,9.13
104513,11.84
104514,4.54
104515,10.37
104516,6.675
104517,11.15
104518,20.315
104519,4.695
104520,6.585
104521,7.28
104522,12.215
104523,12.495
104524,4.955
104525,11.7
104526,12.575
104527,12.905
104528,11.1
104529,6.835
104530,11.375
104531,11.535
104532,10.23
104533,10.675
104534,9.87
104535,9.285
104536,9.29
104537,11.915
104538,16.975
104539,15.28
104540,9.86
104541,8.395
104542,12.01
104543,6.475
104544,9.835
104545,10.21
104546,5.085
104547,6.86
104548,11.235
104549,7.06
104550,13.305
104551,11.325
104552,10.905
104553,11.035
104554,10.77
104555,6.715
104556,9.47
104557,6.27
104558,12.075
104559,7.39
104560,12.825
104561,10.62
104562,9.605
104563,10.46
104564,10.305
104565,12.57
104566,8.82
104567,7.045
104568,10.585
104569,6.525
104570,10.93
104571,9.435
104572,9.15
104573,6.385
104574,10.185
104575,4.46
104576,13.875
104577,8.59
104578,4.215
104579,11.175
104580,18.205
104581,5.95
104582,15.08
104583,9.915
104584,14.87
104585,11.37
104586,8.61
104587,9.165
104588,16.525
104589,9.04
104590,16.38
104591,7.315
104592,7.23
104593,7.02
104594,12.32
104595,4.085
104596,11.81
104597,9.94
104598,12.14
104599,11.74
104600,7.045
104601,5.555
104602,11.495
104603,4.75
104604,11.18
104605,10.045
104606,5.875
104607,5.25
104608,6.815
104609,6.68
104610,6.22
104611,6.91
104612,9.79
104613,10.695
104614,9.425
104615,12.12
104616,13.11
104617,12.93
104618,10.775
104619,10.955
104620,10.215
104621,10.6
104622,7.86
104623,7.445
104624,6.815
104625,7.02
104626,17.01
104627,8.97
104628,8.975
104629,10.725
104630,9.14
104631,14.655
104632,8.18
104633,8.82
104634,7.33
104635,10.445
104636,10.4
104637,13.16
104638,15.425
104639,9.21
104640,12.83
104641,8.985
104642,4.82
104643,6.365
104644,8.345
104645,7.37
104646,7.73
104647,9.54
104648,5.275
104649,7.155
104650,9.865
104651,13.01
104652,11.35
104653,7.385
104654,13.535
104655,10.655
104656,10.81
104657,6.805
104658,10.785
104659,8.34
104660,6.12
104661,9.1
104662,12.955
104663,12.95
104664,6.86
104665,17.53
104666,10.085
104667,10.77
104668,11.265
104669,8.725
104670,13.61
104671,8.205
104672,8.565
104673,13.26
104674,10.475
104675,5.96
104676,10.865
104677,13.015
104678,8.565
104679,14.695
104680,9.985
104681,8.02
104682,6.475
104683,7.875
104684,10.49
104685,6.49
104686,12.18
104687,5.055
104688,5.05
104689,14.125
104690,11.595
104691,8.98
104692,16.08
104693,8.985
104694,11.07
104695,10.49
104696,9.595
104697,10.75
104698,13.55
104699,9.245
104700,14.22
104701,6.36
104702,9.435
104703,14.12
104704,7.06
104705,9.415
104706,13.84
104707,11.0
104708,9.365
104709,6.305
104710,18.99
104711,9.95
104712,10.935
104713,14.145
104714,5.785
104715,9.665
104716,10.83
104717,9.705
104718,10.82
104719,10.995
104720,8.89
104721,11.145
104722,11.535
104723,11.255
104724,7.885
104725,16.09
104726,10.285
104727,7.365
104728,11.695
104729,4.265
104730,11.11
104731,11.84
104732,11.395
104733,12.47
104734,11.435
104735,9.895
104736,9.3
104737,10.7
104738,6.545
104739,10.94
104740,13.715
104741,6.69
104742,11.935
104743,7.525
104744,11.165
104745,8.93
104746,8.415
104747,11.49
104748,8.735
104749,8.64
104750,10.13
104751,6.325
104752,8.885
104753,12.15
104754,5.31
104755,13.95
104756,11.63
104757,12.02
104758,12.035
104759,9.945
104760,10.115
104761,11.27
104762,13.57
104763,9.88
104764,11.31
104765,10.315
104766,8.005
104767,10.715
104768,11.88
104769,9.01
104770,12.385
104771,10.235
104772,10.79
104773,14.795
104774,10.195
104775,8.375
104776,8.72
104777,8.49
104778,10.015
104779,13.46
104780,14.65
104781,11.4
104782,6.56
104783,8.17
104784,8.94
104785,12.525
104786,11.23
104787,6.94
104788,10.37
104789,7.305
104790,10.84
104791,9.685
104792,6.795
104793,14.52
104794,6.795
104795,12.605
104796,10.575
104797,13.54
104798,11.04
104799,6.975
104800,8.02
104801,16.135
104802,16.115
104803,7.945
104804,11.04
104805,8.325
104806,10.165
104807,9.785
104808,11.555
104809,6.82
104810,11.735
104811,10.89
104812,11.94
104813,12.37
104814,5.775
104815,9.65
104816,8.985
104817,12.855
104818,7.69
104819,13.4
104820,8.25
104821,9.415
104822,7.385
104823,11.445
104824,13.335
104825,10.56
104826,8.15
104827,7.21
104828,9.405
104829,11.895
104830,11.68
104831,9.385
104832,11.045
104833,10.48
104834,11.315
104835,5.185
104836,13.225
104837,9.41
104838,8.375
104839,13.38
104840,8.565
104841,11.31
104842,13.635
104843,14.765
104844,8.485
104845,7.845
104846,9.365
104847,11.48
104848,6.925
104849,11.645
104850,10.345
104851,9.66
104852,15.145
104853,9.06
104854,10.92
104855,12.055
104856,4.88
104857,9.15
104858,18.025
104859,6.85
104860,14.995
104861,10.245
104862,15.135
104863,12.16
104864,15.08
104865,9.35
104866,9.23
104867,5.77
104868,9.545
104869,15.26
104870,10.31
104871,9.565
104872,6.855
104873,10.9
104874,10.975
104875,7.885
104876,9.17
104877,10.255
104878,16.07
104879,10.15
104880,10.975
104881,17.335
104882,10.27
104883,7.835
104884,13.105
104885,15.495
104886,17.185
104887,8.99
104888,8.165
104889,10.075
104890,13.06
104891,11.12
104892,11.445
104893,9.125
104894,8.355
104895,6.725
104896,13.365
104897,9.775
104898,10.39
104899,10.2
104900,9.575
104901,14.77
104902,7.495
104903,7.77
104904,10.41
104905,9.75
104906,11.28
104907,9.08
104908,9.55
104909,11.545
104910,9.195
104911,10.355
104912,10.2
104913,8.285
104914,9.1
104915,7.93
104916,10.125
104917,8.235
104918,6.375
104919,9.34
104920,8.92
104921,8.33
104922,12.02
104923,10.075
104924,8.475
104925,9.59
104926,12.38
104927,9.28
104928,11.775
104929,10.91
104930,9.77
104931,10.625
104932,7.745
104933,6.98
104934,16.94
104935,10.325
104936,5.995
104937,13.97
104938,8.86
104939,17.54
104940,10.985
104941,8.7
104942,11.53
104943,12.29
104944,9.83
104945,6.045
104946,7.26
104947,9.135
104948,9.455
104949,6.295
104950,8.325
104951,11.235
104952,15.865
104953,9.395
104954,9.665
104955,4.45
104956,12.91
104957,15.035
104958,10.455
104959,12.325
104960,12.355
104961,6.1
104962,9.4
104963,9.37
104964,10.75
104965,9.595
104966,10.16
104967,4.74
104968,11.16
104969,11.825
104970,9.175
104971,10.375
104972,5.45
104973,11.395
104974,5.99
104975,12.78
104976,5.84
104977,9.265
104978,10.0
104979,9.475
104980,9.775
104981,14.59
104982,4.935
104983,10.78
104984,8.15
104985,5.53
104986,12.265
104987,10.31
104988,10.015
104989,6.59
104990,5.805
104991,10.65
104992,4.335
104993,10.955
104994,10.46
104995,9.165
104996,8.0
104997,10.975
104998,9.925
104999,15.82
105000,8.21
105001,10.31
105002,5.855
105003,10.7
105004,7.76
105005,7.485
105006,9.72
105007,8.77
105008,11.04
105009,6.755
105010,8.15
105011,11.395
105012,11.06
105013,9.65
105014,9.865
105015,10.47
105016,10.365
105017,10.27
105018,10.705
105019,6.685
105020,11.56
105021,6.85
105022,11.325
105023,8.765
105024,8.25
105025,9.425
105026,12.015
105027,13.11
105028,7.345
105029,10.87
105030,6.745
105031,13.22
105032,8.41
105033,10.375
105034,7.845
105035,8.66
105036,10.205
105037,9.2
105038,8.55
105039,4.46
105040,11.5
105041,10.885
105042,15.85
105043,12.725
105044,11.385
105045,9.51
105046,12.005
105047,6.02
105048,7.54
105049,10.845
105050,8.38
105051,10.46
105052,9.105
105053,10.075
105054,8.8
105055,13.915
105056,14.06
105057,11.34
105058,12.115
105059,9.62
105060,8.92
105061,10.035
105062,16.505
105063,8.97
105064,6.6
105065,13.15
105066,11.045
105067,5.705
105068,6.67
105069,10.63
105070,4.6
105071,10.455
105072,10.745
105073,8.66
105074,10.155
105075,11.97
105076,7.845
105077,6.98
105078,9.72
105079,6.655
105080,8.415
105081,7.845
105082,12.68
105083,13.99
105084,7.82
105085,9.055
105086,13.915
105087,12.395
105088,10.44
105089,10.625
105090,9.395
105091,7.395
105092,6.965
105093,9.19
105094,7.925
105095,10.015
105096,9.28
105097,14.385
105098,6.565
105099,12.045
105100,11.015
105101,11.29
105102,6.45
105103,15.22
105104,13.835
105105,16.365
105106,5.825
105107,14.435
105108,10.82
105109,13.315
105110,7.91
105111,8.175
105112,9.505
105113,8.245
105114,10.34
105115,10.06
105116,9.015
105117,9.3
105118,12.2
105119,6.375
105120,7.66
105121,11.055
105122,10.97
105123,11.25
105124,8.3
105125,8.62
105126,9.89
105127,14.075
105128,12.78
105129,9.795
105130,7.05
105131,3.795
105132,6.435
105133,10.48
105134,10.11
105135,10.72
105136,10.985
105137,11.145
105138,10.36
105139,7.5
105140,8.915
105141,11.81
105142,8.62
105143,6.51
105144,10.775
105145,10.305
105146,8.995
105147,16.4
105148,9.81
105149,9.815
105150,9.135
105151,9.695
105152,11.965
105153,5.615
105154,9.26
105155,15.98
105156,10.665
105157,4.9
105158,10.54
105159,10.9
105160,9.93
105161,15.215
105162,11.885
105163,9.13
105164,10.61
105165,11.175
105166,11.235
105167,8.835
105168,9.5
105169,7.955
105170,9.135
105171,6.8
105172,11.275
105173,8.41
105174,6.485
105175,12.235
105176,9.76
105177,9.985
105178,15.455
105179,12.42
105180,11.105
105181,10.395
105182,11.675
105183,12.09
105184,12.065
105185,9.175
105186,14.53
105187,7.15
105188,18.415
105189,4.565
105190,11.565
105191,9.995
105192,12.095
105193,10.805
105194,19.34
105195,10.59
105196,10.465
105197,5.08
105198,14.65
105199,12.445
105200,11.705
105201,6.84
105202,11.53
105203,6.345
105204,10.605
105205,16.67
105206,10.445
105207,10.415
105208,14.98
105209,7.765
105210,8.925
105211,11.395
105212,11.035
105213,10.105
105214,10.685
105215,13.45
105216,12.525
105217,9.545
105218,11.065
105219,15.595
105220,11.18
105221,9.31
105222,9.045
105223,5.83
105224,3.665
105225,6.65
105226,7.74
105227,9.9
105228,14.13
105229,11.875
105230,8.895
105231,11.525
105232,4.53
105233,7.16
105234,12.51
105235,11.695
105236,10.245
105237,14.67
105238,11.96
105239,8.93
105240,6.79
105241,11.105
105242,6.86
105243,9.46
105244,13.515
105245,10.81
105246,12.67
105247,10.5
105248,7.75
105249,16.08
105250,10.92
105251,9.36
105252,11.91
105253,14.53
105254,10.41
105255,11.565
105256,9.92
105257,8.155
105258,13.31
105259,13.04
105260,9.03
105261,7.445
105262,9.73
105263,17.7
105264,14.845
105265,14.25
105266,8.685
105267,9.295
105268,10.91
105269,11.305
105270,8.64
105271,9.56
105272,16.28
105273,8.515
105274,11.115
105275,9.14
105276,10.51
105277,7.985
105278,15.085
105279,10.705
105280,10.05
105281,8.62
105282,8.565
105283,10.305
105284,9.455
105285,7.73
105286,11.94
105287,10.775
105288,6.995
105289,11.415
105290,9.855
105291,10.855
105292,8.295
105293,10.765
105294,4.79
105295,7.945
105296,11.175
105297,8.805
105298,9.93
105299,5.345
105300,9.89
105301,13.07
105302,8.965
105303,10.43
105304,9.38
105305,12.245
105306,15.5
105307,7.575
105308,9.62
105309,9.05
105310,9.775
105311,8.98
105312,6.45
105313,15.225
105314,9.18
105315,10.625
105316,12.855
105317,11.18
105318,5.94
105319,9.32
105320,8.225
105321,17.25
105322,10.435
105323,11.1
105324,11.295
105325,11.5
105326,8.97
105327,9.86
105328,5.17
105329,12.855
105330,12.74
105331,8.15
105332,8.45
105333,5.865
105334,9.32
105335,10.43
105336,9.325
105337,10.635
105338,8.585
105339,6.71
105340,6.39
105341,10.31
105342,4.345
105343,12.195
105344,8.095
105345,9.14
105346,9.895
105347,8.92
105348,18.58
105349,8.88
105350,4.41
105351,6.4
105352,11.49
105353,11.03
105354,9.465
105355,10.56
105356,7.91
105357,15.6
105358,8.455
105359,9.985
105360,8.485
105361,9.93
105362,12.145
105363,4.405
105364,11.235
105365,8.525
105366,11.3
105367,10.545
105368,7.015
105369,8.665
105370,8.315
105371,10.96
105372,11.775
105373,11.2
105374,7.83
105375,8.14
105376,9.73
105377,7.755
105378,10.885
105379,11.105
105380,9.595
105381,12.295
105382,9.355
105383,9.845
105384,11.715
105385,7.84
105386,10.9
105387,14.055
105388,8.09
105389,16.88
105390,8.235
105391,9.87
105392,8.0
105393,10.255
105394,11.61
105395,13.265
105396,9.415
105397,5.945
105398,10.845
105399,8.875
105400,16.62
105401,8.975
105402,10.745
105403,14.67
105404,7.355
105405,9.16
105406,11.21
105407,10.36
105408,11.955
105409,9.13
105410,18.775
105411,10.315
105412,10.835
105413,15.125
105414,11.595
105415,12.46
105416,9.0
105417,11.26
105418,6.755
105419,9.645
105420,17.16
105421,9.625
105422,8.585
105423,9.715
105424,6.21
105425,7.87
105426,9.81
105427,9.715
105428,11.37
105429,11.45
105430,7.695
105431,13.365
105432,9.61
105433,7.795
105434,12.615
105435,11.6
105436,10.47
105437,21.135
105438,4.985
105439,6.54
105440,12.195
105441,12.285
105442,9.045
105443,6.545
105444,6.75
105445,8.41
105446,10.295
105447,16.63
105448,10.705
105449,6.81
105450,9.52
105451,5.87
105452,6.505
105453,7.61
105454,8.275
105455,12.26
105456,11.16
105457,8.605
105458,11.215
105459,13.475
105460,12.27
105461,10.625
105462,9.305
105463,8.68
105464,9.385
105465,8.145
105466,10.2
105467,6.67
105468,9.135
105469,10.745
105470,14.965
105471,6.64
105472,16.555
105473,10.635
105474,11.85
105475,8.645
105476,12.14
105477,7.03
105478,9.81
105479,11.825
105480,9.26
105481,12.135
105482,10.505
105483,9.925
105484,7.6
105485,3.865
105486,6.435
105487,8.975
105488,8.515
105489,9.455
105490,8.125
105491,13.455
105492,9.025
105493,4.15
105494,9.18
105495,13.83
105496,8.625
105497,7.835
105498,12.45
105499,13.005
105500,7.425
105501,10.19
105502,5.4
105503,10.91
105504,9.31
105505,12.7
105506,13.19
105507,9.38
105508,9.0
105509,9.89
105510,5.32
105511,4.625
105512,8.595
105513,8.645
105514,10.655
105515,10.28
105516,9.39
105517,9.66
105518,10.505
105519,15.61
105520,10.025
105521,7.805
105522,13.295
105523,15.23
105524,9.35
105525,9.38
105526,10.97
105527,14.64
105528,9.03
105529,11.225
105530,16.98
105531,10.075
105532,14.025
105533,7.74
105534,8.915
105535,10.205
105536,11.325
105537,11.17
105538,15.68
105539,20.85
105540,6.835
105541,11.77
105542,6.315
105543,9.0
105544,6.01
105545,7.77
105546,6.67
105547,11.715
105548,8.16
105549,13.945
105550,13.61
105551,14.465
105552,17.515
105553,6.685
105554,11.895
105555,8.33
105556,9.36
105557,7.325
105558,7.05
105559,9.35
105560,10.23
105561,13.74
105562,9.9
105563,11.72
105564,9.56
105565,7.19
105566,9.945
105567,13.485
105568,14.01
105569,11.55
105570,13.5
105571,6.74
105572,7.54
105573,8.785
105574,12.01
105575,12.735
105576,6.58
105577,11.235
105578,10.055
105579,4.38
105580,7.81
105581,10.645
105582,9.935
105583,6.255
105584,9.76
105585,15.135
105586,13.675
105587,5.08
105588,15.375
105589,8.89
105590,11.985
105591,11.8
105592,6.835
105593,6.43
105594,7.905
105595,8.05
105596,10.79
105597,7.425
105598,9.525
105599,11.565
105600,9.24
105601,9.625
105602,10.96
105603,3.7
105604,9.62
105605,9.73
105606,10.77
105607,6.875
105608,12.865
105609,6.875
105610,9.4
105611,8.67
105612,8.18
105613,12.56
105614,6.57
105615,10.285
105616,5.065
105617,10.8
105618,10.16
105619,7.955
105620,8.92
105621,10.35
105622,10.84
105623,10.67
105624,12.695
105625,7.385
105626,10.675
105627,10.325
105628,10.93
105629,8.525
105630,6.675
105631,13.4
105632,7.865
105633,10.635
105634,8.165
105635,15.485
105636,9.81
105637,9.345
105638,12.75
105639,6.83
105640,12.345
105641,4.785
105642,10.16
105643,10.195
105644,12.385
105645,15.64
105646,10.98
105647,10.565
105648,12.385
105649,11.515
105650,10.405
105651,11.71
105652,18.405
105653,9.48
105654,9.835
105655,6.735
105656,9.335
105657,10.405
105658,7.655
105659,10.805
105660,9.98
105661,6.6
105662,8.61
105663,9.23
105664,14.35
105665,9.275
105666,11.92
105667,7.925
105668,11.87
105669,12.995
105670,10.61
105671,9.22
105672,9.54
105673,15.66
105674,14.37
105675,8.99
105676,5.72
105677,10.56
105678,10.46
105679,15.755
105680,5.175
105681,11.575
105682,11.26
105683,10.65
105684,6.66
105685,6.28
105686,7.385
105687,9.74
105688,18.345
105689,8.63
105690,10.185
105691,14.635
105692,9.135
105693,11.415
105694,6.935
105695,11.835
105696,7.015
105697,9.295
105698,11.39
105699,14.905
105700,13.13
105701,10.47
105702,18.07
105703,5.415
105704,8.33
105705,11.465
105706,4.545
105707,12.82
105708,10.205
105709,10.335
105710,10.385
105711,10.425
105712,15.49
105713,11.54
105714,3.88
105715,15.825
105716,9.91
105717,11.97
105718,11.17
105719,12.01
105720,8.25
105721,9.13
105722,10.91
105723,9.44
105724,10.49
105725,8.615
105726,4.495
105727,11.045
105728,11.54
105729,15.375
105730,11.9
105731,9.83
105732,13.9
105733,12.025
105734,9.78
105735,8.7
105736,12.37
105737,7.595
105738,12.18
105739,12.69
105740,13.835
105741,10.77
105742,11.62
105743,9.6
105744,5.475
105745,17.345
105746,9.34
105747,16.12
105748,11.405
105749,8.105
105750,11.395
105751,13.17
105752,13.09
105753,7.68
105754,9.035
105755,9.365
105756,6.88
105757,9.85
105758,12.665
105759,8.8
105760,10.675
105761,9.345
105762,10.995
105763,9.44
105764,8.565
105765,9.585
105766,7.35
105767,9.205
105768,6.935
105769,9.245
105770,10.17
105771,8.465
105772,8.505
105773,15.385
105774,13.655
105775,10.44
105776,5.63
105777,10.955
105778,6.505
105779,14.41
105780,12.365
105781,10.315
105782,8.65
105783,6.73
105784,9.015
105785,13.2
105786,10.29
105787,6.99
105788,10.65
105789,12.95
105790,9.915
105791,10.215
105792,14.13
105793,10.64
105794,9.185
105795,13.83
105796,12.805
105797,10.645
105798,10.36
105799,7.255
105800,13.48
105801,9.89
105802,15.29
105803,10.94
105804,9.015
105805,5.09
105806,11.895
105807,9.76
105808,7.095
105809,6.535
105810,11.55
105811,8.895
105812,12.23
105813,11.225
105814,11.97
105815,7.935
105816,10.215
105817,10.015
105818,9.845
105819,10.265
105820,10.68
105821,9.79
105822,10.855
105823,8.295
105824,6.43
105825,8.815
105826,14.66
105827,10.37
105828,9.435
105829,7.285
105830,13.05
105831,11.155
105832,11.21
105833,5.98
105834,6.575
105835,10.12
105836,6.92
105837,5.36
105838,6.465
105839,11.04
105840,10.96
105841,6.68
105842,7.485
105843,8.67
105844,10.335
105845,17.525
105846,8.085
105847,9.15
105848,8.84
105849,11.675
105850,11.605
105851,8.615
105852,6.66
105853,6.605
105854,11.02
105855,7.02
105856,6.745
105857,4.955
105858,10.675
105859,13.135
105860,11.85
105861,11.92
105862,9.8
105863,11.695
105864,6.52
105865,14.385
105866,10.95
105867,9.27
105868,11.955
105869,9.11
105870,10.03
105871,14.29
105872,11.605
105873,9.39
105874,11.825
105875,6.88
105876,9.95
105877,8.53
105878,11.32
105879,8.955
105880,5.765
105881,8.955
105882,14.76
105883,8.82
105884,6.945
105885,10.965
105886,4.955
105887,8.45
105888,7.37
105889,11.655
105890,7.09
105891,12.81
105892,9.655
105893,9.325
105894,10.915
105895,9.355
105896,10.54
105897,15.25
105898,11.135
105899,10.945
105900,7.92
105901,9.185
105902,7.73
105903,9.38
105904,6.145
105905,10.85
105906,11.095
105907,9.165
105908,11.335
105909,10.26
105910,16.525
105911,10.505
105912,9.955
105913,8.16
105914,8.685
105915,10.98
105916,9.865
105917,7.4
105918,9.585
105919,10.39
105920,12.765
105921,6.275
105922,10.72
105923,17.565
105924,11.49
105925,12.78
105926,9.41
105927,6.215
105928,9.405
105929,12.045
105930,7.315
105931,7.245
105932,10.545
105933,6.815
105934,7.055
105935,8.26
105936,10.345
105937,12.92
105938,9.8
105939,10.96
105940,8.44
105941,9.945
105942,7.25
105943,11.325
105944,5.875
105945,6.555
105946,6.88
105947,6.79
105948,12.88
105949,15.73
105950,16.18
105951,11.17
105952,10.04
105953,12.455
105954,11.875
105955,10.5
105956,9.99
105957,8.085
105958,8.48
105959,14.175
105960,11.405
105961,11.615
105962,10.11
105963,12.88
105964,6.76
105965,8.265
105966,10.78
105967,10.24
105968,10.03
105969,13.115
105970,13.525
105971,10.58
105972,9.845
105973,10.585
105974,10.745
105975,9.445
105976,11.065
105977,15.805
105978,6.74
105979,7.9
105980,10.18
105981,8.045
105982,12.235
105983,10.76
105984,10.585
105985,14.01
105986,6.855
105987,9.715
105988,8.53
105989,9.86
105990,10.78
105991,8.02
105992,9.27
105993,10.735
105994,9.81
105995,10.93
105996,9.07
105997,9.61
105998,6.845
105999,10.255
106000,7.605
106001,7.055
106002,6.695
106003,10.885
106004,17.145
106005,6.175
106006,6.935
106007,6.46
106008,9.085
106009,10.415
106010,11.51
106011,10.245
106012,9.035
106013,10.965
106014,10.775
106015,10.76
106016,17.3
106017,8.385
106018,8.15
106019,12.205
106020,8.36
106021,10.4
106022,10.655
106023,7.91
106024,7.79
106025,6.625
106026,6.52
106027,11.87
106028,11.025
106029,6.57
106030,12.395
106031,10.19
106032,7.455
106033,9.485
106034,11.5
106035,11.445
106036,9.5
106037,4.4
106038,10.0
106039,8.27
106040,14.335
106041,10.675
106042,5.6
106043,6.975
106044,4.97
106045,14.07
106046,14.04
106047,16.55
106048,11.34
106049,10.005
106050,11.725
106051,8.92
106052,9.755
106053,8.925
106054,10.885
106055,5.42
106056,7.02
106057,10.42
106058,9.435
106059,5.85
106060,14.84
106061,5.465
106062,6.615
106063,10.365
106064,10.55
106065,13.315
106066,6.515
106067,6.405
106068,12.145
106069,8.905
106070,12.395
106071,10.865
106072,14.13
106073,8.865
106074,11.25
106075,5.78
106076,7.715
106077,10.49
106078,10.425
106079,10.855
106080,12.955
106081,7.555
106082,11.595
106083,9.885
106084,4.12
106085,11.41
106086,11.13
106087,11.465
106088,5.965
106089,7.64
106090,11.405
106091,10.385
106092,9.695
106093,6.235
106094,14.225
106095,7.015
106096,12.195
106097,9.785
106098,8.01
106099,9.17
106100,9.76
106101,12.395
106102,13.045
106103,10.095
106104,8.075
106105,9.475
106106,9.675
106107,11.315
106108,12.915
106109,5.625
106110,9.275
106111,11.79
106112,3.9
106113,6.815
106114,11.25
106115,10.625
106116,9.38
106117,11.735
106118,7.8
106119,6.965
106120,11.155
106121,10.5
106122,11.315
106123,9.3
106124,13.345
106125,7.49
106126,10.475
106127,9.73
106128,13.715
106129,7.525
106130,11.335
106131,12.735
106132,11.4
106133,11.44
106134,11.895
106135,5.56
106136,16.355
106137,11.46
106138,9.855
106139,12.335
106140,4.98
106141,6.775
106142,10.745
106143,8.42
106144,6.855
106145,9.425
106146,9.06
106147,11.62
106148,11.91
106149,9.385
106150,12.04
106151,9.425
106152,15.06
106153,7.53
106154,9.765
106155,4.925
106156,10.585
106157,7.585
106158,7.61
106159,10.64
106160,11.175
106161,12.35
106162,8.755
106163,10.125
106164,10.71
106165,6.35
106166,10.7
106167,10.4
106168,7.77
106169,9.71
106170,9.805
106171,7.995
106172,11.885
106173,5.715
106174,12.2
106175,10.785
106176,9.335
106177,16.85
106178,6.075
106179,10.875
106180,7.07
106181,9.335
106182,10.95
106183,3.895
106184,9.865
106185,8.835
106186,10.52
106187,9.2
106188,11.465
106189,7.88
106190,10.84
106191,5.62
106192,6.135
106193,10.435
106194,13.53
106195,11.745
106196,15.255
106197,12.43
106198,8.44
106199,9.8
106200,8.245
106201,7.235
106202,11.02
106203,11.775
106204,6.86
106205,11.115
106206,5.57
106207,9.68
106208,8.06
106209,9.835
106210,9.81
106211,21.865
106212,15.825
106213,9.46
106214,10.265
106215,11.145
106216,9.055
106217,10.0
106218,7.11
106219,11.225
106220,6.665
106221,10.585
106222,9.28
106223,8.15
106224,6.825
106225,10.72
106226,3.885
106227,11.015
106228,7.38
106229,6.75
106230,17.345
106231,7.835
106232,10.755
106233,6.62
106234,9.6
106235,12.29
106236,11.83
106237,12.53
106238,9.415
106239,16.275
106240,4.64
106241,7.895
106242,10.195
106243,8.275
106244,8.12
106245,10.95
106246,12.275
106247,11.15
106248,9.23
106249,9.17
106250,13.495
106251,7.4
106252,10.065
106253,12.765
106254,12.73
106255,10.73
106256,13.32
106257,10.685
106258,11.54
106259,14.035
106260,6.57
106261,11.77
106262,6.68
106263,6.74
106264,11.505
106265,11.265
106266,4.52
106267,13.085
106268,12.25
106269,8.795
106270,12.615
106271,6.585
106272,7.065
106273,9.645
106274,9.785
106275,7.625
106276,9.835
106277,12.505
106278,4.925
106279,10.0
106280,9.735
106281,9.25
106282,10.035
106283,9.555
106284,10.79
106285,10.78
106286,6.925
106287,12.26
106288,11.755
106289,5.7
106290,14.355
106291,17.01
106292,9.82
106293,11.61
106294,9.48
106295,9.8
106296,6.31
106297,12.29
106298,7.15
106299,7.0
106300,7.985
106301,4.455
106302,14.24
106303,8.72
106304,10.545
106305,10.7
106306,11.765
106307,6.18
106308,11.58
106309,11.83
106310,9.485
106311,8.93
106312,12.745
106313,15.335
106314,5.16
106315,6.55
106316,14.35
106317,12.005
106318,12.105
106319,12.26
106320,9.24
106321,16.72
106322,8.02
106323,10.475
106324,12.835
106325,12.23
106326,10.205
106327,11.84
106328,9.18
106329,15.03
106330,7.595
106331,9.205
106332,4.89
106333,9.675
106334,13.315
106335,9.25
106336,14.73
106337,11.46
106338,11.545
106339,8.845
106340,8.75
106341,11.28
106342,12.775
106343,11.635
106344,12.32
106345,11.61
106346,16.62
106347,9.97
106348,12.23
106349,20.315
106350,13.075
106351,8.855
106352,8.99
106353,7.23
106354,10.305
106355,6.75
106356,7.0
106357,10.055
106358,13.06
106359,7.04
106360,13.64
106361,9.635
106362,10.715
106363,14.47
106364,9.555
106365,9.18
106366,5.16
106367,13.8
106368,7.69
106369,10.23
106370,7.03
106371,12.885
106372,8.15
106373,14.23
106374,12.785
106375,8.23
106376,19.285
106377,13.075
106378,9.09
106379,9.39
106380,7.165
106381,13.935
106382,8.52
106383,10.525
106384,12.635
106385,13.295
106386,10.99
106387,9.375
106388,10.515
106389,9.83
106390,14.985
106391,15.58
106392,5.92
106393,5.505
106394,10.715
106395,13.95
106396,6.445
106397,7.85
106398,19.13
106399,12.205
106400,11.895
106401,8.345
106402,8.41
106403,10.79
106404,7.065
106405,13.65
106406,10.68
106407,10.45
106408,7.18
106409,9.12
106410,6.515
106411,9.51
106412,10.685
106413,11.445
106414,11.67
106415,8.935
106416,12.365
106417,9.32
106418,12.08
106419,12.315
106420,5.04
106421,11.635
106422,9.5
106423,10.12
106424,6.71
106425,7.605
106426,8.18
106427,14.88
106428,9.99
106429,8.595
106430,8.13
106431,3.88
106432,17.19
106433,4.955
106434,6.765
106435,11.145
106436,9.07
106437,9.72
106438,10.715
106439,7.955
106440,7.165
106441,9.095
106442,6.955
106443,10.56
106444,12.1
106445,9.075
106446,11.91
106447,11.345
106448,9.22
106449,10.09
106450,14.69
106451,8.59
106452,8.425
106453,9.19
106454,5.785
106455,11.61
106456,10.105
106457,9.61
106458,5.16
106459,11.255
106460,11.575
106461,11.51
106462,9.495
106463,11.645
106464,5.33
106465,16.625
106466,12.23
106467,11.935
106468,11.105
106469,10.655
106470,11.79
106471,9.97
106472,4.07
106473,7.22
106474,11.995
106475,11.44
106476,9.31
106477,10.135
106478,6.93
106479,8.45
106480,9.515
106481,8.42
106482,9.995
106483,9.31
106484,9.38
106485,5.3
106486,7.97
106487,10.795
106488,12.19
106489,7.935
106490,9.23
106491,11.04
106492,10.43
106493,9.755
106494,8.96
106495,8.665
106496,9.27
106497,11.36
106498,10.53
106499,6.82
106500,14.11
106501,14.105
106502,16.3
106503,9.77
106504,11.84
106505,7.15
106506,9.54
106507,10.405
106508,18.035
106509,15.745
106510,5.785
106511,9.78
106512,7.805
106513,10.185
106514,9.35
106515,9.34
106516,9.08
106517,13.265
106518,13.815
106519,9.795
106520,8.95
106521,10.715
106522,15.26
106523,7.205
106524,6.595
106525,6.395
106526,9.09
106527,4.365
106528,9.86
106529,9.85
106530,10.745
106531,7.735
106532,7.605
106533,10.805
106534,8.865
106535,11.02
106536,7.545
106537,9.255
106538,10.175
106539,10.62
106540,3.71
106541,11.73
106542,11.99
106543,12.125
106544,9.87
106545,9.595
106546,6.675
106547,11.13
106548,9.645
106549,16.75
106550,9.735
106551,8.83
106552,8.045
106553,12.715
106554,10.03
106555,10.7
106556,8.41
106557,10.07
106558,8.505
106559,6.07
106560,9.81
106561,7.2
106562,9.975
106563,8.37
106564,8.6
106565,11.795
106566,9.195
106567,9.385
106568,9.86
106569,7.9
106570,7.35
106571,9.29
106572,11.835
106573,10.215
106574,7.73
106575,9.74
106576,17.25
106577,5.135
106578,9.975
106579,5.215
106580,14.88
106581,10.835
106582,8.035
106583,15.015
106584,9.26
106585,10.85
106586,10.835
106587,6.765
106588,5.045
106589,9.085
106590,8.705
106591,6.71
106592,9.785
106593,9.365
106594,8.155
106595,10.36
106596,10.16
106597,9.945
106598,13.945
106599,10.36
106600,10.01
106601,4.065
106602,10.89
106603,10.775
106604,11.745
106605,10.27
106606,12.12
106607,14.495
106608,10.8
106609,9.32
106610,12.95
106611,10.86
106612,5.26
106613,7.03
106614,16.8
106615,10.935
106616,16.37
106617,7.16
106618,4.88
106619,13.72
106620,13.235
106621,7.935
106622,14.12
106623,9.445
106624,10.97
106625,10.665
106626,8.11
106627,11.96
106628,16.86
106629,12.41
106630,11.45
106631,9.545
106632,13.965
106633,12.13
106634,10.37
106635,10.465
106636,8.21
106637,7.795
106638,7.97
106639,13.825
106640,8.485
106641,6.98
106642,5.055
106643,7.775
106644,10.17
106645,7.12
106646,10.545
106647,6.77
106648,16.925
106649,8.01
106650,10.7
106651,11.36
106652,8.04
106653,6.64
106654,15.795
106655,9.46
106656,11.86
106657,10.805
106658,13.015
106659,9.325
106660,13.265
106661,10.32
106662,9.455
106663,13.825
106664,12.22
106665,7.415
106666,7.61
106667,14.56
106668,10.235
106669,5.1
106670,6.275
106671,12.18
106672,10.585
106673,9.395
106674,6.83
106675,9.625
106676,6.625
106677,11.01
106678,10.27
106679,9.99
106680,7.45
106681,14.065
106682,7.15
106683,11.525
106684,9.975
106685,9.635
106686,11.08
106687,4.875
106688,10.585
106689,10.63
106690,10.44
106691,7.835
106692,9.7
106693,6.77
106694,10.945
106695,9.735
106696,8.05
106697,8.93
106698,8.75
106699,11.01
106700,9.935
106701,6.925
106702,9.07
106703,7.86
106704,11.73
106705,9.795
106706,13.7
106707,9.975
106708,7.225
106709,13.575
106710,7.93
106711,10.995
106712,9.985
106713,14.515
106714,5.0
106715,9.93
106716,9.855
106717,6.73
106718,15.825
106719,8.315
106720,7.975
106721,12.565
106722,10.235
106723,14.005
106724,10.735
106725,10.325
106726,10.645
106727,8.925
106728,8.225
106729,10.55
106730,12.665
106731,7.69
106732,10.075
106733,11.14
106734,11.905
106735,9.305
106736,10.525
106737,8.0
106738,14.11
106739,4.72
106740,14.045
106741,17.8
106742,7.495
106743,13.635
106744,10.195
106745,10.13
106746,7.825
106747,9.86
106748,6.11
106749,8.625
106750,10.845
106751,10.46
106752,14.67
106753,14.985
106754,10.81
106755,11.695
106756,8.25
106757,10.25
106758,8.23
106759,11.37
106760,10.685
106761,9.29
106762,3.97
106763,14.105
106764,9.16
106765,8.81
106766,8.09
106767,12.42
106768,12.015
106769,10.03
106770,11.525
106771,11.115
106772,10.13
106773,4.725
106774,7.865
106775,6.685
106776,8.02
106777,9.185
106778,13.615
106779,10.765
106780,11.735
106781,17.355
106782,9.28
106783,8.875
106784,9.01
106785,7.955
106786,10.65
106787,15.31
106788,11.735
106789,14.265
106790,12.925
106791,10.52
106792,11.135
106793,8.675
106794,9.835
106795,10.84
106796,9.215
106797,5.1
106798,13.49
106799,8.08
106800,10.685
106801,12.06
106802,13.23
106803,10.995
106804,8.265
106805,10.585
106806,9.065
106807,18.59
106808,6.94
106809,13.14
106810,10.6
106811,11.51
106812,9.805
106813,11.3
106814,9.96
106815,7.845
106816,11.53
106817,10.035
106818,11.735
106819,9.87
106820,11.005
106821,4.19
106822,15.655
106823,13.43
106824,5.095
106825,6.43
106826,4.74
106827,9.315
106828,11.615
106829,15.38
106830,11.47
106831,10.205
106832,7.83
106833,6.56
106834,7.195
106835,11.27
106836,6.505
106837,12.115
106838,10.045
106839,9.38
106840,9.42
106841,8.825
106842,9.03
106843,5.465
106844,14.14
106845,7.03
106846,15.61
106847,10.97
106848,8.12
106849,15.965
106850,8.085
106851,9.6
106852,7.255
106853,9.17
106854,10.54
106855,8.005
106856,11.41
106857,13.54
106858,6.05
106859,9.76
106860,8.58
106861,8.245
106862,14.51
106863,9.095
106864,10.66
106865,9.89
106866,14.255
106867,6.255
106868,6.225
106869,14.12
106870,12.875
106871,7.52
106872,12.845
106873,16.965
106874,12.165
106875,11.705
106876,9.635
106877,9.585
106878,9.745
106879,11.495
106880,11.7
106881,11.51
106882,8.895
106883,6.69
106884,14.59
106885,9.57
106886,14.245
106887,11.78
106888,7.825
106889,10.565
106890,11.74
106891,10.985
106892,9.61
106893,10.625
106894,13.765
106895,6.05
106896,10.775
106897,15.69
106898,10.835
106899,10.235
106900,4.715
106901,7.325
106902,11.9
106903,9.815
106904,10.43
106905,9.115
106906,10.505
106907,9.575
106908,11.97
106909,10.32
106910,10.615
106911,5.745
106912,10.985
106913,11.835
106914,14.805
106915,10.78
106916,8.985
106917,9.695
106918,8.885
106919,10.27
106920,19.95
106921,10.505
106922,11.61
106923,8.575
106924,4.29
106925,9.065
106926,10.335
106927,11.085
106928,11.05
106929,8.0
106930,12.01
106931,12.26
106932,8.775
106933,10.74
106934,10.23
106935,8.82
106936,14.09
106937,7.935
106938,16.585
106939,9.17
106940,8.93
106941,11.57
106942,9.9
106943,8.775
106944,12.925
106945,9.05
106946,10.785
106947,13.975
106948,10.2
106949,8.045
106950,14.675
106951,15.24
106952,9.31
106953,5.3
106954,7.275
106955,12.905
106956,18.09
106957,9.345
106958,12.26
106959,10.75
106960,14.48
106961,12.385
106962,9.53
106963,11.385
106964,11.405
106965,7.44
106966,11.045
106967,15.37
106968,17.2
106969,13.085
106970,9.02
106971,10.345
106972,10.82
106973,9.585
106974,10.265
106975,13.375
106976,10.565
106977,10.705
106978,9.885
106979,6.695
106980,8.965
106981,8.21
106982,12.085
106983,14.895
106984,9.89
106985,11.77
106986,7.185
106987,6.775
106988,4.8
106989,12.67
106990,9.06
106991,12.08
106992,15.335
106993,5.795
106994,13.31
106995,11.465
106996,12.34
106997,9.825
106998,5.69
106999,6.775
107000,10.45
107001,6.75
107002,11.685
107003,10.74
107004,7.935
107005,8.175
107006,8.8
107007,10.58
107008,12.355
107009,11.345
107010,7.785
107011,9.015
107012,7.46
107013,11.95
107014,6.735
107015,15.735
107016,9.61
107017,12.635
107018,6.33
107019,13.15
107020,8.38
107021,12.175
107022,4.765
107023,10.705
107024,10.98
107025,9.595
107026,11.84
107027,14.4
107028,10.6
107029,11.59
107030,13.885
107031,12.52
107032,17.55
107033,10.8
107034,6.115
107035,7.28
107036,8.96
107037,10.075
107038,11.98
107039,9.535
107040,9.88
107041,11.725
107042,10.875
107043,9.625
107044,11.71
107045,8.745
107046,12.99
107047,9.315
107048,9.59
107049,9.035
107050,9.095
107051,12.14
107052,15.48
107053,5.375
107054,10.565
107055,8.475
107056,8.33
107057,14.7
107058,9.64
107059,9.59
107060,14.685
107061,10.035
107062,4.7
107063,5.79
107064,11.82
107065,12.23
107066,6.62
107067,10.765
107068,5.305
107069,8.275
107070,11.075
107071,11.09
107072,10.43
107073,10.5
107074,10.28
107075,7.98
107076,10.565
107077,15.445
107078,8.225
107079,10.915
107080,10.015
107081,10.72
107082,12.365
107083,12.72
107084,6.71
107085,14.185
107086,6.865
107087,9.85
107088,7.675
107089,9.765
107090,12.21
107091,15.225
107092,10.37
107093,11.295
107094,13.73
107095,16.96
107096,7.705
107097,11.91
107098,12.075
107099,7.525
107100,10.76
107101,11.145
107102,4.92
107103,11.155
107104,5.155
107105,5.325
107106,7.115
107107,7.395
107108,9.295
107109,11.475
107110,9.56
107111,11.165
107112,9.215
107113,12.715
107114,10.385
107115,9.39
107116,6.785
107117,6.6
107118,10.325
107119,8.95
107120,10.125
107121,10.575
107122,8.405
107123,12.135
107124,6.935
107125,9.665
107126,9.72
107127,13.145
107128,9.6
107129,12.405
107130,9.84
107131,11.05
107132,13.75
107133,14.905
107134,11.01
107135,11.365
107136,11.105
107137,9.725
107138,11.015
107139,7.825
107140,11.625
107141,9.015
107142,11.41
107143,9.69
107144,5.71
107145,10.735
107146,10.105
107147,6.8
107148,15.655
107149,9.89
107150,17.73
107151,6.9
107152,10.565
107153,8.405
107154,16.105
107155,16.57
107156,8.44
107157,9.095
107158,6.37
107159,4.895
107160,8.845
107161,6.84
107162,9.665
107163,14.925
107164,11.895
107165,11.28
107166,12.82
107167,13.605
107168,11.175
107169,7.815
107170,6.45
107171,11.385
107172,16.37
107173,10.01
107174,11.22
107175,9.76
107176,8.615
107177,9.33
107178,12.015
107179,10.675
107180,15.61
107181,12.795
107182,6.17
107183,10.665
107184,5.025
107185,11.44
107186,14.195
107187,8.9
107188,8.135
107189,14.415
107190,9.34
107191,10.37
107192,6.58
107193,6.915
107194,11.785
107195,10.635
107196,12.4
107197,11.825
107198,11.475
107199,10.03
107200,7.915
107201,10.76
107202,9.32
107203,7.385
107204,10.065
107205,12.5
107206,10.405
107207,7.045
107208,14.135
107209,13.815
107210,10.14
107211,12.0
107212,8.51
107213,5.59
107214,8.185
107215,9.515
107216,19.805
107217,12.12
107218,10.605
107219,13.28
107220,11.34
107221,8.165
107222,9.45
107223,9.205
107224,14.47
107225,4.535
107226,7.395
107227,16.18
107228,10.13
107229,9.68
107230,7.955
107231,9.245
107232,15.085
107233,9.87
107234,6.895
107235,15.485
107236,17.06
107237,9.29
107238,6.995
107239,8.285
107240,5.95
107241,12.08
107242,12.68
107243,9.855
107244,12.1
107245,10.655
107246,11.1
107247,10.925
107248,9.77
107249,12.055
107250,10.06
107251,9.045
107252,13.775
107253,7.915
107254,12.435
107255,5.32
107256,12.635
107257,10.38
107258,13.395
107259,6.54
107260,10.47
107261,10.345
107262,10.5
107263,9.065
107264,9.615
107265,8.79
107266,14.055
107267,4.465
107268,6.555
107269,9.525
107270,9.18
107271,10.555
107272,12.23
107273,7.67
107274,12.12
107275,9.25
107276,12.31
107277,9.455
107278,6.855
107279,7.96
107280,13.38
107281,8.07
107282,8.855
107283,8.24
107284,8.1
107285,12.415
107286,10.67
107287,13.265
107288,6.355
107289,10.2
107290,9.69
107291,8.745
107292,8.32
107293,10.4
107294,9.78
107295,13.005
107296,9.9
107297,9.845
107298,9.195
107299,12.99
107300,12.905
107301,8.06
107302,15.565
107303,10.96
107304,12.11
107305,11.135
107306,7.645
107307,6.765
107308,10.875
107309,15.235
107310,14.265
107311,15.4
107312,9.8
107313,5.185
107314,4.91
107315,9.215
107316,11.455
107317,7.615
107318,12.32
107319,10.93
107320,6.26
107321,8.36
107322,9.575
107323,12.295
107324,10.77
107325,8.92
107326,3.655
107327,8.18
107328,10.36
107329,13.805
107330,7.545
107331,17.33
107332,9.49
107333,7.22
107334,9.72
107335,18.09
107336,10.155
107337,9.98
107338,12.265
107339,15.025
107340,8.525
107341,6.57
107342,11.2
107343,9.525
107344,11.365
107345,6.475
107346,9.215
107347,9.07
107348,5.36
107349,14.45
107350,4.75
107351,9.38
107352,13.27
107353,8.37
107354,12.06
107355,7.06
107356,10.62
107357,7.68
107358,14.735
107359,9.98
107360,15.28
107361,10.485
107362,9.025
107363,15.705
107364,11.39
107365,9.25
107366,9.77
107367,11.11
107368,11.45
107369,12.94
107370,10.165
107371,10.53
107372,10.755
107373,9.535
107374,8.54
107375,15.74
107376,9.78
107377,6.21
107378,10.46
107379,7.69
107380,11.455
107381,4.45
107382,10.205
107383,13.52
107384,11.15
107385,11.445
107386,7.975
107387,15.295
107388,11.23
107389,9.095
107390,10.54
107391,12.76
107392,10.435
107393,8.66
107394,10.61
107395,14.275
107396,7.905
107397,9.575
107398,12.375
107399,7.735
107400,15.085
107401,14.93
107402,10.375
107403,9.4
107404,10.275
107405,11.115
107406,8.895
107407,12.92
107408,10.67
107409,11.435
107410,12.705
107411,8.575
107412,8.315
107413,12.695
107414,12.06
107415,11.12
107416,7.365
107417,10.37
107418,8.16
107419,10.085
107420,9.975
107421,6.72
107422,8.85
107423,10.3
107424,13.25
107425,7.97
107426,11.685
107427,18.365
107428,14.145
107429,9.745
107430,14.93
107431,9.46
107432,7.295
107433,11.555
107434,10.145
107435,11.43
107436,5.42
107437,8.925
107438,9.61
107439,5.785
107440,4.82
107441,9.375
107442,9.94
107443,13.855
107444,10.495
107445,14.79
107446,9.94
107447,6.81
107448,13.365
107449,4.5
107450,9.075
107451,13.765
107452,4.485
107453,6.365
107454,6.82
107455,4.065
107456,10.64
107457,10.725
107458,11.495
107459,6.89
107460,9.35
107461,5.35
107462,11.19
107463,9.67
107464,7.69
107465,11.265
107466,15.47
107467,6.24
107468,15.825
107469,11.53
107470,7.76
107471,8.365
107472,9.37
107473,11.835
107474,10.41
107475,14.595
107476,11.275
107477,6.695
107478,15.125
107479,14.28
107480,13.85
107481,12.525
107482,12.185
107483,15.26
107484,11.855
107485,9.59
107486,4.675
107487,6.17
107488,17.365
107489,6.605
107490,10.065
107491,9.555
107492,9.325
107493,15.355
107494,9.7
107495,9.78
107496,6.61
107497,13.19
107498,9.35
107499,13.105
107500,10.195
107501,13.32
107502,10.99
107503,9.39
107504,15.435
107505,6.345
107506,12.63
107507,15.045
107508,9.84
107509,8.67
107510,9.38
107511,9.29
107512,10.12
107513,6.09
107514,10.405
107515,10.645
107516,4.91
107517,10.39
107518,10.12
107519,12.15
107520,14.54
107521,10.205
107522,9.775
107523,5.705
107524,10.46
107525,9.2
107526,9.41
107527,11.08
107528,6.3
107529,12.73
107530,12.135
107531,7.545
107532,10.51
107533,8.37
107534,6.28
107535,7.48
107536,9.96
107537,11.035
107538,10.945
107539,14.33
107540,18.535
107541,9.165
107542,16.785
107543,10.735
107544,8.93
107545,11.815
107546,14.67
107547,9.605
107548,15.055
107549,9.325
107550,10.0
107551,10.86
107552,4.99
107553,13.12
107554,5.005
107555,7.345
107556,12.47
107557,11.25
107558,10.86
107559,10.19
107560,13.44
107561,11.12
107562,6.895
107563,7.83
107564,6.01
107565,12.17
107566,5.54
107567,12.43
107568,14.27
107569,14.24
107570,13.875
107571,6.535
107572,9.49
107573,9.045
107574,9.375
107575,12.105
107576,7.845
107577,10.18
107578,9.31
107579,4.385
107580,7.73
107581,7.31
107582,13.315
107583,11.695
107584,11.155
107585,4.76
107586,10.01
107587,14.145
107588,10.545
107589,10.065
107590,6.27
107591,11.14
107592,9.585
107593,13.915
107594,9.435
107595,9.65
107596,9.36
107597,10.345
107598,14.095
107599,4.245
107600,10.66
107601,13.18
107602,7.725
107603,6.97
107604,8.14
107605,6.855
107606,6.575
107607,5.945
107608,6.71
107609,10.535
107610,10.68
107611,9.09
107612,9.225
107613,8.77
107614,9.485
107615,13.425
107616,5.69
107617,10.865
107618,14.855
107619,6.9
107620,11.805
107621,15.48
107622,9.275
107623,9.095
107624,8.39
107625,10.415
107626,11.475
107627,9.36
107628,11.21
107629,10.59
107630,7.465
107631,6.955
107632,5.035
107633,10.675
107634,10.75
107635,7.0
107636,7.27
107637,9.11
107638,11.12
107639,11.955
107640,7.15
107641,9.53
107642,10.565
107643,8.495
107644,11.43
107645,16.385
107646,14.035
107647,10.465
107648,11.635
107649,12.115
107650,10.08
107651,11.67
107652,9.535
107653,13.9
107654,11.645
107655,10.915
107656,14.67
107657,6.45
107658,9.005
107659,5.925
107660,12.24
107661,13.31
107662,6.58
107663,15.195
107664,9.085
107665,12.08
107666,19.04
107667,12.855
107668,13.085
107669,10.16
107670,11.28
107671,11.095
107672,9.225
107673,8.1
107674,10.75
107675,11.645
107676,9.43
107677,9.915
107678,9.385
107679,12.26
107680,10.545
107681,13.02
107682,8.865
107683,12.205
107684,6.04
107685,10.49
107686,4.135
107687,9.45
107688,12.58
107689,9.625
107690,7.41
107691,11.99
107692,8.785
107693,7.86
107694,11.015
107695,12.965
107696,12.395
107697,5.53
107698,9.525
107699,13.635
107700,10.255
107701,10.975
107702,11.815
107703,14.12
107704,11.02
107705,9.94
107706,12.605
107707,8.59
107708,7.495
107709,7.095
107710,7.24
107711,13.73
107712,12.935
107713,11.635
107714,13.185
107715,10.625
107716,7.25
107717,10.55
107718,6.92
107719,10.4
107720,11.01
107721,9.85
107722,7.085
107723,9.865
107724,13.815
107725,13.89
107726,15.83
107727,12.48
107728,9.925
107729,7.725
107730,7.855
107731,9.895
107732,10.57
107733,4.78
107734,9.17
107735,9.51
107736,15.835
107737,10.24
107738,9.22
107739,5.035
107740,9.03
107741,10.38
107742,15.055
107743,8.14
107744,5.055
107745,18.515
107746,7.125
107747,10.89
107748,9.57
107749,7.0
107750,18.29
107751,10.05
107752,9.78
107753,18.02
107754,6.855
107755,6.46
107756,10.36
107757,14.285
107758,10.835
107759,6.575
107760,7.31
107761,9.03
107762,10.255
107763,8.885
107764,6.375
107765,10.66
107766,8.195
107767,9.155
107768,5.415
107769,11.16
107770,10.77
107771,9.325
107772,11.11
107773,12.28
107774,10.13
107775,16.69
107776,9.635
107777,11.965
107778,9.275
107779,7.82
107780,13.395
107781,14.365
107782,11.69
107783,7.055
107784,6.15
107785,14.1
107786,8.53
107787,9.495
107788,4.06
107789,10.245
107790,11.365
107791,7.965
107792,11.115
107793,10.75
107794,6.07
107795,14.48
107796,7.785
107797,7.925
107798,7.015
107799,12.89
107800,11.095
107801,8.84
107802,10.56
107803,14.575
107804,7.515
107805,10.78
107806,10.61
107807,11.88
107808,11.305
107809,12.055
107810,6.31
107811,8.26
107812,6.065
107813,17.775
107814,7.275
107815,12.335
107816,10.77
107817,11.725
107818,17.45
107819,10.135
107820,9.685
107821,4.84
107822,9.635
107823,6.115
107824,10.48
107825,7.69
107826,10.29
107827,14.79
107828,11.705
107829,9.35
107830,7.145
107831,13.995
107832,9.86
107833,11.035
107834,14.55
107835,9.87
107836,13.23
107837,10.84
107838,13.7
107839,9.235
107840,12.61
107841,6.85
107842,10.48
107843,9.11
107844,9.93
107845,6.845
107846,7.93
107847,8.58
107848,10.675
107849,9.42
107850,10.39
107851,11.005
107852,11.975
107853,13.015
107854,9.915
107855,10.96
107856,8.64
107857,11.655
107858,8.82
107859,6.22
107860,7.425
107861,8.805
107862,9.98
107863,12.77
107864,11.36
107865,9.13
107866,7.75
107867,8.37
107868,13.885
107869,18.035
107870,5.59
107871,6.8
107872,10.79
107873,10.515
107874,11.495
107875,9.175
107876,17.68
107877,4.975
107878,4.9
107879,13.825
107880,10.9
107881,9.42
107882,10.005
107883,13.01
107884,11.685
107885,11.48
107886,15.67
107887,9.665
107888,9.6
107889,6.605
107890,13.215
107891,10.37
107892,13.13
107893,12.54
107894,9.85
107895,15.59
107896,10.265
107897,10.835
107898,11.685
107899,10.88
107900,9.305
107901,13.195
107902,13.87
107903,11.005
107904,10.69
107905,7.99
107906,9.56
107907,13.885
107908,9.905
107909,11.155
107910,12.485
107911,8.24
107912,6.41
107913,9.365
107914,8.455
107915,14.375
107916,9.605
107917,8.465
107918,11.58
107919,5.23
107920,9.59
107921,8.375
107922,11.63
107923,13.775
107924,11.55
107925,12.875
107926,10.56
107927,7.22
107928,15.92
107929,7.92
107930,14.335
107931,8.705
107932,13.25
107933,10.515
107934,14.57
107935,7.86
107936,8.055
107937,8.89
107938,6.965
107939,16.685
107940,6.96
107941,10.97
107942,9.725
107943,7.455
107944,7.75
107945,11.995
107946,8.06
107947,9.87
107948,9.485
107949,11.085
107950,7.75
107951,10.47
107952,9.78
107953,10.5
107954,15.275
107955,9.06
107956,12.385
107957,11.15
107958,7.12
107959,11.22
107960,19.705
107961,9.805
107962,6.055
107963,3.68
107964,10.72
107965,11.55
107966,14.86
107967,15.25
107968,7.595
107969,7.815
107970,16.93
107971,10.98
107972,14.835
107973,11.625
107974,12.815
107975,9.88
107976,10.635
107977,10.805
107978,13.125
107979,13.925
107980,7.865
107981,11.245
107982,12.505
107983,7.015
107984,13.37
107985,10.855
107986,15.51
107987,13.635
107988,10.02
107989,7.14
107990,10.47
107991,9.325
107992,12.77
107993,11.01
107994,11.505
107995,10.45
107996,7.335
107997,8.365
107998,5.12
107999,11.78
108000,14.93
108001,10.93
108002,12.675
108003,8.0
108004,14.22
108005,10.465
108006,14.895
108007,12.115
108008,10.395
108009,16.1
108010,9.845
108011,8.47
108012,10.85
108013,8.93
108014,11.095
108015,9.495
108016,10.195
108017,11.235
108018,10.41
108019,7.88
108020,7.6
108021,9.955
108022,10.56
108023,7.435
108024,8.29
108025,6.865
108026,10.345
108027,12.465
108028,7.055
108029,12.545
108030,10.43
108031,8.35
108032,10.665
108033,10.605
108034,10.815
108035,8.375
108036,11.55
108037,9.2
108038,13.085
108039,10.08
108040,9.05
108041,10.95
108042,9.435
108043,11.17
108044,9.525
108045,10.315
108046,10.585
108047,9.345
108048,7.155
108049,9.34
108050,7.0
108051,9.65
108052,7.88
108053,10.755
108054,6.685
108055,10.84
108056,12.2
108057,11.585
108058,8.735
108059,7.905
108060,9.13
108061,12.72
108062,4.305
108063,7.785
108064,10.53
108065,8.31
108066,12.305
108067,11.675
108068,6.42
108069,16.05
108070,5.735
108071,14.59
108072,10.75
108073,15.27
108074,14.38
108075,11.525
108076,8.5
108077,6.86
108078,4.435
108079,14.41
108080,7.83
108081,5.985
108082,10.71
108083,10.8
108084,10.34
108085,11.565
108086,15.11
108087,9.935
108088,6.705
108089,7.315
108090,9.105
108091,4.72
108092,9.705
108093,11.795
108094,9.38
108095,9.39
108096,10.765
108097,10.7
108098,10.285
108099,11.0
108100,18.235
108101,15.95
108102,7.945
108103,6.75
108104,12.14
108105,7.12
108106,10.925
108107,11.38
108108,13.49
108109,10.105
108110,10.845
108111,5.735
108112,9.42
108113,4.685
108114,11.925
108115,9.905
108116,8.965
108117,9.825
108118,10.38
108119,8.64
108120,15.6
108121,10.73
108122,9.22
108123,16.5
108124,12.455
108125,9.62
108126,8.885
108127,7.035
108128,9.025
108129,13.105
108130,10.265
108131,10.71
108132,12.72
108133,10.835
108134,10.635
108135,14.435
108136,11.355
108137,8.27
108138,5.73
108139,9.07
108140,4.29
108141,9.725
108142,14.18
108143,6.655
108144,14.545
108145,7.025
108146,7.425
108147,7.445
108148,13.425
108149,8.325
108150,12.085
108151,11.26
108152,8.43
108153,7.97
108154,12.295
108155,4.865
108156,9.0
108157,9.785
108158,8.255
108159,11.41
108160,14.21
108161,9.54
108162,8.87
108163,9.18
108164,9.285
108165,10.48
108166,5.08
108167,6.32
108168,8.56
108169,8.575
108170,11.555
108171,12.015
108172,9.765
108173,11.775
108174,13.025
108175,9.31
108176,9.565
108177,6.955
108178,14.865
108179,12.675
108180,14.35
108181,9.685
108182,8.885
108183,5.04
108184,6.87
108185,10.1
108186,5.915
108187,9.785
108188,11.245
108189,11.315
108190,7.56
108191,11.74
108192,7.99
108193,8.835
108194,6.7
108195,8.76
108196,12.005
108197,13.61
108198,7.83
108199,14.075
108200,12.915
108201,7.725
108202,9.665
108203,13.76
108204,9.735
108205,13.68
108206,7.99
108207,6.77
108208,10.68
108209,12.22
108210,6.855
108211,11.97
108212,8.07
108213,10.985
108214,7.885
108215,7.58
108216,6.01
108217,9.305
108218,9.73
108219,12.095
108220,12.155
108221,10.685
108222,13.68
108223,10.105
108224,12.54
108225,5.1
108226,5.365
108227,10.305
108228,7.025
108229,6.71
108230,11.58
108231,9.335
108232,17.905
108233,8.63
108234,11.89
108235,10.885
108236,11.23
108237,12.755
108238,8.48
108239,7.755
108240,8.59
108241,9.95
108242,10.81
108243,14.14
108244,17.58
108245,9.13
108246,7.275
108247,10.605
108248,15.205
108249,7.54
108250,10.475
108251,9.915
108252,7.085
108253,9.395
108254,13.68
108255,13.545
108256,14.575
108257,9.43
108258,10.115
108259,9.075
108260,7.41
108261,8.3
108262,11.485
108263,13.925
108264,10.34
108265,9.82
108266,9.085
108267,13.15
108268,10.365
108269,11.61
108270,5.97
108271,11.665
108272,9.32
108273,14.865
108274,11.395
108275,8.23
108276,8.45
108277,11.26
108278,6.435
108279,11.88
108280,7.215
108281,14.425
108282,10.015
108283,9.465
108284,10.99
108285,10.35
108286,13.515
108287,11.97
108288,11.42
108289,9.25
108290,6.665
108291,13.035
108292,9.85
108293,10.445
108294,8.565
108295,9.34
108296,11.435
108297,14.535
108298,8.21
108299,15.54
108300,6.99
108301,5.825
108302,6.98
108303,6.99
108304,4.075
108305,9.465
108306,6.865
108307,10.82
108308,6.745
108309,7.25
108310,13.195
108311,14.25
108312,11.27
108313,7.105
108314,4.815
108315,10.42
108316,6.52
108317,12.74
108318,10.165
108319,11.25
108320,7.19
108321,12.39
108322,8.47
108323,6.88
108324,12.16
108325,11.955
108326,6.905
108327,4.755
108328,8.03
108329,6.12
108330,11.84
108331,10.195
108332,10.585
108333,9.1
108334,11.65
108335,13.69
108336,7.275
108337,15.7
108338,5.08
108339,14.135
108340,13.925
108341,11.27
108342,13.065
108343,4.735
108344,11.125
108345,8.115
108346,12.01
108347,11.355
108348,8.235
108349,9.38
108350,13.92
108351,9.925
108352,9.37
108353,8.265
108354,8.215
108355,7.71
108356,14.805
108357,9.88
108358,10.885
108359,14.845
108360,11.53
108361,9.94
108362,10.995
108363,8.125
108364,9.37
108365,10.135
108366,6.045
108367,8.01
108368,9.35
108369,10.52
108370,8.825
108371,15.35
108372,7.125
108373,6.325
108374,7.48
108375,9.075
108376,11.84
108377,12.525
108378,10.74
108379,9.225
108380,10.735
108381,9.97
108382,11.635
108383,11.86
108384,12.72
108385,10.12
108386,12.24
108387,9.94
108388,10.505
108389,10.365
108390,15.68
108391,10.61
108392,4.925
108393,8.595
108394,10.27
108395,10.415
108396,12.275
108397,8.555
108398,9.36
108399,9.53
108400,7.395
108401,10.76
108402,9.705
108403,13.38
108404,10.685
108405,10.37
108406,11.185
108407,8.505
108408,11.085
108409,11.595
108410,12.255
108411,10.765
108412,4.645
108413,15.92
108414,9.305
108415,12.775
108416,5.435
108417,11.225
108418,16.495
108419,8.07
108420,6.605
108421,9.635
108422,14.405
108423,7.065
108424,8.34
108425,9.815
108426,9.335
108427,16.88
108428,10.35
108429,11.2
108430,12.095
108431,7.515
108432,9.7
108433,10.4
108434,12.825
108435,11.225
108436,11.105
108437,5.595
108438,9.5
108439,18.385
108440,13.005
108441,9.605
108442,11.625
108443,10.66
108444,10.625
108445,8.555
108446,9.665
108447,13.05
108448,11.335
108449,8.83
108450,6.83
108451,14.7
108452,9.285
108453,12.93
108454,9.57
108455,6.435
108456,9.74
108457,10.225
108458,11.16
108459,12.225
108460,9.385
108461,12.085
108462,4.495
108463,6.01
108464,11.205
108465,15.04
108466,7.2
108467,10.075
108468,9.485
108469,13.12
108470,5.52
108471,10.85
108472,16.015
108473,11.57
108474,8.225
108475,6.275
108476,14.855
108477,11.615
108478,10.695
108479,8.54
108480,13.555
108481,8.48
108482,9.965
108483,10.97
108484,16.97
108485,12.485
108486,11.755
108487,17.025
108488,10.625
108489,11.855
108490,10.32
108491,10.185
108492,10.0
108493,10.35
108494,18.59
108495,11.86
108496,12.21
108497,16.61
108498,14.775
108499,9.805
108500,9.56
108501,16.28
108502,14.99
108503,6.12
108504,9.405
108505,11.34
108506,13.025
108507,10.24
108508,12.825
108509,8.005
108510,9.65
108511,9.525
108512,12.82
108513,10.98
108514,10.805
108515,11.715
108516,13.44
108517,9.905
108518,10.33
108519,13.795
108520,9.595
108521,15.53
108522,13.615
108523,11.145
108524,5.1
108525,10.18
108526,9.885
108527,7.88
108528,9.63
108529,12.405
108530,8.175
108531,8.495
108532,10.93
108533,4.65
108534,11.03
108535,7.185
108536,8.735
108537,10.03
108538,10.155
108539,8.11
108540,4.025
108541,13.935
108542,10.33
108543,9.51
108544,9.655
108545,18.45
108546,11.84
108547,9.5
108548,7.42
108549,10.87
108550,8.7
108551,6.95
108552,11.225
108553,10.45
108554,16.97
108555,12.27
108556,4.745
108557,10.92
108558,7.565
108559,7.705
108560,13.57
108561,12.855
108562,16.21
108563,9.43
108564,16.29
108565,9.075
108566,8.725
108567,15.515
108568,10.245
108569,9.72
108570,11.66
108571,13.1
108572,13.775
108573,11.65
108574,14.445
108575,11.5
108576,10.4
108577,9.615
108578,10.29
108579,10.145
108580,11.97
108581,9.31
108582,10.4
108583,12.85
108584,4.355
108585,6.78
108586,10.68
108587,11.82
108588,11.86
108589,10.945
108590,9.46
108591,12.965
108592,10.28
108593,15.595
108594,9.265
108595,14.185
108596,7.8
108597,10.09
108598,7.36
108599,7.495
108600,17.72
108601,4.815
108602,4.67
108603,11.2
108604,8.705
108605,9.57
108606,9.59
108607,7.07
108608,10.59
108609,13.47
108610,5.035
108611,4.44
108612,9.215
108613,8.45
108614,16.31
108615,7.66
108616,10.085
108617,10.075
108618,9.34
108619,6.55
108620,13.725
108621,10.505
108622,12.135
108623,6.885
108624,14.425
108625,10.735
108626,17.905
108627,11.78
108628,11.175
108629,11.45
108630,10.87
108631,8.86
108632,9.56
108633,12.15
108634,11.665
108635,11.59
108636,12.255
108637,11.525
108638,13.125
108639,12.41
108640,7.35
108641,3.865
108642,14.43
108643,7.08
108644,13.63
108645,8.91
108646,10.03
108647,7.765
108648,11.63
108649,6.99
108650,7.785
108651,7.38
108652,6.07
108653,10.03
108654,8.075
108655,10.65
108656,10.885
108657,6.72
108658,6.145
108659,11.315
108660,11.65
108661,6.19
108662,13.535
108663,10.735
108664,9.975
108665,5.495
108666,9.335
108667,8.71
108668,5.725
108669,14.23
108670,3.725
108671,7.41
108672,9.37
108673,10.44
108674,8.885
108675,11.05
108676,10.38
108677,9.575
108678,11.8
108679,5.745
108680,10.19
108681,11.31
108682,8.925
108683,7.79
108684,7.72
108685,10.055
108686,11.655
108687,8.26
108688,10.335
108689,7.625
108690,16.13
108691,7.85
108692,7.32
108693,13.78
108694,11.67
108695,8.22
108696,14.645
108697,8.76
108698,6.91
108699,10.625
108700,8.235
108701,9.715
108702,16.855
108703,14.225
108704,10.76
108705,8.89
108706,11.605
108707,5.7
108708,12.115
108709,7.535
108710,9.655
108711,9.055
108712,7.945
108713,6.88
108714,15.97
108715,10.42
108716,10.485
108717,8.065
108718,6.43
108719,10.52
108720,9.905
108721,7.145
108722,5.595
108723,11.175
108724,8.59
108725,7.7
108726,8.8
108727,6.95
108728,11.03
108729,13.295
108730,4.765
108731,10.925
108732,13.43
108733,9.16
108734,11.725
108735,12.525
108736,7.18
108737,7.71
108738,6.405
108739,9.66
108740,10.23
108741,10.675
108742,10.195
108743,10.0
108744,9.52
108745,10.995
108746,9.99
108747,14.385
108748,5.01
108749,10.54
108750,6.25
108751,6.685
108752,11.34
108753,7.825
108754,12.38
108755,10.93
108756,7.695
108757,9.375
108758,7.95
108759,8.755
108760,10.205
108761,20.6
108762,12.72
108763,10.995
108764,7.725
108765,7.61
108766,17.8
108767,6.255
108768,5.37
108769,6.17
108770,14.695
108771,4.44
108772,13.83
108773,11.49
108774,6.865
108775,8.835
108776,10.57
108777,15.02
108778,9.79
108779,9.57
108780,12.02
108781,8.19
108782,9.675
108783,9.235
108784,9.595
108785,8.145
108786,13.15
108787,14.445
108788,15.37
108789,9.825
108790,13.36
108791,11.555
108792,7.255
108793,10.645
108794,8.295
108795,10.075
108796,10.915
108797,10.465
108798,11.46
108799,9.735
108800,12.395
108801,13.875
108802,8.275
108803,12.345
108804,9.66
108805,9.75
108806,12.385
108807,12.915
108808,14.315
108809,14.01
108810,10.185
108811,11.225
108812,11.18
108813,15.315
108814,5.445
108815,10.6
108816,8.325
108817,13.715
108818,12.12
108819,9.74
108820,12.635
108821,13.05
108822,7.47
108823,15.87
108824,6.77
108825,9.42
108826,10.895
108827,15.175
108828,13.925
108829,10.205
108830,11.47
108831,14.785
108832,10.34
108833,13.99
108834,9.59
108835,6.9
108836,13.035
108837,10.65
108838,7.705
108839,9.955
108840,5.505
108841,12.225
108842,10.955
108843,7.94
108844,8.56
108845,4.955
108846,9.825
108847,10.425
108848,10.33
108849,11.41
108850,9.545
108851,8.555
108852,10.5
108853,10.745
108854,9.77
108855,12.015
108856,10.45
108857,9.725
108858,6.365
108859,12.79
108860,12.305
108861,11.935
108862,11.075
108863,8.58
108864,5.065
108865,10.665
108866,6.79
108867,9.395
108868,9.44
108869,8.21
108870,10.32
108871,10.22
108872,10.935
108873,6.77
108874,9.36
108875,10.515
108876,14.14
108877,9.2
108878,13.035
108879,8.455
108880,7.975
108881,6.8
108882,11.22
108883,9.67
108884,11.01
108885,9.085
108886,10.615
108887,7.925
108888,13.35
108889,10.505
108890,4.81
108891,18.615
108892,6.82
108893,14.965
108894,10.685
108895,6.015
108896,9.92
108897,9.64
108898,9.235
108899,12.22
108900,9.005
108901,12.42
108902,11.335
108903,12.775
108904,11.645
108905,9.69
108906,9.985
108907,11.13
108908,8.08
108909,12.665
108910,9.37
108911,9.515
108912,8.0
108913,10.38
108914,7.235
108915,14.94
108916,8.67
108917,16.375
108918,10.475
108919,7.35
108920,10.8
108921,7.01
108922,11.235
108923,10.685
108924,6.64
108925,10.995
108926,7.66
108927,10.11
108928,9.67
108929,11.935
108930,12.85
108931,10.61
108932,8.39
108933,14.465
108934,9.64
108935,10.005
108936,15.13
108937,11.745
108938,12.01
108939,11.355
108940,10.135
108941,10.72
108942,10.425
108943,12.63
108944,9.26
108945,11.655
108946,14.385
108947,8.555
108948,11.165
108949,8.715
108950,12.725
108951,7.74
108952,10.515
108953,9.16
108954,10.965
108955,10.91
108956,5.895
108957,7.255
108958,10.735
108959,9.435
108960,11.03
108961,10.54
108962,7.885
108963,6.04
108964,7.405
108965,8.49
108966,7.93
108967,10.125
108968,11.075
108969,20.62
108970,11.025
108971,7.9
108972,10.74
108973,9.035
108974,8.145
108975,12.125
108976,13.425
108977,9.67
108978,9.605
108979,7.66
108980,16.775
108981,10.855
108982,10.575
108983,16.6
108984,11.395
108985,11.47
108986,16.185
108987,8.23
108988,8.865
108989,10.065
108990,6.115
108991,9.025
108992,8.325
108993,11.105
108994,6.945
108995,4.79
108996,14.715
108997,6.665
108998,10.795
108999,8.695
109000,11.16
109001,10.915
109002,12.33
109003,7.44
109004,7.045
109005,9.3
109006,10.255
109007,9.14
109008,6.94
109009,6.82
109010,8.61
109011,7.985
109012,4.35
109013,8.89
109014,10.46
109015,10.4
109016,8.8
109017,10.215
109018,8.46
109019,5.82
109020,7.005
109021,11.29
109022,8.26
109023,9.425
109024,13.415
109025,8.875
109026,8.0
109027,9.7
109028,14.035
109029,10.925
109030,9.76
109031,5.38
109032,10.83
109033,11.2
109034,14.925
109035,5.74
109036,8.805
109037,11.57
109038,9.775
109039,12.29
109040,6.66
109041,6.63
109042,10.79
109043,11.07
109044,13.425
109045,9.025
109046,17.405
109047,10.05
109048,9.755
109049,6.635
109050,6.04
109051,13.9
109052,12.37
109053,6.785
109054,9.345
109055,10.29
109056,7.73
109057,8.6
109058,7.92
109059,8.44
109060,5.515
109061,5.02
109062,6.775
109063,7.02
109064,9.49
109065,5.155
109066,11.185
109067,11.035
109068,11.14
109069,13.575
109070,11.655
109071,7.59
109072,6.65
109073,6.9
109074,12.545
109075,8.145
109076,9.9
109077,6.105
109078,11.575
109079,5.24
109080,12.835
109081,9.01
109082,8.545
109083,7.64
109084,8.22
109085,13.42
109086,9.4
109087,7.985
109088,8.03
109089,10.155
109090,6.13
109091,7.27
109092,11.19
109093,8.21
109094,10.985
109095,8.035
109096,10.56
109097,16.735
109098,10.385
109099,8.93
109100,9.65
109101,8.32
109102,14.27
109103,5.0
109104,10.085
109105,16.765
109106,11.395
109107,13.23
109108,10.015
109109,10.13
109110,11.7
109111,9.195
109112,9.245
109113,9.95
109114,7.16
109115,11.645
109116,7.695
109117,11.105
109118,17.415
109119,7.3
109120,10.645
109121,10.075
109122,15.055
109123,10.75
109124,9.22
109125,8.08
109126,10.675
109127,12.585
109128,8.14
109129,9.735
109130,6.8
109131,6.39
109132,12.24
109133,9.64
109134,12.895
109135,8.305
109136,7.28
109137,9.475
109138,7.735
109139,11.8
109140,10.75
109141,9.015
109142,9.61
109143,14.5
109144,11.55
109145,13.765
109146,11.365
109147,10.275
109148,10.56
109149,11.5
109150,15.485
109151,10.93
109152,11.63
109153,9.385
109154,12.505
109155,9.065
109156,6.925
109157,4.56
109158,9.9
109159,6.11
109160,12.3
109161,14.46
109162,13.885
109163,10.86
109164,9.8
109165,15.27
109166,10.895
109167,13.505
109168,8.16
109169,18.34
109170,3.9
109171,8.49
109172,9.59
109173,10.815
109174,8.095
109175,7.2
109176,6.52
109177,9.2
109178,6.565
109179,6.69
109180,7.945
109181,8.1
109182,10.81
109183,6.525
109184,10.675
109185,8.86
109186,10.52
109187,10.455
109188,12.52
109189,9.98
109190,10.945
109191,15.315
109192,7.175
109193,9.03
109194,5.28
109195,6.725
109196,10.145
109197,15.775
109198,10.8
109199,9.345
109200,8.25
109201,17.09
109202,9.21
109203,9.18
109204,11.385
109205,10.065
109206,8.015
109207,10.585
109208,14.605
109209,11.315
109210,10.0
109211,13.66
109212,15.195
109213,9.34
109214,8.775
109215,13.27
109216,8.43
109217,8.825
109218,6.79
109219,6.745
109220,7.945
109221,10.815
109222,13.86
109223,14.015
109224,7.38
109225,11.16
109226,9.18
109227,11.175
109228,14.18
109229,12.295
109230,13.335
109231,11.55
109232,10.34
109233,10.645
109234,12.07
109235,8.99
109236,12.16
109237,10.38
109238,14.665
109239,11.475
109240,11.905
109241,14.905
109242,9.745
109243,7.335
109244,5.79
109245,11.255
109246,17.53
109247,8.41
109248,9.715
109249,13.665
109250,9.495
109251,10.83
109252,6.695
109253,9.47
109254,11.875
109255,10.66
109256,10.6
109257,5.3
109258,9.185
109259,10.59
109260,13.495
109261,9.045
109262,9.415
109263,5.775
109264,5.93
109265,6.21
109266,13.115
109267,9.95
109268,9.79
109269,8.285
109270,10.745
109271,8.955
109272,7.9
109273,7.74
109274,5.335
109275,6.145
109276,13.045
109277,7.24
109278,4.86
109279,8.765
109280,12.72
109281,5.19
109282,13.015
109283,8.815
109284,9.98
109285,12.375
109286,14.595
109287,9.315
109288,8.47
109289,14.83
109290,6.72
109291,8.04
109292,8.48
109293,10.07
109294,13.125
109295,11.535
109296,7.45
109297,9.24
109298,8.37
109299,11.965
109300,10.79
109301,11.095
109302,11.19
109303,9.31
109304,8.87
109305,10.605
109306,9.195
109307,10.86
109308,3.99
109309,6.28
109310,8.34
109311,7.005
109312,9.15
109313,12.945
109314,9.735
109315,10.515
109316,12.3
109317,7.285
109318,12.5
109319,11.49
109320,11.695
109321,10.875
109322,12.405
109323,7.165
109324,13.365
109325,10.02
109326,9.165
109327,10.76
109328,11.01
109329,9.445
109330,9.18
109331,7.67
109332,5.18
109333,10.005
109334,8.305
109335,13.32
109336,6.605
109337,10.66
109338,9.11
109339,11.65
109340,10.775
109341,9.94
109342,5.535
109343,14.43
109344,7.165
109345,11.23
109346,4.525
109347,11.995
109348,8.86
109349,8.295
109350,4.95
109351,8.225
109352,9.295
109353,9.935
109354,9.34
109355,6.345
109356,10.32
109357,14.725
109358,10.99
109359,8.785
109360,8.61
109361,3.955
109362,14.03
109363,14.795
109364,11.545
109365,11.835
109366,7.035
109367,7.815
109368,5.63
109369,15.26
109370,4.735
109371,8.115
109372,9.7
109373,9.72
109374,10.95
109375,9.84
109376,12.465
109377,8.595
109378,14.555
109379,11.025
109380,9.605
109381,7.41
109382,6.705
109383,7.95
109384,8.745
109385,14.94
109386,5.435
109387,10.68
109388,11.64
109389,19.165
109390,8.95
109391,12.315
109392,9.415
109393,8.535
109394,9.235
109395,11.505
109396,9.52
109397,7.105
109398,15.815
109399,8.855
109400,8.93
109401,7.845
109402,7.11
109403,11.845
109404,12.91
109405,8.765
109406,7.215
109407,10.52
109408,14.515
109409,15.785
109410,10.96
109411,11.84
109412,11.94
109413,9.79
109414,10.59
109415,8.25
109416,12.315
109417,11.47
109418,10.94
109419,11.005
109420,9.455
109421,12.21
109422,9.455
109423,12.37
109424,8.63
109425,10.38
109426,6.89
109427,15.07
109428,11.4
109429,10.29
109430,12.285
109431,11.955
109432,12.495
109433,7.74
109434,12.315
109435,6.89
109436,8.805
109437,10.055
109438,9.375
109439,10.615
109440,14.485
109441,11.995
109442,15.065
109443,4.24
109444,6.725
109445,11.705
109446,9.625
109447,9.67
109448,12.795
109449,10.475
109450,8.615
109451,11.685
109452,4.835
109453,10.19
109454,10.815
109455,11.05
109456,9.195
109457,6.79
109458,9.9
109459,11.005
109460,8.37
109461,6.565
109462,7.46
109463,10.42
109464,8.475
109465,12.66
109466,10.695
109467,8.965
109468,6.265
109469,9.855
109470,10.75
109471,10.095
109472,7.98
109473,10.16
109474,11.045
109475,9.74
109476,13.905
109477,9.17
109478,8.565
109479,13.39
109480,10.535
109481,10.81
109482,8.1
109483,12.265
109484,10.64
109485,10.815
109486,14.465
109487,10.18
109488,10.555
109489,10.87
109490,8.705
109491,10.02
109492,9.31
109493,16.315
109494,7.165
109495,14.34
109496,14.485
109497,6.03
109498,8.675
109499,16.345
109500,9.94
109501,11.62
109502,13.37
109503,9.495
109504,7.67
109505,10.705
109506,11.975
109507,7.75
109508,12.47
109509,11.165
109510,19.875
109511,8.54
109512,15.745
109513,9.44
109514,12.37
109515,10.795
109516,5.915
109517,11.09
109518,10.715
109519,8.03
109520,14.89
109521,12.975
109522,11.89
109523,7.43
109524,9.56
109525,5.935
109526,8.6
109527,5.575
109528,10.12
109529,7.285
109530,12.36
109531,8.945
109532,9.56
109533,9.705
109534,10.94
109535,10.62
109536,10.115
109537,12.92
109538,15.225
109539,11.495
109540,9.405
109541,16.23
109542,9.88
109543,10.805
109544,11.025
109545,6.52
109546,6.75
109547,7.06
109548,11.675
109549,6.5
109550,5.93
109551,10.81
109552,10.615
109553,10.51
109554,16.155
109555,3.95
109556,10.795
109557,10.435
109558,5.195
109559,9.285
109560,8.88
109561,10.94
109562,11.09
109563,12.11
109564,9.88
109565,11.2
109566,12.62
109567,6.845
109568,10.935
109569,13.41
109570,12.43
109571,8.23
109572,11.97
109573,12.95
109574,9.49
109575,13.425
109576,12.195
109577,11.39
109578,13.82
109579,14.22
109580,14.085
109581,10.47
109582,8.97
109583,14.435
109584,9.42
109585,9.31
109586,12.11
109587,17.56
109588,12.605
109589,9.135
109590,13.05
109591,10.48
109592,9.635
109593,6.58
109594,10.07
109595,11.65
109596,9.67
109597,10.395
109598,7.63
109599,9.405
109600,12.015
109601,11.665
109602,6.735
109603,13.69
109604,8.095
109605,12.53
109606,13.26
109607,11.665
109608,10.13
109609,11.055
109610,11.775
109611,10.47
109612,9.685
109613,9.055
109614,5.935
109615,10.07
109616,8.64
109617,6.105
109618,6.82
109619,12.83
109620,11.685
109621,7.775
109622,9.665
109623,7.855
109624,9.74
109625,10.115
109626,7.755
109627,12.265
109628,15.25
109629,9.2
109630,14.08
109631,10.12
109632,10.785
109633,8.595
109634,11.285
109635,9.59
109636,15.795
109637,10.66
109638,7.48
109639,7.875
109640,11.545
109641,9.14
109642,8.19
109643,8.64
109644,8.495
109645,11.07
109646,11.895
109647,8.99
109648,10.39
109649,7.65
109650,10.665
109651,8.925
109652,11.365
109653,4.7
109654,14.035
109655,8.74
109656,8.81
109657,10.41
109658,11.23
109659,11.1
109660,15.635
109661,15.235
109662,11.325
109663,13.19
109664,6.77
109665,9.555
109666,7.41
109667,15.66
109668,7.365
109669,10.02
109670,16.41
109671,7.93
109672,10.675
109673,10.41
109674,16.14
109675,9.85
109676,11.17
109677,8.25
109678,9.825
109679,10.36
109680,11.615
109681,6.555
109682,8.53
109683,14.845
109684,12.075
109685,10.15
109686,11.85
109687,4.63
109688,9.73
109689,11.41
109690,5.015
109691,8.835
109692,9.965
109693,8.74
109694,10.815
109695,9.105
109696,11.575
109697,15.485
109698,9.465
109699,9.955
109700,8.93
109701,10.32
109702,9.795
109703,17.185
109704,12.735
109705,14.11
109706,12.45
109707,10.44
109708,8.89
109709,9.07
109710,14.295
109711,12.285
109712,10.09
109713,6.71
109714,8.19
109715,8.49
109716,10.585
109717,9.195
109718,10.825
109719,11.795
109720,6.685
109721,17.715
109722,11.34
109723,10.5
109724,11.74
109725,5.34
109726,5.53
109727,8.925
109728,14.165
109729,11.17
109730,13.57
109731,6.52
109732,8.745
109733,8.725
109734,9.95
109735,7.39
109736,13.385
109737,9.89
109738,11.12
109739,7.115
109740,11.69
109741,14.325
109742,8.0
109743,12.75
109744,10.045
109745,9.95
109746,14.32
109747,10.075
109748,11.095
109749,10.985
109750,10.795
109751,8.455
109752,11.52
109753,8.34
109754,12.085
109755,12.385
109756,10.965
109757,8.66
109758,5.22
109759,8.255
109760,8.96
109761,11.64
109762,9.695
109763,10.51
109764,17.8
109765,15.395
109766,7.05
109767,9.33
109768,9.295
109769,12.32
109770,10.625
109771,11.83
109772,8.12
109773,6.845
109774,15.84
109775,10.43
109776,6.735
109777,9.315
109778,9.71
109779,6.85
109780,10.445
109781,16.155
109782,11.81
109783,16.825
109784,15.64
109785,14.005
109786,11.595
109787,12.47
109788,10.32
109789,9.47
109790,7.53
109791,9.01
109792,10.03
109793,10.79
109794,11.665
109795,6.25
109796,6.685
109797,4.28
109798,12.095
109799,9.75
109800,10.13
109801,11.295
109802,5.275
109803,10.615
109804,9.645
109805,12.3
109806,11.74
109807,8.315
109808,11.505
109809,13.68
109810,9.03
109811,6.815
109812,6.67
109813,7.905
109814,14.745
109815,10.745
109816,5.335
109817,6.93
109818,9.645
109819,10.02
109820,7.195
109821,16.585
109822,8.68
109823,10.13
109824,9.725
109825,12.05
109826,12.645
109827,9.75
109828,9.16
109829,11.51
109830,12.995
109831,11.77
109832,9.39
109833,8.445
109834,8.4
109835,8.655
109836,12.955
109837,6.67
109838,8.755
109839,10.125
109840,6.92
109841,7.365
109842,17.79
109843,7.43
109844,9.685
109845,11.465
109846,8.33
109847,7.045
109848,10.095
109849,8.96
109850,9.095
109851,10.39
109852,6.675
109853,11.625
109854,12.075
109855,13.89
109856,8.805
109857,12.505
109858,12.305
109859,14.23
109860,11.22
109861,11.26
109862,4.665
109863,10.225
109864,9.025
109865,8.945
109866,6.87
109867,12.29
109868,7.95
109869,5.7
109870,10.32
109871,7.955
109872,12.13
109873,12.205
109874,6.705
109875,9.155
109876,9.255
109877,13.82
109878,9.225
109879,11.055
109880,8.875
109881,10.405
109882,9.66
109883,8.22
109884,8.895
109885,10.655
109886,11.625
109887,9.55
109888,15.61
109889,9.84
109890,10.855
109891,12.42
109892,10.72
109893,9.265
109894,6.93
109895,10.945
109896,7.015
109897,11.595
109898,12.65
109899,7.425
109900,10.105
109901,8.39
109902,6.475
109903,8.72
109904,8.74
109905,10.235
109906,9.33
109907,11.64
109908,12.405
109909,9.45
109910,13.645
109911,6.96
109912,13.075
109913,10.675
109914,11.395
109915,8.015
109916,9.51
109917,12.615
109918,9.525
109919,5.855
109920,7.915
109921,7.43
109922,13.375
109923,9.72
109924,9.56
109925,9.825
109926,11.815
109927,7.91
109928,10.41
109929,8.92
109930,8.745
109931,6.545
109932,12.115
109933,7.995
109934,8.47
109935,11.09
109936,8.79
109937,10.71
109938,11.415
109939,8.26
109940,8.75
109941,11.855
109942,9.75
109943,13.125
109944,16.455
109945,11.925
109946,8.86
109947,10.815
109948,7.455
109949,9.95
109950,8.1
109951,8.755
109952,9.65
109953,13.385
109954,10.055
109955,9.96
109956,11.65
109957,13.465
109958,14.4
109959,10.965
109960,13.375
109961,14.11
109962,9.405
109963,6.085
109964,12.435
109965,8.105
109966,4.005
109967,10.37
109968,11.185
109969,4.785
109970,14.385
109971,9.97
109972,10.43
109973,11.905
109974,11.46
109975,9.975
109976,6.98
109977,9.55
109978,8.235
109979,11.97
109980,10.24
109981,6.155
109982,14.63
109983,10.68
109984,13.985
109985,6.705
109986,10.07
109987,16.06
109988,8.585
109989,7.54
109990,10.16
109991,7.305
109992,8.485
109993,7.37
109994,11.335
109995,11.67
109996,10.31
109997,10.315
109998,10.65
109999,14.08
110000,7.145
110001,8.33
110002,10.565
110003,8.04
110004,10.25
110005,11.215
110006,7.79
110007,9.125
110008,11.12
110009,4.635
110010,17.17
110011,13.24
110012,12.005
110013,9.615
110014,6.94
110015,5.36
110016,12.535
110017,8.82
110018,9.27
110019,7.89
110020,8.2
110021,11.47
110022,14.925
110023,6.325
110024,12.565
110025,11.1
110026,9.035
110027,6.605
110028,10.285
110029,12.72
110030,9.415
110031,14.58
110032,12.74
110033,15.22
110034,11.54
110035,7.06
110036,10.4
110037,10.465
110038,10.09
110039,6.705
110040,9.665
110041,7.26
110042,6.52
110043,11.86
110044,7.705
110045,5.135
110046,6.765
110047,5.745
110048,10.36
110049,11.92
110050,10.65
110051,8.865
110052,14.93
110053,5.33
110054,9.82
110055,7.765
110056,10.77
110057,13.52
110058,11.565
110059,7.795
110060,6.695
110061,9.72
110062,10.83
110063,4.98
110064,10.365
110065,8.19
110066,9.475
110067,10.96
110068,13.01
110069,10.37
110070,4.77
110071,5.865
110072,12.425
110073,13.305
110074,9.08
110075,7.085
110076,11.515
110077,7.025
110078,9.14
110079,7.795
110080,4.705
110081,11.995
110082,9.97
110083,9.275
110084,11.05
110085,13.14
110086,9.055
110087,12.395
110088,7.425
110089,9.015
110090,8.725
110091,9.175
110092,10.605
110093,8.815
110094,9.1
110095,8.77
110096,8.26
110097,10.765
110098,9.73
110099,5.9
110100,6.235
110101,8.32
110102,13.75
110103,12.93
110104,7.84
110105,8.94
110106,10.75
110107,8.89
110108,12.875
110109,12.3
110110,8.29
110111,7.775
110112,7.605
110113,7.835
110114,8.31
110115,12.175
110116,11.88
110117,7.8
110118,15.42
110119,9.11
110120,10.705
110121,10.925
110122,12.035
110123,8.35
110124,10.025
110125,9.62
110126,13.605
110127,7.405
110128,13.06
110129,10.77
110130,9.26
110131,10.665
110132,8.31
110133,12.47
110134,11.51
110135,13.41
110136,11.62
110137,9.87
110138,10.87
110139,7.13
110140,9.1
110141,9.735
110142,9.95
110143,9.85
110144,9.91
110145,10.645
110146,13.79
110147,10.835
110148,10.5
110149,14.165
110150,11.015
110151,10.06
110152,6.885
110153,11.415
110154,7.775
110155,8.345
110156,12.455
110157,7.075
110158,6.575
110159,11.61
110160,8.99
110161,14.125
110162,15.02
110163,10.33
110164,10.425
110165,5.715
110166,6.305
110167,11.88
110168,5.92
110169,13.35
110170,10.165
110171,5.425
110172,13.615
110173,6.79
110174,7.105
110175,6.71
110176,5.44
110177,12.525
110178,11.655
110179,10.45
110180,9.28
110181,14.06
110182,10.455
110183,8.5
110184,7.375
110185,7.425
110186,13.22
110187,7.08
110188,8.965
110189,8.595
110190,16.09
110191,9.68
110192,8.245
110193,11.305
110194,10.89
110195,10.51
110196,9.225
110197,9.57
110198,9.185
110199,11.27
110200,14.95
110201,15.91
110202,13.115
110203,9.14
110204,13.545
110205,9.435
110206,5.755
110207,7.145
110208,11.755
110209,10.92
110210,9.49
110211,5.185
110212,7.94
110213,6.62
110214,14.965
110215,13.39
110216,7.605
110217,9.405
110218,12.775
110219,10.53
110220,6.78
110221,9.415
110222,9.955
110223,11.79
110224,9.385
110225,6.865
110226,9.725
110227,15.29
110228,15.255
110229,11.825
110230,9.105
110231,9.08
110232,11.48
110233,9.825
110234,4.385
110235,6.725
110236,12.67
110237,11.45
110238,9.975
110239,8.935
110240,4.66
110241,11.855
110242,21.615
110243,6.19
110244,8.115
110245,6.74
110246,15.895
110247,15.715
110248,8.355
110249,12.595
110250,8.44
110251,10.72
110252,9.6
110253,10.08
110254,11.51
110255,5.145
110256,7.885
110257,11.07
110258,15.465
110259,9.23
110260,15.25
110261,9.14
110262,9.87
110263,11.935
110264,9.825
110265,12.82
110266,11.66
110267,9.0
110268,8.025
110269,5.385
110270,10.13
110271,10.665
110272,10.495
110273,11.01
110274,7.135
110275,13.29
110276,7.87
110277,6.865
110278,13.93
110279,7.975
110280,11.365
110281,6.745
110282,10.065
110283,6.745
110284,9.91
110285,15.04
110286,10.165
110287,9.065
110288,8.245
110289,8.475
110290,10.755
110291,6.9
110292,10.81
110293,10.88
110294,9.84
110295,10.61
110296,6.02
110297,5.78
110298,4.9
110299,7.63
110300,6.195
110301,7.795
110302,13.055
110303,15.76
110304,11.325
110305,14.435
110306,12.23
110307,9.23
110308,10.265
110309,11.11
110310,13.32
110311,8.2
110312,11.915
110313,8.295
110314,10.605
110315,12.9
110316,8.175
110317,14.38
110318,5.79
110319,9.74
110320,8.29
110321,11.3
110322,9.92
110323,7.215
110324,10.09
110325,10.99
110326,13.43
110327,9.66
110328,8.805
110329,9.745
110330,11.98
110331,13.23
110332,12.055
110333,9.005
110334,10.32
110335,8.015
110336,8.195
110337,10.52
110338,10.96
110339,10.04
110340,9.245
110341,13.63
110342,10.41
110343,8.175
110344,10.465
110345,13.855
110346,10.49
110347,10.03
110348,10.05
110349,10.155
110350,10.995
110351,11.325
110352,8.93
110353,9.62
110354,10.405
110355,9.105
110356,9.02
110357,12.57
110358,7.82
110359,7.91
110360,11.45
110361,15.32
110362,10.615
110363,9.675
110364,8.685
110365,9.37
110366,11.605
110367,7.565
110368,5.075
110369,6.74
110370,11.07
110371,12.565
110372,11.23
110373,7.21
110374,12.42
110375,11.82
110376,10.89
110377,7.82
110378,9.435
110379,7.0
110380,9.49
110381,9.79
110382,9.615
110383,9.8
110384,9.355
110385,8.81
110386,10.7
110387,9.005
110388,7.01
110389,9.82
110390,12.895
110391,10.79
110392,9.675
110393,8.51
110394,14.02
110395,10.51
110396,11.49
110397,18.125
110398,9.68
110399,12.435
110400,4.805
110401,15.03
110402,10.295
110403,13.89
110404,10.6
110405,8.86
110406,7.455
110407,6.01
110408,10.225
110409,13.93
110410,10.985
110411,9.225
110412,6.845
110413,4.345
110414,9.95
110415,5.63
110416,7.475
110417,9.07
110418,17.355
110419,9.895
110420,5.335
110421,9.55
110422,8.14
110423,10.035
110424,6.59
110425,8.73
110426,8.525
110427,9.47
110428,9.25
110429,10.695
110430,10.19
110431,9.485
110432,10.41
110433,6.29
110434,10.335
110435,17.63
110436,14.735
110437,14.83
110438,8.515
110439,16.655
110440,6.75
110441,20.565
110442,5.925
110443,8.865
110444,13.44
110445,12.28
110446,11.875
110447,7.61
110448,9.165
110449,12.85
110450,10.33
110451,9.77
110452,8.485
110453,10.68
110454,11.5
110455,5.76
110456,10.35
110457,12.76
110458,10.69
110459,10.44
110460,4.95
110461,8.68
110462,10.805
110463,9.97
110464,12.12
110465,11.15
110466,15.745
110467,8.565
110468,4.21
110469,7.14
110470,8.945
110471,11.34
110472,10.805
110473,8.73
110474,10.385
110475,6.8
110476,9.16
110477,7.22
110478,9.92
110479,9.3
110480,9.36
110481,8.555
110482,17.01
110483,11.48
110484,6.565
110485,9.46
110486,12.87
110487,15.44
110488,9.775
110489,13.69
110490,10.07
110491,10.345
110492,5.565
110493,6.81
110494,14.645
110495,9.35
110496,14.39
110497,13.085
110498,7.67
110499,8.94
110500,6.67
110501,6.95
110502,8.56
110503,6.205
110504,10.35
110505,5.89
110506,11.11
110507,5.785
110508,13.7
110509,7.41
110510,11.8
110511,4.7
110512,11.36
110513,7.965
110514,6.51
110515,5.435
110516,5.505
110517,10.735
110518,8.115
110519,14.395
110520,6.845
110521,12.04
110522,7.82
110523,9.25
110524,7.545
110525,13.525
110526,11.45
110527,5.37
110528,12.16
110529,10.525
110530,7.975
110531,11.63
110532,9.8
110533,8.825
110534,8.48
110535,10.34
110536,6.685
110537,10.74
110538,10.645
110539,10.265
110540,7.455
110541,11.855
110542,9.475
110543,9.285
110544,7.265
110545,8.085
110546,9.195
110547,7.945
110548,10.63
110549,9.51
110550,10.97
110551,10.565
110552,13.78
110553,12.03
110554,6.895
110555,16.265
110556,8.61
110557,13.33
110558,11.06
110559,11.335
110560,10.23
110561,9.9
110562,11.215
110563,13.28
110564,12.585
110565,13.81
110566,7.275
110567,9.43
110568,11.03
110569,8.89
110570,11.885
110571,10.89
110572,11.94
110573,14.53
110574,9.15
110575,8.78
110576,9.565
110577,8.56
110578,3.925
110579,6.21
110580,17.395
110581,8.715
110582,5.83
110583,8.63
110584,12.485
110585,11.49
110586,9.665
110587,15.455
110588,9.33
110589,9.995
110590,11.295
110591,11.605
110592,9.45
110593,15.445
110594,12.13
110595,14.185
110596,14.01
110597,9.78
110598,12.08
110599,7.865
110600,7.605
110601,10.17
110602,10.845
110603,11.145
110604,11.1
110605,9.93
110606,10.515
110607,11.0
110608,10.775
110609,10.045
110610,11.495
110611,10.615
110612,10.95
110613,8.365
110614,13.83
110615,8.51
110616,7.955
110617,4.305
110618,8.21
110619,10.835
110620,10.505
110621,10.6
110622,8.015
110623,10.595
110624,14.185
110625,8.505
110626,16.82
110627,9.77
110628,15.185
110629,12.04
110630,9.655
110631,12.165
110632,12.285
110633,10.11
110634,11.035
110635,11.165
110636,10.91
110637,8.97
110638,13.51
110639,3.755
110640,10.82
110641,15.0
110642,11.15
110643,11.565
110644,7.555
110645,9.065
110646,7.085
110647,10.625
110648,10.915
110649,6.92
110650,10.48
110651,11.095
110652,12.85
110653,11.1
110654,12.015
110655,8.81
110656,13.19
110657,12.825
110658,9.22
110659,9.565
110660,7.275
110661,9.275
110662,9.62
110663,13.43
110664,8.72
110665,5.095
110666,10.855
110667,9.925
110668,6.335
110669,11.215
110670,15.075
110671,10.185
110672,8.625
110673,13.37
110674,10.36
110675,16.905
110676,12.035
110677,8.73
110678,10.325
110679,9.185
110680,11.345
110681,9.02
110682,9.735
110683,12.45
110684,11.59
110685,10.78
110686,14.095
110687,14.05
110688,10.6
110689,10.77
110690,10.515
110691,10.545
110692,11.035
110693,7.135
110694,17.28
110695,13.305
110696,13.275
110697,15.445
110698,9.53
110699,6.655
110700,15.205
110701,8.45
110702,8.935
110703,11.56
110704,9.78
110705,16.8
110706,12.275
110707,8.02
110708,5.92
110709,10.89
110710,9.165
110711,9.1
110712,10.52
110713,6.79
110714,5.3
110715,14.2
110716,12.77
110717,10.285
110718,10.62
110719,13.475
110720,12.955
110721,9.42
110722,10.62
110723,10.715
110724,8.55
110725,6.775
110726,11.15
110727,14.11
110728,12.51
110729,9.45
110730,8.03
110731,10.335
110732,9.58
110733,15.87
110734,9.66
110735,9.27
110736,6.2
110737,11.815
110738,15.575
110739,7.555
110740,9.21
110741,10.22
110742,11.51
110743,10.49
110744,10.5
110745,10.67
110746,7.435
110747,9.895
110748,10.315
110749,10.3
110750,6.755
110751,9.485
110752,12.845
110753,11.595
110754,11.49
110755,12.66
110756,8.795
110757,10.565
110758,9.085
110759,16.2
110760,10.005
110761,10.175
110762,11.33
110763,8.04
110764,10.34
110765,4.65
110766,13.085
110767,6.69
110768,14.645
110769,8.33
110770,11.03
110771,10.725
110772,8.305
110773,11.385
110774,16.55
110775,13.735
110776,9.64
110777,8.23
110778,10.09
110779,14.39
110780,3.72
110781,13.675
110782,14.44
110783,5.43
110784,13.915
110785,6.385
110786,10.58
110787,8.44
110788,8.21
110789,8.8
110790,12.67
110791,12.975
110792,10.875
110793,15.2
110794,10.36
110795,10.68
110796,8.83
110797,13.14
110798,6.755
110799,9.1
110800,13.495
110801,10.975
110802,7.37
110803,14.305
110804,11.525
110805,10.96
110806,10.94
110807,5.1
110808,11.485
110809,10.78
110810,7.435
110811,6.95
110812,8.005
110813,5.935
110814,18.155
110815,10.485
110816,16.68
110817,9.42
110818,12.065
110819,6.5
110820,10.865
110821,11.72
110822,4.615
110823,12.065
110824,11.17
110825,10.07
110826,9.3
110827,10.67
110828,12.55
110829,17.115
110830,13.04
110831,10.0
110832,11.345
110833,9.16
110834,5.56
110835,6.24
110836,10.245
110837,7.725
110838,10.55
110839,12.155
110840,8.08
110841,12.635
110842,13.65
110843,12.76
110844,11.27
110845,12.36
110846,15.245
110847,5.72
110848,10.52
110849,11.2
110850,9.195
110851,9.07
110852,11.95
110853,11.875
110854,8.06
110855,9.095
110856,10.09
110857,6.26
110858,10.88
110859,16.0
110860,14.4
110861,10.195
110862,10.41
110863,11.72
110864,7.91
110865,8.38
110866,11.27
110867,9.37
110868,10.68
110869,10.145
110870,8.155
110871,7.135
110872,9.14
110873,8.61
110874,9.555
110875,9.315
110876,15.615
110877,10.0
110878,9.755
110879,9.165
110880,9.525
110881,10.565
110882,8.7
110883,14.255
110884,4.955
110885,7.04
110886,6.03
110887,14.035
110888,12.685
110889,8.83
110890,12.025
110891,3.645
110892,8.97
110893,9.2
110894,8.055
110895,7.5
110896,7.21
110897,11.41
110898,15.545
110899,12.795
110900,15.065
110901,12.225
110902,13.54
110903,8.06
110904,10.43
110905,7.24
110906,10.18
110907,9.045
110908,10.61
110909,7.88
110910,15.355
110911,15.37
110912,9.975
110913,4.94
110914,15.655
110915,12.78
110916,11.12
110917,7.465
110918,9.11
110919,11.92
110920,9.87
110921,9.345
110922,8.26
110923,18.065
110924,14.275
110925,6.635
110926,12.01
110927,7.56
110928,12.085
110929,12.385
110930,7.705
110931,6.99
110932,7.665
110933,12.39
110934,10.14
110935,8.515
110936,10.82
110937,9.865
110938,17.195
110939,12.555
110940,9.605
110941,6.96
110942,10.16
110943,11.54
110944,10.145
110945,13.99
110946,11.53
110947,10.305
110948,11.595
110949,9.285
110950,9.885
110951,6.22
110952,8.09
110953,8.295
110954,6.875
110955,10.18
110956,13.515
110957,10.21
110958,11.715
110959,10.525
110960,7.425
110961,8.91
110962,15.515
110963,6.92
110964,9.21
110965,11.765
110966,8.015
110967,8.565
110968,11.09
110969,12.03
110970,8.865
110971,10.73
110972,9.8
110973,11.155
110974,6.74
110975,11.025
110976,12.95
110977,7.605
110978,9.065
110979,10.785
110980,10.76
110981,10.45
110982,11.925
110983,17.365
110984,7.815
110985,7.885
110986,11.74
110987,7.025
110988,13.675
110989,11.375
110990,9.885
110991,17.705
110992,5.98
110993,16.335
110994,9.03
110995,10.925
110996,9.45
110997,8.975
110998,9.895
110999,7.015
111000,6.375
111001,6.81
111002,9.88
111003,7.04
111004,7.57
111005,10.79
111006,11.715
111007,9.205
111008,11.715
111009,9.465
111010,13.955
111011,8.795
111012,12.63
111013,9.58
111014,7.77
111015,7.115
111016,8.755
111017,9.87
111018,11.255
111019,17.565
111020,9.34
111021,10.175
111022,6.695
111023,9.83
111024,9.95
111025,8.805
111026,12.88
111027,11.18
111028,9.105
111029,10.535
111030,5.07
111031,6.48
111032,16.24
111033,10.17
111034,5.695
111035,11.03
111036,8.325
111037,5.975
111038,8.53
111039,8.795
111040,10.85
111041,8.655
111042,10.315
111043,9.395
111044,12.15
111045,13.195
111046,7.76
111047,5.54
111048,8.01
111049,15.92
111050,9.58
111051,10.125
111052,7.74
111053,8.43
111054,8.6
111055,8.145
111056,11.155
111057,9.0
111058,11.16
111059,10.855
111060,8.29
111061,12.035
111062,9.395
111063,6.65
111064,9.29
111065,6.735
111066,8.23
111067,16.955
111068,14.03
111069,9.42
111070,15.85
111071,7.77
111072,6.3
111073,15.705
111074,14.115
111075,10.605
111076,13.67
111077,12.5
111078,11.925
111079,11.795
111080,9.655
111081,9.865
111082,10.185
111083,8.15
111084,11.305
111085,11.635
111086,10.915
111087,7.26
111088,9.465
111089,10.635
111090,13.34
111091,9.435
111092,6.48
111093,12.59
111094,9.63
111095,10.17
111096,11.725
111097,6.74
111098,8.835
111099,12.41
111100,10.505
111101,9.085
111102,10.725
111103,13.49
111104,9.805
111105,7.835
111106,11.82
111107,10.62
111108,7.915
111109,15.535
111110,13.98
111111,7.07
111112,7.265
111113,9.13
111114,8.37
111115,8.65
111116,11.505
111117,9.365
111118,3.99
111119,9.57
111120,4.05
111121,9.31
111122,12.24
111123,10.595
111124,13.2
111125,18.775
111126,6.71
111127,9.16
111128,10.235
111129,6.74
111130,16.16
111131,11.295
111132,11.09
111133,7.92
111134,9.475
111135,6.54
111136,9.32
111137,17.23
111138,12.705
111139,8.415
111140,7.055
111141,6.165
111142,10.305
111143,6.59
111144,6.73
111145,4.5
111146,12.38
111147,10.095
111148,9.165
111149,12.625
111150,7.025
111151,8.2
111152,5.145
111153,9.785
111154,8.925
111155,6.96
111156,7.345
111157,5.3
111158,12.41
111159,9.23
111160,9.18
111161,8.865
111162,9.375
111163,9.55
111164,12.63
111165,12.69
111166,10.16
111167,10.31
111168,6.675
111169,10.65
111170,6.59
111171,10.335
111172,9.2
111173,18.625
111174,13.8
111175,4.31
111176,14.32
111177,17.34
111178,10.605
111179,12.445
111180,15.125
111181,13.45
111182,13.955
111183,10.35
111184,9.22
111185,10.755
111186,12.07
111187,9.37
111188,21.33
111189,12.85
111190,9.655
111191,11.12
111192,10.76
111193,11.805
111194,15.325
111195,10.26
111196,12.065
111197,4.675
111198,9.915
111199,11.125
111200,8.705
111201,11.59
111202,11.9
111203,14.855
111204,7.83
111205,6.99
111206,9.45
111207,8.63
111208,10.76
111209,9.52
111210,8.885
111211,6.775
111212,15.76
111213,8.175
111214,15.235
111215,12.88
111216,4.85
111217,4.46
111218,9.555
111219,5.075
111220,9.58
111221,7.92
111222,8.065
111223,11.57
111224,12.31
111225,6.7
111226,11.97
111227,14.25
111228,8.67
111229,7.85
111230,13.855
111231,9.225
111232,11.515
111233,11.53
111234,12.69
111235,9.9
111236,8.24
111237,6.015
111238,9.765
111239,7.695
111240,15.6
111241,6.21
111242,10.85
111243,10.555
111244,16.175
111245,7.895
111246,11.385
111247,6.86
111248,8.155
111249,7.265
111250,15.145
111251,6.65
111252,6.695
111253,4.28
111254,10.74
111255,7.905
111256,9.5
111257,8.085
111258,8.175
111259,9.085
111260,9.86
111261,9.39
111262,15.1
111263,8.02
111264,9.825
111265,11.88
111266,10.855
111267,9.13
111268,9.07
111269,12.6
111270,9.44
111271,12.44
111272,9.045
111273,14.235
111274,12.835
111275,10.83
111276,8.775
111277,5.87
111278,10.665
111279,9.78
111280,7.955
111281,9.565
111282,7.18
111283,13.605
111284,7.125
111285,11.965
111286,14.555
111287,10.9
111288,12.885
111289,7.7
111290,7.025
111291,8.58
111292,15.925
111293,7.015
111294,10.625
111295,9.165
111296,5.13
111297,10.6
111298,10.46
111299,9.895
111300,15.015
111301,5.45
111302,17.015
111303,7.285
111304,4.73
111305,14.585
111306,11.29
111307,10.605
111308,9.625
111309,15.1
111310,14.575
111311,11.21
111312,10.6
111313,7.245
111314,11.29
111315,5.13
111316,4.485
111317,9.165
111318,12.465
111319,6.19
111320,5.86
111321,9.64
111322,9.995
111323,9.525
111324,8.81
111325,5.885
111326,13.635
111327,9.89
111328,7.41
111329,10.68
111330,9.635
111331,10.55
111332,10.23
111333,8.455
111334,6.92
111335,8.02
111336,6.795
111337,17.44
111338,11.03
111339,6.075
111340,9.82
111341,12.77
111342,14.79
111343,14.15
111344,6.57
111345,9.945
111346,9.31
111347,11.005
111348,11.945
111349,7.175
111350,8.695
111351,12.535
111352,9.98
111353,10.595
111354,13.44
111355,11.48
111356,11.765
111357,9.695
111358,7.76
111359,11.05
111360,11.825
111361,7.615
111362,7.61
111363,8.9
111364,9.775
111365,10.82
111366,11.125
111367,8.27
111368,9.03
111369,11.68
111370,9.62
111371,10.695
111372,16.68
111373,11.705
111374,13.805
111375,9.635
111376,11.485
111377,11.215
111378,9.37
111379,7.155
111380,9.965
111381,8.82
111382,6.545
111383,8.06
111384,11.015
111385,9.985
111386,12.03
111387,13.49
111388,11.73
111389,3.935
111390,12.615
111391,7.945
111392,9.745
111393,13.77
111394,14.84
111395,11.12
111396,12.23
111397,11.095
111398,4.27
111399,12.955
111400,8.22
111401,9.125
111402,10.265
111403,15.165
111404,5.32
111405,9.67
111406,10.525
111407,11.89
111408,12.035
111409,7.175
111410,11.295
111411,11.95
111412,10.625
111413,11.015
111414,11.765
111415,10.89
111416,9.505
111417,9.18
111418,10.375
111419,10.88
111420,12.32
111421,7.215
111422,10.77
111423,6.795
111424,13.565
111425,8.865
111426,9.395
111427,10.28
111428,10.93
111429,9.255
111430,10.615
111431,12.685
111432,9.97
111433,16.985
111434,7.675
111435,7.04
111436,13.645
111437,5.3
111438,9.805
111439,8.48
111440,12.17
111441,8.265
111442,4.71
111443,18.545
111444,10.91
111445,14.17
111446,10.64
111447,7.695
111448,9.855
111449,12.735
111450,11.675
111451,7.855
111452,5.88
111453,9.34
111454,6.815
111455,12.415
111456,4.55
111457,11.91
111458,14.125
111459,5.955
111460,5.255
111461,14.06
111462,14.345
111463,11.95
111464,6.83
111465,14.2
111466,10.755
111467,14.535
111468,6.62
111469,10.83
111470,13.125
111471,8.41
111472,9.63
111473,9.825
111474,7.805
111475,10.94
111476,12.06
111477,8.08
111478,11.4
111479,5.005
111480,9.85
111481,6.36
111482,7.37
111483,9.46
111484,10.5
111485,8.085
111486,7.25
111487,11.61
111488,9.535
111489,9.37
111490,11.095
111491,13.285
111492,8.9
111493,6.93
111494,11.62
111495,7.835
111496,20.38
111497,6.87
111498,12.515
111499,11.15
111500,18.35
111501,10.27
111502,7.585
111503,4.03
111504,10.575
111505,12.215
111506,11.445
111507,9.58
111508,11.405
111509,14.425
111510,12.075
111511,10.58
111512,9.74
111513,4.32
111514,14.985
111515,9.13
111516,8.08
111517,4.555
111518,6.91
111519,18.665
111520,15.215
111521,6.675
111522,11.035
111523,11.48
111524,13.575
111525,7.19
111526,16.05
111527,15.74
111528,10.585
111529,8.03
111530,6.99
111531,9.56
111532,10.78
111533,9.465
111534,9.53
111535,8.125
111536,6.465
111537,14.95
111538,9.765
111539,10.49
111540,14.025
111541,6.465
111542,6.42
111543,9.995
111544,10.39
111545,9.68
111546,3.81
111547,9.535
111548,17.145
111549,10.04
111550,12.91
111551,7.91
111552,9.165
111553,12.99
111554,8.93
111555,8.84
111556,6.845
111557,9.045
111558,8.855
111559,14.1
111560,11.985
111561,13.5
111562,9.325
111563,10.24
111564,6.385
111565,5.17
111566,6.955
111567,8.05
111568,10.7
111569,9.215
111570,8.95
111571,12.99
111572,10.595
111573,9.25
111574,12.065
111575,10.79
111576,12.135
111577,10.365
111578,10.46
111579,17.855
111580,12.315
111581,7.315
111582,6.61
111583,12.695
111584,15.815
111585,12.695
111586,8.48
111587,10.25
111588,10.105
111589,6.625
111590,6.09
111591,14.365
111592,4.24
111593,10.7
111594,10.52
111595,14.965
111596,8.37
111597,16.56
111598,12.005
111599,10.87
111600,14.035
111601,9.695
111602,12.275
111603,9.575
111604,11.595
111605,13.48
111606,13.07
111607,8.23
111608,9.925
111609,6.685
111610,8.96
111611,8.465
111612,6.535
111613,9.33
111614,7.81
111615,10.08
111616,10.845
111617,12.145
111618,9.71
111619,4.91
111620,9.87
111621,14.155
111622,10.615
111623,4.87
111624,11.285
111625,11.86
111626,12.48
111627,11.8
111628,11.295
111629,12.955
111630,10.65
111631,10.89
111632,10.465
111633,5.525
111634,9.33
111635,7.995
111636,6.19
111637,7.82
111638,10.755
111639,8.835
111640,4.39
111641,8.975
111642,11.76
111643,16.38
111644,8.31
111645,12.86
111646,8.235
111647,12.175
111648,6.85
111649,11.195
111650,13.815
111651,11.15
111652,12.475
111653,10.335
111654,13.075
111655,10.535
111656,4.255
111657,10.195
111658,10.15
111659,8.09
111660,8.005
111661,9.36
111662,10.665
111663,7.805
111664,9.74
111665,9.475
111666,9.525
111667,7.73
111668,5.775
111669,7.23
111670,12.375
111671,9.185
111672,9.645
111673,17.76
111674,11.81
111675,12.245
111676,10.325
111677,13.36
111678,11.395
111679,17.745
111680,6.515
111681,10.575
111682,6.795
111683,6.895
111684,9.545
111685,10.49
111686,10.185
111687,12.94
111688,10.01
111689,9.595
111690,9.04
111691,6.33
111692,8.695
111693,13.76
111694,12.76
111695,18.57
111696,10.4
111697,6.815
111698,10.795
111699,10.135
111700,13.525
111701,6.225
111702,11.08
111703,5.96
111704,14.595
111705,11.55
111706,8.5
111707,9.425
111708,9.06
111709,15.085
111710,9.735
111711,10.53
111712,12.44
111713,9.64
111714,14.6
111715,5.575
111716,9.97
111717,13.95
111718,11.49
111719,10.98
111720,8.33
111721,10.905
111722,8.985
111723,11.92
111724,9.62
111725,8.435
111726,11.39
111727,10.64
111728,10.56
111729,16.525
111730,8.785
111731,4.91
111732,10.975
111733,8.455
111734,13.365
111735,6.1
111736,7.995
111737,9.6
111738,14.59
111739,11.545
111740,10.63
111741,8.425
111742,7.87
111743,6.95
111744,9.615
111745,14.37
111746,10.6
111747,10.86
111748,9.345
111749,13.44
111750,14.78
111751,8.68
111752,9.605
111753,8.99
111754,8.07
111755,10.225
111756,7.83
111757,14.635
111758,6.01
111759,6.645
111760,7.94
111761,9.23
111762,11.065
111763,7.1
111764,11.665
111765,8.63
111766,12.74
111767,10.775
111768,6.93
111769,9.09
111770,9.025
111771,10.57
111772,11.03
111773,11.985
111774,8.84
111775,9.3
111776,13.555
111777,9.33
111778,13.755
111779,10.52
111780,6.87
111781,4.96
111782,7.395
111783,8.145
111784,9.045
111785,12.01
111786,10.185
111787,8.095
111788,10.055
111789,10.64
111790,10.31
111791,11.395
111792,4.06
111793,8.74
111794,11.21
111795,8.81
111796,17.43
111797,16.13
111798,10.685
111799,10.06
111800,19.3
111801,11.89
111802,10.92
111803,10.16
111804,10.87
111805,15.795
111806,12.13
111807,11.175
111808,10.595
111809,11.29
111810,14.23
111811,14.335
111812,8.78
111813,10.33
111814,14.01
111815,11.5
111816,13.24
111817,12.27
111818,13.76
111819,9.835
111820,8.98
111821,10.095
111822,8.31
111823,7.545
111824,9.29
111825,8.61
111826,10.4
111827,13.455
111828,7.96
111829,10.055
111830,10.15
111831,7.145
111832,17.24
111833,8.275
111834,11.89
111835,14.805
111836,6.23
111837,9.065
111838,10.38
111839,5.105
111840,8.915
111841,15.85
111842,7.85
111843,7.06
111844,10.34
111845,6.65
111846,17.45
111847,6.64
111848,6.775
111849,15.31
111850,9.55
111851,9.68
111852,9.405
111853,8.635
111854,9.53
111855,9.185
111856,9.18
111857,7.935
111858,9.65
111859,10.64
111860,9.975
111861,14.105
111862,6.715
111863,7.72
111864,6.505
111865,12.275
111866,6.25
111867,9.17
111868,6.785
111869,10.61
111870,7.205
111871,11.465
111872,12.37
111873,6.605
111874,14.175
111875,13.645
111876,10.905
111877,9.845
111878,9.215
111879,12.49
111880,11.12
111881,7.735
111882,15.825
111883,12.4
111884,9.725
111885,6.91
111886,8.915
111887,10.195
111888,8.56
111889,9.59
111890,12.66
111891,12.95
111892,4.895
111893,10.96
111894,16.85
111895,11.94
111896,15.3
111897,8.015
111898,9.85
111899,13.64
111900,8.46
111901,11.845
111902,4.4
111903,10.245
111904,11.935
111905,9.655
111906,11.25
111907,7.935
111908,12.62
111909,11.16
111910,8.375
111911,12.915
111912,6.01
111913,11.575
111914,9.06
111915,6.815
111916,11.325
111917,9.415
111918,11.005
111919,7.455
111920,16.75
111921,15.74
111922,13.515
111923,10.87
111924,12.905
111925,6.825
111926,9.98
111927,10.46
111928,12.775
111929,7.455
111930,5.755
111931,9.5
111932,10.95
111933,16.48
111934,11.325
111935,14.91
111936,8.55
111937,8.19
111938,10.45
111939,10.415
111940,10.465
111941,11.125
111942,8.505
111943,7.34
111944,10.16
111945,5.965
111946,7.125
111947,13.835
111948,8.16
111949,10.565
111950,10.62
111951,6.82
111952,10.505
111953,13.84
111954,10.73
111955,13.905
111956,10.81
111957,8.01
111958,9.04
111959,9.115
111960,9.15
111961,8.72
111962,11.99
111963,9.205
111964,14.035
111965,12.13
111966,9.705
111967,11.605
111968,13.94
111969,6.635
111970,16.93
111971,12.67
111972,13.725
111973,4.68
111974,13.92
111975,10.55
111976,13.97
111977,8.08
111978,13.97
111979,10.41
111980,8.915
111981,7.095
111982,13.85
111983,11.86
111984,9.955
111985,10.18
111986,10.465
111987,10.885
111988,21.035
111989,10.635
111990,10.575
111991,9.01
111992,12.565
111993,11.54
111994,8.515
111995,11.75
111996,9.95
111997,10.03
111998,15.4
111999,11.325
112000,10.99
112001,16.42
112002,6.64
112003,10.645
112004,12.995
112005,12.945
112006,9.68
112007,9.155
112008,12.14
112009,9.125
112010,10.64
112011,9.345
112012,17.53
112013,13.405
112014,13.025
112015,5.71
112016,15.57
112017,8.825
112018,11.015
112019,10.975
112020,10.36
112021,12.345
112022,7.44
112023,9.81
112024,11.665
112025,12.495
112026,3.965
112027,10.9
112028,4.975
112029,10.535
112030,7.42
112031,15.595
112032,9.99
112033,10.925
112034,9.705
112035,11.475
112036,8.155
112037,6.87
112038,7.365
112039,6.555
112040,8.49
112041,16.005
112042,14.16
112043,8.685
112044,9.23
112045,12.445
112046,9.11
112047,8.35
112048,12.875
112049,10.49
112050,11.345
112051,14.665
112052,13.52
112053,11.47
112054,7.935
112055,9.8
112056,11.55
112057,9.315
112058,9.24
112059,16.125
112060,12.065
112061,7.5
112062,12.89
112063,10.245
112064,10.835
112065,12.485
112066,16.105
112067,11.07
112068,10.385
112069,10.385
112070,6.97
112071,12.89
112072,9.3
112073,16.65
112074,10.5
112075,12.31
112076,14.165
112077,11.465
112078,10.06
112079,14.995
112080,7.08
112081,11.675
112082,11.035
112083,11.8
112084,10.57
112085,7.505
112086,9.51
112087,17.045
112088,8.695
112089,13.44
112090,10.84
112091,4.315
112092,15.355
112093,8.395
112094,8.135
112095,8.96
112096,11.615
112097,14.005
112098,7.205
112099,6.83
112100,9.93
112101,9.64
112102,9.38
112103,10.565
112104,9.21
112105,3.78
112106,9.84
112107,9.715
112108,10.835
112109,6.835
112110,4.62
112111,8.69
112112,10.535
112113,14.285
112114,9.77
112115,7.07
112116,9.34
112117,11.89
112118,7.875
112119,10.61
112120,14.48
112121,11.93
112122,6.505
112123,5.61
112124,12.51
112125,5.62
112126,11.475
112127,8.065
112128,10.2
112129,17.16
112130,5.65
112131,9.42
112132,18.63
112133,9.42
112134,13.565
112135,9.48
112136,13.4
112137,12.285
112138,8.89
112139,10.27
112140,9.805
112141,10.63
112142,7.785
112143,13.575
112144,9.325
112145,9.43
112146,11.015
112147,11.08
112148,9.685
112149,6.63
112150,6.835
112151,12.79
112152,12.145
112153,9.345
112154,9.965
112155,4.67
112156,7.84
112157,10.92
112158,13.47
112159,9.64
112160,10.46
112161,8.5
112162,5.945
112163,7.74
112164,9.095
112165,14.37
112166,13.865
112167,10.215
112168,11.12
112169,8.605
112170,12.79
112171,10.495
112172,14.88
112173,14.975
112174,7.68
112175,4.845
112176,13.725
112177,14.74
112178,11.665
112179,8.49
112180,9.115
112181,10.84
112182,12.655
112183,7.09
112184,8.075
112185,8.32
112186,11.41
112187,16.39
112188,6.665
112189,13.64
112190,12.995
112191,4.205
112192,6.34
112193,7.75
112194,10.955
112195,8.115
112196,8.995
112197,9.25
112198,13.9
112199,10.0
112200,12.27
112201,7.92
112202,9.11
112203,19.015
112204,7.985
112205,17.81
112206,10.81
112207,11.435
112208,8.505
112209,10.615
112210,9.12
112211,12.285
112212,7.62
112213,9.395
112214,11.14
112215,10.335
112216,7.385
112217,9.26
112218,11.93
112219,8.34
112220,10.89
112221,5.845
112222,9.5
112223,9.54
112224,17.495
112225,7.395
112226,10.115
112227,13.495
112228,8.295
112229,6.735
112230,10.985
112231,16.3
112232,10.3
112233,11.585
112234,8.6
112235,10.62
112236,12.225
112237,10.7
112238,10.295
112239,10.575
112240,9.215
112241,12.445
112242,6.775
112243,13.67
112244,11.05
112245,11.915
112246,8.305
112247,13.935
112248,10.85
112249,9.745
112250,14.605
112251,10.8
112252,11.805
112253,15.565
112254,9.715
112255,20.13
112256,8.395
112257,14.28
112258,11.72
112259,11.995
112260,11.91
112261,7.995
112262,12.03
112263,12.73
112264,9.03
112265,10.24
112266,8.93
112267,6.16
112268,10.045
112269,9.35
112270,11.405
112271,15.215
112272,13.245
112273,9.325
112274,7.08
112275,8.625
112276,9.255
112277,5.5
112278,7.34
112279,9.89
112280,6.63
112281,5.72
112282,13.66
112283,13.955
112284,11.415
112285,6.195
112286,10.54
112287,11.46
112288,6.85
112289,7.995
112290,10.795
112291,9.98
112292,8.975
112293,10.075
112294,8.315
112295,6.995
112296,8.96
112297,7.46
112298,10.445
112299,8.955
112300,12.94
112301,9.695
112302,6.015
112303,9.465
112304,7.4
112305,6.53
112306,12.255
112307,8.25
112308,14.875
112309,13.22
112310,11.825
112311,9.875
112312,14.79
112313,9.245
112314,7.84
112315,17.71
112316,11.225
112317,14.34
112318,10.44
112319,5.73
112320,9.685
112321,9.52
112322,10.825
112323,9.35
112324,12.59
112325,7.555
112326,8.21
112327,12.735
112328,10.505
112329,6.7
112330,9.02
112331,17.22
112332,7.615
112333,9.42
112334,9.14
112335,13.55
112336,8.88
112337,9.66
112338,13.97
112339,6.21
112340,10.435
112341,14.425
112342,14.225
112343,8.505
112344,10.535
112345,8.87
112346,10.055
112347,6.79
112348,8.12
112349,10.3
112350,4.845
112351,8.825
112352,8.92
112353,12.34
112354,8.46
112355,13.795
112356,4.82
112357,9.335
112358,9.79
112359,8.385
112360,8.235
112361,20.265
112362,10.275
112363,14.915
112364,5.365
112365,9.89
112366,5.14
112367,9.88
112368,10.82
112369,9.64
112370,12.33
112371,11.075
112372,11.965
112373,11.69
112374,16.635
112375,5.51
112376,8.015
112377,11.685
112378,9.59
112379,11.235
112380,13.305
112381,10.315
112382,9.67
112383,10.95
112384,10.49
112385,11.835
112386,9.1
112387,10.295
112388,12.2
112389,10.175
112390,6.45
112391,8.095
112392,9.245
112393,9.295
112394,7.91
112395,10.315
112396,6.925
112397,7.545
112398,4.27
112399,6.595
112400,11.865
112401,10.125
112402,8.94
112403,11.205
112404,13.585
112405,8.94
112406,14.1
112407,6.425
112408,10.485
112409,12.375
112410,12.96
112411,11.535
112412,13.88
112413,14.23
112414,7.28
112415,7.215
112416,5.1
112417,8.875
112418,7.365
112419,11.605
112420,14.12
112421,14.18
112422,8.295
112423,12.015
112424,11.605
112425,8.03
112426,6.255
112427,9.735
112428,10.325
112429,10.715
112430,7.97
112431,14.325
112432,6.375
112433,12.475
112434,10.0
112435,8.32
112436,10.86
112437,12.015
112438,12.67
112439,6.86
112440,15.415
112441,14.325
112442,7.52
112443,12.46
112444,4.99
112445,14.575
112446,8.975
112447,19.785
112448,11.465
112449,8.33
112450,9.87
112451,10.14
112452,11.25
112453,10.895
112454,14.1
112455,14.17
112456,9.07
112457,11.57
112458,12.6
112459,14.545
112460,9.69
112461,13.82
112462,9.985
112463,12.715
112464,5.895
112465,6.66
112466,8.85
112467,8.155
112468,9.425
112469,10.965
112470,9.35
112471,14.875
112472,9.2
112473,12.495
112474,15.115
112475,9.69
112476,9.21
112477,7.805
112478,18.185
112479,11.03
112480,12.06
112481,10.29
112482,9.39
112483,10.965
112484,9.535
112485,7.81
112486,13.56
112487,9.505
112488,9.785
112489,17.525
112490,10.175
112491,8.985
112492,10.125
112493,6.455
112494,15.295
112495,8.51
112496,10.405
112497,10.635
112498,9.17
112499,5.74
112500,7.555
112501,14.05
112502,9.06
112503,12.845
112504,8.435
112505,6.755
112506,13.03
112507,13.01
112508,13.12
112509,7.365
112510,13.905
112511,10.03
112512,7.125
112513,9.14
112514,10.425
112515,11.67
112516,10.59
112517,13.125
112518,9.89
112519,10.34
112520,9.295
112521,11.395
112522,10.75
112523,14.345
112524,9.835
112525,9.71
112526,7.905
112527,13.03
112528,9.47
112529,12.21
112530,11.59
112531,10.07
112532,14.15
112533,10.045
112534,8.105
112535,11.285
112536,10.07
112537,9.685
112538,8.14
112539,11.61
112540,7.41
112541,9.215
112542,11.57
112543,6.725
112544,9.645
112545,9.025
112546,10.33
112547,10.595
112548,4.42
112549,11.865
112550,14.95
112551,19.875
112552,14.57
112553,10.3
112554,13.34
112555,9.96
112556,9.015
112557,7.075
112558,10.55
112559,5.56
112560,13.855
112561,12.08
112562,15.43
112563,5.005
112564,9.245
112565,9.135
112566,5.205
112567,9.725
112568,11.885
112569,13.36
112570,10.42
112571,8.27
112572,12.155
112573,15.69
112574,11.44
112575,7.33
112576,8.155
112577,6.97
112578,10.195
112579,8.85
112580,10.83
112581,17.77
112582,9.32
112583,10.21
112584,10.235
112585,7.015
112586,9.785
112587,8.335
112588,8.93
112589,18.3
112590,10.38
112591,13.355
112592,17.86
112593,7.93
112594,10.335
112595,10.62
112596,8.17
112597,11.64
112598,7.945
112599,13.76
112600,7.035
112601,11.655
112602,10.62
112603,10.24
112604,5.225
112605,8.23
112606,15.905
112607,10.95
112608,5.725
112609,10.615
112610,10.35
112611,6.04
112612,10.06
112613,6.525
112614,10.865
112615,8.8
112616,7.545
112617,12.86
112618,11.31
112619,11.185
112620,15.235
112621,7.98
112622,7.36
112623,18.025
112624,11.965
112625,7.59
112626,10.86
112627,4.69
112628,6.055
112629,11.82
112630,8.145
112631,18.14
112632,17.975
112633,10.005
112634,10.245
112635,8.87
112636,5.555
112637,6.69
112638,7.815
112639,11.465
112640,9.25
112641,11.17
112642,8.195
112643,12.185
112644,6.655
112645,9.075
112646,12.225
112647,6.805
112648,10.595
112649,8.64
112650,14.09
112651,13.075
112652,15.87
112653,5.66
112654,10.585
112655,10.26
112656,9.575
112657,11.235
112658,11.43
112659,8.195
112660,11.3
112661,7.87
112662,17.945
112663,10.545
112664,11.305
112665,8.59
112666,6.97
112667,9.05
112668,5.79
112669,7.875
112670,10.27
112671,9.8
112672,7.72
112673,13.815
112674,10.755
112675,8.12
112676,14.08
112677,8.08
112678,10.905
112679,14.495
112680,11.88
112681,12.32
112682,9.82
112683,9.685
112684,8.315
112685,8.43
112686,12.995
112687,9.65
112688,12.14
112689,11.755
112690,8.295
112691,13.095
112692,7.56
112693,12.125
112694,9.6
112695,11.86
112696,14.24
112697,11.225
112698,10.815
112699,11.56
112700,10.565
112701,10.665
112702,6.265
112703,11.585
112704,8.715
112705,15.455
112706,9.08
112707,11.855
112708,7.805
112709,14.2
112710,10.36
112711,11.415
112712,16.76
112713,11.08
112714,10.15
112715,8.65
112716,14.77
112717,10.43
112718,9.875
112719,8.275
112720,11.775
112721,5.975
112722,8.59
112723,11.175
112724,10.785
112725,12.37
112726,13.325
112727,8.94
112728,7.815
112729,9.775
112730,10.335
112731,6.27
112732,14.16
112733,10.12
112734,11.46
112735,11.37
112736,13.205
112737,13.625
112738,6.42
112739,9.4
112740,16.145
112741,12.57
112742,14.57
112743,15.67
112744,10.335
112745,7.22
112746,11.065
112747,13.755
112748,8.995
112749,9.075
112750,10.51
112751,9.835
112752,10.65
112753,15.295
112754,13.985
112755,13.855
112756,13.54
112757,11.225
112758,10.47
112759,9.34
112760,8.275
112761,6.935
112762,7.235
112763,11.735
112764,12.915
112765,15.185
112766,10.735
112767,10.245
112768,5.115
112769,8.175
112770,11.575
112771,4.795
112772,11.65
112773,9.02
112774,9.2
112775,10.65
112776,5.92
112777,7.955
112778,9.095
112779,5.1
112780,12.745
112781,6.385
112782,10.205
112783,6.645
112784,14.235
112785,10.115
112786,6.4
112787,10.84
112788,8.685
112789,10.515
112790,12.825
112791,6.785
112792,8.995
112793,9.54
112794,14.14
112795,9.94
112796,13.675
112797,8.4
112798,6.295
112799,11.015
112800,15.27
112801,13.26
112802,12.85
112803,7.7
112804,4.39
112805,11.145
112806,9.99
112807,10.335
112808,13.735
112809,9.74
112810,4.29
112811,10.65
112812,6.79
112813,9.015
112814,7.155
112815,12.27
112816,9.855
112817,8.785
112818,12.47
112819,9.48
112820,7.775
112821,9.32
112822,12.655
112823,8.065
112824,11.485
112825,13.72
112826,11.795
112827,11.235
112828,9.78
112829,10.745
112830,9.36
112831,9.01
112832,8.555
112833,8.545
112834,10.59
112835,10.45
112836,11.375
112837,8.08
112838,9.355
112839,8.315
112840,10.015
112841,7.08
112842,12.09
112843,13.9
112844,10.055
112845,5.7
112846,8.6
112847,9.65
112848,12.61
112849,13.27
112850,8.955
112851,8.885
112852,12.675
112853,12.2
112854,11.735
112855,9.21
112856,8.635
112857,7.085
112858,10.08
112859,10.46
112860,12.5
112861,8.23
112862,10.595
112863,10.455
112864,9.3
112865,6.485
112866,10.455
112867,6.685
112868,9.85
112869,8.47
112870,11.52
112871,10.395
112872,10.64
112873,10.26
112874,9.495
112875,6.56
112876,13.225
112877,8.35
112878,10.85
112879,9.485
112880,14.55
112881,11.04
112882,6.21
112883,10.63
112884,14.945
112885,7.34
112886,10.69
112887,8.885
112888,7.69
112889,11.22
112890,10.295
112891,10.4
112892,16.415
112893,9.435
112894,11.815
112895,16.36
112896,10.995
112897,5.955
112898,15.555
112899,9.405
112900,15.94
112901,10.29
112902,8.73
112903,6.795
112904,8.615
112905,10.305
112906,13.135
112907,12.12
112908,9.68
112909,10.58
112910,9.79
112911,9.435
112912,8.575
112913,11.65
112914,7.745
112915,9.235
112916,7.86
112917,11.07
112918,13.735
112919,10.465
112920,7.83
112921,11.69
112922,10.05
112923,7.4
112924,9.615
112925,10.915
112926,13.125
112927,11.76
112928,3.73
112929,4.725
112930,9.395
112931,5.39
112932,5.69
112933,15.795
112934,14.595
112935,13.775
112936,8.085
112937,10.43
112938,10.575
112939,12.545
112940,10.985
112941,10.81
112942,14.305
112943,12.23
112944,8.235
112945,10.815
112946,14.62
112947,5.035
112948,7.54
112949,9.28
112950,9.075
112951,10.235
112952,7.255
112953,7.525
112954,10.225
112955,12.24
112956,6.81
112957,10.805
112958,12.365
112959,9.425
112960,11.73
112961,12.4
112962,12.31
112963,5.69
112964,9.165
112965,11.035
112966,9.12
112967,17.73
112968,14.14
112969,10.16
112970,12.07
112971,10.29
112972,7.635
112973,11.65
112974,11.27
112975,12.47
112976,10.17
112977,11.29
112978,12.34
112979,5.885
112980,8.41
112981,13.635
112982,11.685
112983,6.79
112984,13.49
112985,12.325
112986,12.505
112987,6.47
112988,7.97
112989,13.19
112990,9.805
112991,6.69
112992,10.135
112993,6.665
112994,9.395
112995,4.505
112996,11.385
112997,11.825
112998,5.805
112999,7.14
113000,6.655
113001,9.92
113002,12.83
113003,6.81
113004,10.645
113005,11.155
113006,11.68
113007,14.79
113008,10.105
113009,9.59
113010,8.99
113011,7.05
113012,4.97
113013,10.12
113014,10.785
113015,9.05
113016,10.345
113017,10.635
113018,7.67
113019,7.445
113020,9.095
113021,7.83
113022,14.005
113023,13.73
113024,12.065
113025,6.725
113026,12.535
113027,11.32
113028,10.97
113029,15.32
113030,9.57
113031,14.265
113032,13.125
113033,9.155
113034,8.875
113035,10.96
113036,5.675
113037,16.4
113038,10.13
113039,17.345
113040,9.005
113041,14.32
113042,7.005
113043,9.54
113044,11.335
113045,9.085
113046,9.37
113047,8.295
113048,10.61
113049,10.475
113050,13.33
113051,10.175
113052,14.265
113053,14.325
113054,11.3
113055,10.395
113056,11.87
113057,7.105
113058,13.59
113059,9.69
113060,5.605
113061,13.225
113062,10.4
113063,10.105
113064,6.42
113065,12.765
113066,9.4
113067,14.34
113068,9.49
113069,11.875
113070,11.195
113071,6.94
113072,10.4
113073,9.9
113074,11.815
113075,9.505
113076,10.79
113077,16.065
113078,8.545
113079,10.39
113080,13.375
113081,11.01
113082,19.365
113083,4.97
113084,10.37
113085,10.6
113086,13.655
113087,5.995
113088,9.725
113089,8.685
113090,11.625
113091,9.855
113092,15.78
113093,6.535
113094,8.77
113095,8.14
113096,13.42
113097,10.875
113098,14.36
113099,13.15
113100,12.1
113101,9.115
113102,8.155
113103,10.71
113104,12.67
113105,9.985
113106,8.815
113107,10.95
113108,10.9
113109,7.765
113110,4.585
113111,10.195
113112,9.0
113113,10.37
113114,10.55
113115,14.69
113116,11.085
113117,9.155
113118,7.795
113119,10.665
113120,10.71
113121,9.85
113122,14.39
113123,10.46
113124,4.73
113125,8.165
113126,9.295
113127,9.825
113128,10.24
113129,10.565
113130,9.37
113131,6.595
113132,8.695
113133,8.155
113134,13.265
113135,10.27
113136,10.99
113137,11.22
113138,13.66
113139,14.505
113140,9.975
113141,14.185
113142,11.445
113143,11.385
113144,10.665
113145,13.915
113146,9.635
113147,6.665
113148,12.895
113149,14.505
113150,8.425
113151,12.07
113152,13.565
113153,6.5
113154,9.85
113155,4.575
113156,7.6
113157,7.055
113158,10.725
113159,7.17
113160,9.44
113161,9.565
113162,9.51
113163,7.93
113164,11.355
113165,11.94
113166,7.345
113167,11.82
113168,6.86
113169,8.565
113170,9.995
113171,7.255
113172,7.975
113173,6.475
113174,16.835
113175,8.565
113176,8.245
113177,13.4
113178,7.79
113179,13.475
113180,9.235
113181,10.03
113182,14.25
113183,11.925
113184,12.315
113185,14.955
113186,9.065
113187,8.62
113188,14.085
113189,11.95
113190,5.58
113191,20.28
113192,11.055
113193,11.695
113194,11.135
113195,15.225
113196,6.89
113197,15.87
113198,9.96
113199,13.225
113200,5.84
113201,10.305
113202,7.795
113203,9.62
113204,7.785
113205,19.26
113206,9.225
113207,9.245
113208,17.24
113209,10.85
113210,11.135
113211,12.3
113212,11.215
113213,10.765
113214,15.41
113215,18.915
113216,10.72
113217,11.89
113218,9.92
113219,5.725
113220,11.135
113221,6.905
113222,8.975
113223,11.395
113224,9.34
113225,8.235
113226,10.8
113227,7.695
113228,10.505
113229,10.175
113230,9.91
113231,10.185
113232,9.56
113233,19.505
113234,9.865
113235,9.785
113236,7.28
113237,6.935
113238,7.235
113239,14.395
113240,9.205
113241,10.935
113242,14.81
113243,11.295
113244,7.12
113245,9.43
113246,16.01
113247,15.64
113248,14.74
113249,13.07
113250,9.89
113251,10.405
113252,14.245
113253,12.895
113254,6.15
113255,10.185
113256,9.815
113257,9.74
113258,9.66
113259,10.77
113260,11.005
113261,7.76
113262,7.785
113263,14.635
113264,10.78
113265,13.635
113266,11.06
113267,11.43
113268,9.25
113269,11.585
113270,10.705
113271,11.63
113272,9.03
113273,5.525
113274,10.285
113275,6.875
113276,10.98
113277,9.765
113278,9.585
113279,8.19
113280,12.445
113281,10.615
113282,10.5
113283,5.205
113284,9.21
113285,11.19
113286,8.455
113287,5.555
113288,6.72
113289,11.025
113290,7.375
113291,14.275
113292,7.545
113293,7.215
113294,7.655
113295,12.51
113296,9.66
113297,13.195
113298,6.4
113299,7.14
113300,8.88
113301,9.45
113302,10.47
113303,10.58
113304,5.815
113305,13.06
113306,8.405
113307,10.705
113308,10.08
113309,13.825
113310,17.675
113311,9.905
113312,11.02
113313,12.685
113314,12.31
113315,10.83
113316,8.35
113317,4.38
113318,6.695
113319,7.7
113320,8.61
113321,10.855
113322,7.455
113323,8.29
113324,12.355
113325,9.865
113326,11.53
113327,10.635
113328,8.35
113329,10.88
113330,8.18
113331,9.2
113332,5.67
113333,6.985
113334,10.94
113335,5.14
113336,6.81
113337,8.855
113338,7.985
113339,14.475
113340,6.77
113341,9.16
113342,14.535
113343,12.015
113344,11.665
113345,10.305
113346,7.68
113347,9.38
113348,9.45
113349,11.17
113350,11.19
113351,6.445
113352,7.125
113353,12.885
113354,10.9
113355,6.785
113356,3.86
113357,9.54
113358,10.935
113359,9.53
113360,9.625
113361,6.375
113362,6.16
113363,14.655
113364,8.345
113365,12.59
113366,11.49
113367,10.445
113368,6.685
113369,9.56
113370,11.14
113371,9.0
113372,18.725
113373,10.15
113374,9.95
113375,10.01
113376,7.97
113377,10.0
113378,13.545
113379,5.74
113380,12.245
113381,10.76
113382,6.59
113383,8.98
113384,10.89
113385,10.035
113386,9.725
113387,7.735
113388,7.425
113389,10.71
113390,11.99
113391,9.385
113392,10.955
113393,6.68
113394,10.865
113395,10.905
113396,11.395
113397,12.365
113398,11.305
113399,13.465
113400,9.38
113401,13.635
113402,8.205
113403,11.445
113404,7.62
113405,14.94
113406,14.94
113407,9.76
113408,11.755
113409,9.235
113410,8.175
113411,10.68
113412,9.795
113413,12.255
113414,9.035
113415,7.865
113416,13.075
113417,10.93
113418,10.925
113419,6.54
113420,4.875
113421,10.665
113422,11.095
113423,9.795
113424,10.865
113425,8.04
113426,9.255
113427,10.52
113428,9.77
113429,6.905
113430,11.84
113431,12.485
113432,9.99
113433,7.58
113434,11.665
113435,10.835
113436,11.595
113437,10.4
113438,12.88
113439,11.615
113440,11.265
113441,10.995
113442,7.665
113443,12.655
113444,10.085
113445,10.08
113446,9.505
113447,8.88
113448,12.305
113449,10.54
113450,12.43
113451,7.51
113452,9.535
113453,8.405
113454,10.04
113455,4.44
113456,7.345
113457,11.925
113458,14.77
113459,10.72
113460,8.62
113461,14.42
113462,9.325
113463,13.75
113464,13.26
113465,19.55
113466,6.95
113467,9.6
113468,4.875
113469,8.83
113470,11.16
113471,8.61
113472,9.91
113473,6.475
113474,9.925
113475,10.75
113476,11.515
113477,13.98
113478,10.61
113479,11.355
113480,11.73
113481,13.28
113482,12.855
113483,10.775
113484,9.51
113485,10.925
113486,10.28
113487,8.86
113488,8.0
113489,8.43
113490,7.995
113491,12.52
113492,9.645
113493,11.065
113494,6.545
113495,10.54
113496,10.735
113497,11.465
113498,10.405
113499,10.97
113500,11.67
113501,10.365
113502,11.045
113503,11.75
113504,9.75
113505,8.825
113506,15.1
113507,15.405
113508,6.915
113509,10.355
113510,12.71
113511,9.76
113512,13.93
113513,7.34
113514,11.78
113515,9.795
113516,8.97
113517,12.255
113518,10.115
113519,9.26
113520,14.29
113521,5.785
113522,11.675
113523,16.56
113524,15.435
113525,6.815
113526,4.905
113527,9.49
113528,7.335
113529,12.37
113530,8.335
113531,14.235
113532,12.13
113533,8.525
113534,10.48
113535,14.135
113536,9.21
113537,5.155
113538,12.575
113539,7.22
113540,13.44
113541,12.265
113542,13.125
113543,9.31
113544,9.795
113545,7.055
113546,13.725
113547,9.605
113548,9.575
113549,9.82
113550,10.575
113551,8.095
113552,15.625
113553,8.885
113554,4.8
113555,7.795
113556,14.34
113557,9.505
113558,9.065
113559,11.585
113560,10.1
113561,7.34
113562,12.515
113563,9.245
113564,12.59
113565,8.89
113566,6.48
113567,5.175
113568,11.87
113569,11.505
113570,11.83
113571,6.695
113572,8.885
113573,6.4
113574,9.705
113575,14.42
113576,13.965
113577,11.31
113578,9.87
113579,6.595
113580,9.43
113581,9.165
113582,6.07
113583,8.93
113584,8.12
113585,12.07
113586,6.75
113587,7.065
113588,9.71
113589,8.585
113590,11.255
113591,11.68
113592,14.115
113593,7.765
113594,10.71
113595,12.685
113596,12.205
113597,9.66
113598,5.62
113599,15.415
113600,9.575
113601,8.19
113602,11.77
113603,9.16
113604,10.585
113605,10.97
113606,16.165
113607,10.68
113608,7.12
113609,9.585
113610,10.85
113611,7.81
113612,9.135
113613,10.325
113614,10.315
113615,14.88
113616,11.095
113617,8.015
113618,9.005
113619,13.505
113620,6.14
113621,13.47
113622,9.58
113623,14.775
113624,7.525
113625,6.97
113626,12.535
113627,7.145
113628,8.9
113629,11.45
113630,9.22
113631,10.44
113632,10.295
113633,8.45
113634,11.25
113635,10.21
113636,10.0
113637,7.28
113638,9.48
113639,11.62
113640,12.24
113641,11.045
113642,15.3
113643,10.77
113644,11.955
113645,7.15
113646,9.605
113647,12.22
113648,11.0
113649,13.195
113650,10.64
113651,11.0
113652,12.75
113653,6.15
113654,11.28
113655,10.655
113656,17.545
113657,6.065
113658,8.59
113659,9.71
113660,16.86
113661,6.98
113662,14.65
113663,13.71
113664,10.545
113665,16.325
113666,5.945
113667,11.195
113668,5.005
113669,11.835
113670,6.875
113671,15.385
113672,12.17
113673,12.32
113674,8.14
113675,12.125
113676,10.695
113677,11.68
113678,13.845
113679,14.68
113680,6.85
113681,14.71
113682,10.49
113683,8.83
113684,11.97
113685,10.97
113686,7.155
113687,10.335
113688,11.56
113689,7.765
113690,7.9
113691,7.515
113692,10.97
113693,7.39
113694,9.33
113695,9.29
113696,11.0
113697,11.86
113698,11.605
113699,12.77
113700,7.5
113701,9.735
113702,10.545
113703,10.815
113704,9.39
113705,6.675
113706,12.765
113707,7.76
113708,10.075
113709,10.555
113710,7.585
113711,5.32
113712,6.67
113713,6.52
113714,11.885
113715,14.895
113716,7.025
113717,12.905
113718,9.25
113719,12.25
113720,7.995
113721,8.15
113722,11.17
113723,12.23
113724,14.28
113725,9.055
113726,11.315
113727,15.34
113728,8.05
113729,8.63
113730,11.83
113731,7.04
113732,13.79
113733,10.855
113734,7.14
113735,8.275
113736,8.89
113737,4.495
113738,8.485
113739,13.335
113740,5.125
113741,11.87
113742,12.865
113743,11.495
113744,16.03
113745,6.72
113746,7.595
113747,14.695
113748,10.35
113749,4.545
113750,8.66
113751,6.915
113752,9.375
113753,13.045
113754,9.745
113755,14.12
113756,6.94
113757,13.25
113758,6.855
113759,12.365
113760,8.695
113761,9.335
113762,6.96
113763,13.79
113764,8.66
113765,10.38
113766,11.5
113767,10.75
113768,15.39
113769,9.315
113770,10.89
113771,8.0
113772,17.095
113773,7.065
113774,11.37
113775,10.305
113776,10.22
113777,9.17
113778,7.89
113779,7.23
113780,13.76
113781,13.695
113782,7.565
113783,16.46
113784,8.62
113785,10.66
113786,7.96
113787,11.56
113788,9.615
113789,9.395
113790,12.175
113791,10.665
113792,8.455
113793,10.25
113794,11.145
113795,7.245
113796,7.18
113797,8.77
113798,10.795
113799,8.19
113800,5.7
113801,13.645
113802,11.075
113803,8.02
113804,9.475
113805,9.3
113806,16.575
113807,11.96
113808,11.355
113809,16.925
113810,7.095
113811,15.065
113812,13.07
113813,8.16
113814,9.685
113815,12.955
113816,12.895
113817,8.085
113818,9.625
113819,11.17
113820,8.235
113821,7.565
113822,17.23
113823,10.145
113824,8.015
113825,10.03
113826,9.28
113827,8.265
113828,14.645
113829,4.67
113830,10.745
113831,7.05
113832,7.905
113833,5.715
113834,8.105
113835,13.795
113836,9.955
113837,11.53
113838,11.385
113839,8.64
113840,12.265
113841,8.525
113842,7.42
113843,10.995
113844,7.11
113845,11.19
113846,9.345
113847,9.615
113848,9.635
113849,6.595
113850,8.45
113851,10.44
113852,11.85
113853,12.9
113854,5.96
113855,8.54
113856,11.87
113857,9.535
113858,12.565
113859,9.705
113860,11.345
113861,5.365
113862,5.74
113863,9.24
113864,14.255
113865,7.935
113866,10.855
113867,9.815
113868,8.485
113869,11.39
113870,12.8
113871,7.175
113872,12.145
113873,10.225
113874,8.06
113875,10.735
113876,6.945
113877,6.64
113878,11.74
113879,8.74
113880,10.59
113881,10.55
113882,10.33
113883,9.645
113884,7.4
113885,8.305
113886,9.33
113887,4.99
113888,6.94
113889,15.11
113890,13.67
113891,6.72
113892,8.97
113893,10.165
113894,9.55
113895,5.635
113896,10.81
113897,11.385
113898,11.745
113899,10.105
113900,7.54
113901,11.835
113902,8.995
113903,10.24
113904,9.47
113905,4.03
113906,10.46
113907,18.935
113908,14.985
113909,10.47
113910,7.73
113911,11.745
113912,9.495
113913,14.065
113914,9.535
113915,11.58
113916,8.74
113917,10.295
113918,14.795
113919,9.585
113920,8.205
113921,12.875
113922,7.93
113923,8.12
113924,11.695
113925,9.565
113926,14.225
113927,9.88
113928,10.935
113929,12.15
113930,5.61
113931,8.26
113932,4.73
113933,10.73
113934,10.715
113935,13.3
113936,16.37
113937,10.2
113938,9.465
113939,10.97
113940,9.51
113941,11.36
113942,6.345
113943,8.25
113944,9.965
113945,9.77
113946,16.88
113947,10.625
113948,7.315
113949,7.995
113950,10.9
113951,11.7
113952,11.26
113953,12.295
113954,11.14
113955,8.825
113956,8.025
113957,8.94
113958,10.465
113959,8.875
113960,7.975
113961,10.395
113962,5.675
113963,15.69
113964,8.275
113965,8.16
113966,8.945
113967,12.4
113968,13.485
113969,9.35
113970,9.805
113971,9.855
113972,12.22
113973,9.405
113974,10.96
113975,7.365
113976,5.985
113977,7.26
113978,10.41
113979,10.74
113980,9.055
113981,13.315
113982,11.23
113983,19.38
113984,11.725
113985,10.715
113986,16.27
113987,12.9
113988,6.84
113989,10.725
113990,6.445
113991,14.93
113992,11.375
113993,9.755
113994,9.865
113995,10.165
113996,12.425
113997,9.875
113998,12.88
113999,8.705
114000,8.82
114001,13.27
114002,8.785
114003,13.99
114004,6.74
114005,9.015
114006,9.82
114007,8.46
114008,6.99
114009,10.05
114010,11.325
114011,12.52
114012,11.975
114013,10.945
114014,11.19
114015,9.185
114016,11.11
114017,8.955
114018,13.835
114019,7.685
114020,8.715
114021,10.305
114022,9.315
114023,5.74
114024,11.095
114025,10.05
114026,12.165
114027,12.265
114028,8.05
114029,9.485
114030,10.615
114031,10.88
114032,11.055
114033,7.495
114034,7.78
114035,13.4
114036,11.135
114037,10.73
114038,10.34
114039,8.65
114040,9.675
114041,9.31
114042,8.86
114043,11.525
114044,12.085
114045,12.165
114046,10.27
114047,11.58
114048,10.985
114049,13.445
114050,10.69
114051,6.18
114052,6.775
114053,8.08
114054,13.605
114055,8.37
114056,6.71
114057,7.72
114058,10.53
114059,10.6
114060,9.465
114061,9.27
114062,6.7
114063,12.245
114064,9.085
114065,12.09
114066,8.34
114067,9.855
114068,8.325
114069,15.375
114070,18.295
114071,8.505
114072,9.115
114073,10.905
114074,6.21
114075,11.72
114076,10.38
114077,5.67
114078,11.375
114079,6.695
114080,8.37
114081,8.345
114082,9.785
114083,4.81
114084,8.195
114085,8.86
114086,6.025
114087,11.485
114088,10.87
114089,8.49
114090,13.625
114091,10.735
114092,16.28
114093,10.295
114094,6.615
114095,6.355
114096,7.365
114097,9.76
114098,15.79
114099,10.99
114100,6.365
114101,14.515
114102,10.5
114103,10.42
114104,7.855
114105,7.81
114106,13.23
114107,7.03
114108,13.565
114109,13.475
114110,13.895
114111,8.735
114112,15.515
114113,5.105
114114,12.41
114115,10.115
114116,10.23
114117,9.835
114118,11.065
114119,11.555
114120,12.25
114121,13.335
114122,10.505
114123,14.3
114124,10.15
114125,10.085
114126,8.78
114127,10.585
114128,17.755
114129,10.645
114130,5.55
114131,5.43
114132,7.73
114133,10.36
114134,11.9
114135,12.435
114136,5.21
114137,11.34
114138,9.635
114139,9.375
114140,19.885
114141,14.535
114142,13.27
114143,13.77
114144,10.73
114145,6.605
114146,11.57
114147,9.335
114148,14.855
114149,14.825
114150,7.875
114151,9.195
114152,6.955
114153,10.37
114154,6.42
114155,11.725
114156,10.91
114157,15.33
114158,8.39
114159,4.63
114160,10.155
114161,11.33
114162,7.975
114163,11.555
114164,5.86
114165,9.545
114166,9.8
114167,7.79
114168,10.985
114169,10.56
114170,7.91
114171,19.44
114172,9.79
114173,7.145
114174,11.375
114175,8.455
114176,8.21
114177,9.425
114178,11.27
114179,11.975
114180,8.0
114181,8.43
114182,9.43
114183,8.985
114184,10.425
114185,15.605
114186,6.77
114187,6.97
114188,11.99
114189,6.24
114190,12.895
114191,10.395
114192,12.395
114193,9.325
114194,13.035
114195,7.49
114196,7.98
114197,11.835
114198,7.39
114199,9.06
114200,10.32
114201,17.14
114202,8.57
114203,11.13
114204,11.6
114205,8.62
114206,8.55
114207,15.375
114208,8.07
114209,9.765
114210,9.495
114211,9.445
114212,9.31
114213,7.27
114214,9.83
114215,9.285
114216,11.495
114217,12.25
114218,9.17
114219,12.26
114220,10.09
114221,17.425
114222,13.235
114223,7.93
114224,12.79
114225,14.12
114226,13.155
114227,11.215
114228,16.55
114229,6.345
114230,8.11
114231,9.805
114232,9.17
114233,11.26
114234,11.1
114235,10.42
114236,9.78
114237,12.7
114238,7.955
114239,10.84
114240,7.825
114241,11.525
114242,13.865
114243,9.55
114244,12.155
114245,10.44
114246,11.06
114247,10.015
114248,10.545
114249,9.11
114250,9.565
114251,6.895
114252,11.565
114253,11.25
114254,11.69
114255,10.11
114256,6.455
114257,9.39
114258,13.77
114259,6.915
114260,9.295
114261,11.005
114262,11.89
114263,14.715
114264,11.94
114265,6.835
114266,9.885
114267,11.375
114268,8.315
114269,8.475
114270,6.895
114271,7.77
114272,9.175
114273,10.0
114274,10.575
114275,13.96
114276,11.19
114277,10.835
114278,8.13
114279,14.75
114280,10.405
114281,9.66
114282,9.46
114283,8.6
114284,3.955
114285,9.67
114286,5.875
114287,6.59
114288,4.375
114289,8.77
114290,8.97
114291,5.575
114292,12.315
114293,11.275
114294,14.26
114295,5.24
114296,7.59
114297,9.41
114298,6.73
114299,9.62
114300,6.575
114301,11.115
114302,13.26
114303,11.165
114304,7.845
114305,5.72
114306,11.5
114307,11.31
114308,10.625
114309,10.465
114310,6.765
114311,12.215
114312,7.345
114313,10.835
114314,6.525
114315,10.72
114316,9.11
114317,10.52
114318,11.57
114319,9.455
114320,11.01
114321,8.925
114322,10.88
114323,12.225
114324,7.54
114325,6.875
114326,7.33
114327,6.535
114328,16.175
114329,10.06
114330,14.235
114331,10.675
114332,13.12
114333,6.77
114334,8.335
114335,10.33
114336,9.705
114337,7.89
114338,9.51
114339,9.635
114340,9.315
114341,11.565
114342,8.63
114343,8.35
114344,8.87
114345,9.36
114346,8.985
114347,13.57
114348,10.64
114349,8.835
114350,15.635
114351,9.465
114352,7.975
114353,7.805
114354,7.915
114355,9.06
114356,9.785
114357,8.975
114358,6.725
114359,8.795
114360,11.5
114361,11.035
114362,4.195
114363,7.615
114364,12.87
114365,10.95
114366,10.55
114367,10.75
114368,8.8
114369,12.335
114370,12.46
114371,7.315
114372,8.155
114373,10.525
114374,7.34
114375,9.825
114376,11.34
114377,10.065
114378,15.42
114379,11.99
114380,8.205
114381,14.06
114382,15.19
114383,11.875
114384,11.745
114385,6.705
114386,15.72
114387,10.57
114388,10.61
114389,7.615
114390,11.79
114391,13.43
114392,9.415
114393,11.445
114394,9.5
114395,5.175
114396,9.225
114397,13.265
114398,20.8
114399,8.57
114400,9.305
114401,11.1
114402,11.435
114403,8.095
114404,9.355
114405,10.375
114406,8.9
114407,16.26
114408,7.735
114409,10.67
114410,9.56
114411,9.18
114412,9.455
114413,9.605
114414,9.455
114415,6.555
114416,10.055
114417,12.425
114418,6.82
114419,11.7
114420,11.06
114421,7.175
114422,11.28
114423,12.52
114424,13.615
114425,14.58
114426,11.74
114427,8.955
114428,7.49
114429,9.255
114430,10.865
114431,10.225
114432,8.56
114433,8.55
114434,7.665
114435,4.31
114436,7.275
114437,11.845
114438,13.32
114439,11.355
114440,9.83
114441,12.2
114442,13.955
114443,7.705
114444,11.805
114445,18.33
114446,7.99
114447,9.365
114448,6.25
114449,9.185
114450,9.665
114451,9.66
114452,11.045
114453,10.46
114454,15.355
114455,10.125
114456,10.5
114457,11.95
114458,16.89
114459,4.695
114460,11.655
114461,10.88
114462,6.705
114463,11.1
114464,18.05
114465,11.855
114466,8.49
114467,10.095
114468,10.875
114469,11.165
114470,10.355
114471,14.87
114472,10.15
114473,7.14
114474,8.98
114475,10.81
114476,9.94
114477,5.645
114478,11.235
114479,10.125
114480,12.065
114481,12.505
114482,8.985
114483,10.95
114484,11.43
114485,11.475
114486,8.965
114487,9.77
114488,8.6
114489,6.365
114490,11.825
114491,8.215
114492,11.035
114493,13.38
114494,11.49
114495,13.875
114496,12.755
114497,10.735
114498,7.85
114499,11.485
114500,8.595
114501,12.235
114502,12.385
114503,7.815
114504,6.85
114505,11.01
114506,13.13
114507,11.43
114508,13.82
114509,13.77
114510,8.925
114511,11.01
114512,11.52
114513,5.795
114514,10.705
114515,20.005
114516,11.145
114517,14.445
114518,16.9
114519,8.215
114520,7.945
114521,6.93
114522,14.39
114523,13.825
114524,13.06
114525,10.745
114526,19.76
114527,8.875
114528,11.565
114529,4.98
114530,8.1
114531,8.945
114532,11.145
114533,5.95
114534,6.685
114535,12.58
114536,11.265
114537,12.555
114538,12.565
114539,12.41
114540,9.325
114541,5.14
114542,9.855
114543,9.775
114544,6.58
114545,10.37
114546,13.885
114547,4.88
114548,10.7
114549,11.19
114550,15.545
114551,17.345
114552,10.16
114553,14.895
114554,10.65
114555,11.505
114556,12.07
114557,10.175
114558,7.785
114559,10.075
114560,12.24
114561,19.44
114562,14.625
114563,5.325
114564,8.81
114565,11.8
114566,12.735
114567,14.585
114568,7.625
114569,11.375
114570,17.46
114571,10.595
114572,4.865
114573,9.59
114574,5.065
114575,11.42
114576,6.725
114577,5.64
114578,10.48
114579,11.585
114580,13.44
114581,12.13
114582,17.225
114583,8.085
114584,10.235
114585,15.675
114586,7.715
114587,9.555
114588,9.125
114589,12.68
114590,8.915
114591,11.23
114592,8.565
114593,11.145
114594,11.835
114595,10.585
114596,6.145
114597,11.725
114598,9.12
114599,16.645
114600,10.295
114601,10.98
114602,10.035
114603,17.65
114604,11.305
114605,15.425
114606,10.925
114607,10.76
114608,10.91
114609,10.85
114610,9.95
114611,8.865
114612,6.92
114613,8.03
114614,8.62
114615,12.095
114616,13.615
114617,11.17
114618,9.835
114619,10.485
114620,10.095
114621,6.895
114622,9.52
114623,14.4
114624,9.815
114625,9.975
114626,6.755
114627,8.075
114628,11.665
114629,12.365
114630,6.065
114631,8.215
114632,11.335
114633,15.42
114634,9.44
114635,13.73
114636,8.845
114637,8.105
114638,6.63
114639,10.96
114640,13.3
114641,8.735
114642,10.325
114643,11.335
114644,11.335
114645,13.195
114646,9.535
114647,6.015
114648,8.915
114649,13.72
114650,11.29
114651,18.715
114652,7.91
114653,7.26
114654,12.935
114655,7.305
114656,8.285
114657,9.29
114658,11.67
114659,9.195
114660,15.81
114661,11.325
114662,9.785
114663,13.105
114664,7.735
114665,9.71
114666,11.65
114667,16.28
114668,10.67
114669,13.07
114670,9.71
114671,9.975
114672,9.725
114673,11.175
114674,7.19
114675,15.43
114676,5.835
114677,7.205
114678,8.145
114679,7.075
114680,11.25
114681,10.095
114682,11.485
114683,8.435
114684,9.505
114685,9.195
114686,6.465
114687,10.225
114688,10.84
114689,10.33
114690,5.835
114691,6.89
114692,7.515
114693,12.835
114694,9.045
114695,8.985
114696,13.185
114697,16.9
114698,7.305
114699,8.875
114700,7.9
114701,9.655
114702,10.61
114703,12.825
114704,10.785
114705,8.92
114706,7.05
114707,10.865
114708,8.115
114709,8.705
114710,10.315
114711,18.075
114712,6.06
114713,11.325
114714,11.585
114715,8.575
114716,9.62
114717,9.31
114718,8.97
114719,12.775
114720,11.72
114721,17.46
114722,10.685
114723,5.515
114724,10.635
114725,6.885
114726,11.925
114727,9.9
114728,12.01
114729,11.205
114730,13.525
114731,10.07
114732,8.02
114733,10.745
114734,10.315
114735,8.155
114736,7.305
114737,8.16
114738,8.325
114739,11.415
114740,11.555
114741,11.175
114742,5.745
114743,9.925
114744,13.34
114745,10.005
114746,10.695
114747,9.745
114748,10.05
114749,9.18
114750,10.13
114751,8.185
114752,14.99
114753,10.515
114754,13.47
114755,18.65
114756,10.06
114757,5.645
114758,11.08
114759,11.34
114760,10.925
114761,12.785
114762,11.055
114763,12.365
114764,6.685
114765,11.09
114766,9.175
114767,12.38
114768,9.25
114769,6.095
114770,8.11
114771,10.155
114772,7.865
114773,12.815
114774,14.93
114775,10.465
114776,3.64
114777,12.93
114778,15.415
114779,7.005
114780,10.335
114781,9.53
114782,13.34
114783,9.95
114784,8.25
114785,6.975
114786,14.57
114787,4.0
114788,8.515
114789,10.22
114790,9.12
114791,8.475
114792,13.18
114793,8.155
114794,11.985
114795,8.89
114796,14.17
114797,11.53
114798,9.6
114799,8.78
114800,5.945
114801,9.2
114802,9.65
114803,9.825
114804,8.31
114805,11.555
114806,9.585
114807,15.74
114808,12.315
114809,10.745
114810,9.39
114811,8.32
114812,13.145
114813,10.705
114814,15.145
114815,11.155
114816,11.065
114817,9.185
114818,10.785
114819,7.855
114820,8.195
114821,15.025
114822,10.0
114823,4.66
114824,9.065
114825,4.835
114826,12.295
114827,6.465
114828,6.75
114829,11.055
114830,9.41
114831,6.44
114832,14.36
114833,9.55
114834,14.745
114835,10.825
114836,6.32
114837,6.98
114838,5.77
114839,12.29
114840,10.3
114841,11.14
114842,7.245
114843,8.57
114844,6.64
114845,4.26
114846,9.51
114847,8.05
114848,8.58
114849,13.48
114850,12.395
114851,11.465
114852,13.84
114853,10.81
114854,6.035
114855,12.075
114856,13.53
114857,4.9
114858,9.655
114859,9.1
114860,10.655
114861,7.045
114862,5.895
114863,15.415
114864,10.365
114865,12.595
114866,11.86
114867,15.455
114868,11.33
114869,14.325
114870,9.805
114871,5.37
114872,8.55
114873,10.595
114874,9.335
114875,11.03
114876,8.235
114877,7.74
114878,9.43
114879,14.3
114880,16.98
114881,11.92
114882,9.91
114883,11.935
114884,7.27
114885,7.225
114886,7.335
114887,11.22
114888,5.86
114889,11.565
114890,8.89
114891,12.865
114892,17.75
114893,13.46
114894,7.73
114895,10.305
114896,9.815
114897,11.255
114898,12.145
114899,10.2
114900,15.105
114901,19.305
114902,6.84
114903,10.435
114904,10.575
114905,7.04
114906,10.595
114907,11.36
114908,13.22
114909,11.85
114910,10.595
114911,11.43
114912,15.315
114913,9.87
114914,14.98
114915,8.535
114916,6.785
114917,10.145
114918,11.01
114919,6.525
114920,10.52
114921,10.735
114922,10.47
114923,10.42
114924,10.83
114925,7.92
114926,9.17
114927,8.95
114928,8.61
114929,8.11
114930,7.225
114931,8.85
114932,6.75
114933,11.25
114934,9.825
114935,11.56
114936,10.21
114937,11.54
114938,6.105
114939,11.525
114940,9.27
114941,6.295
114942,10.42
114943,11.77
114944,3.755
114945,9.445
114946,10.37
114947,5.17
114948,8.22
114949,9.135
114950,8.645
114951,9.565
114952,7.9
114953,10.025
114954,9.405
114955,12.675
114956,7.795
114957,6.665
114958,5.24
114959,12.79
114960,13.975
114961,11.77
114962,9.05
114963,13.575
114964,8.46
114965,10.275
114966,10.045
114967,8.11
114968,10.775
114969,10.4
114970,13.415
114971,4.745
114972,14.76
114973,6.33
114974,8.105
114975,6.635
114976,13.085
114977,5.74
114978,5.3
114979,12.305
114980,11.48
114981,11.1
114982,11.885
114983,6.585
114984,8.13
114985,7.43
114986,11.815
114987,10.86
114988,11.485
114989,12.595
114990,6.595
114991,7.405
114992,11.27
114993,13.92
114994,10.105
114995,12.465
114996,8.115
114997,12.52
114998,11.16
114999,19.095
115000,11.05
115001,5.33
115002,10.525
115003,9.03
115004,9.155
115005,5.24
115006,17.22
115007,6.895
115008,11.875
115009,14.17
115010,10.43
115011,8.37
115012,9.37
115013,11.805
115014,6.39
115015,13.305
115016,17.275
115017,8.04
115018,9.525
115019,11.005
115020,13.95
115021,8.065
115022,9.645
115023,9.79
115024,13.875
115025,6.775
115026,17.04
115027,10.88
115028,9.905
115029,8.44
115030,6.535
115031,11.22
115032,14.78
115033,10.655
115034,9.505
115035,9.615
115036,9.63
115037,8.24
115038,12.64
115039,16.465
115040,11.77
115041,12.035
115042,10.225
115043,7.855
115044,10.34
115045,10.36
115046,11.1
115047,10.45
115048,14.04
115049,13.295
115050,11.67
115051,9.67
115052,7.94
115053,10.68
115054,9.85
115055,6.28
115056,10.0
115057,9.425
115058,10.245
115059,9.06
115060,15.075
115061,5.83
115062,16.0
115063,9.7
115064,11.705
115065,13.24
115066,9.325
115067,14.855
115068,9.245
115069,11.945
115070,13.37
115071,12.59
115072,11.195
115073,9.59
115074,12.01
115075,9.315
115076,7.8
115077,9.65
115078,10.325
115079,9.695
115080,11.28
115081,9.135
115082,14.715
115083,10.365
115084,7.36
115085,11.225
115086,10.215
115087,12.195
115088,15.905
115089,7.025
115090,8.095
115091,5.82
115092,14.395
115093,10.895
115094,12.635
115095,14.4
115096,9.33
115097,12.265
115098,10.52
115099,12.12
115100,11.16
115101,10.38
115102,12.12
115103,11.23
115104,11.46
115105,6.345
115106,7.265
115107,10.495
115108,9.915
115109,10.435
115110,10.715
115111,12.16
115112,6.99
115113,12.115
115114,10.525
115115,11.0
115116,10.425
115117,8.175
115118,9.78
115119,4.545
115120,7.06
115121,15.21
115122,10.14
115123,7.505
115124,6.785
115125,9.665
115126,10.86
115127,7.105
115128,15.705
115129,9.22
115130,9.925
115131,14.22
115132,12.005
115133,10.53
115134,13.08
115135,12.47
115136,11.97
115137,8.54
115138,5.915
115139,9.33
115140,13.34
115141,4.645
115142,9.985
115143,12.055
115144,10.935
115145,11.525
115146,13.515
115147,10.64
115148,9.065
115149,10.74
115150,11.385
115151,7.46
115152,10.42
115153,3.645
115154,10.905
115155,9.365
115156,10.685
115157,9.11
115158,5.595
115159,12.945
115160,12.155
115161,10.105
115162,6.47
115163,14.905
115164,14.12
115165,12.435
115166,7.97
115167,8.335
115168,7.545
115169,10.695
115170,12.485
115171,8.405
115172,15.315
115173,4.47
115174,10.595
115175,9.75
115176,21.595
115177,9.01
115178,6.97
115179,15.64
115180,10.735
115181,10.04
115182,9.885
115183,5.285
115184,12.845
115185,8.845
115186,8.12
115187,8.985
115188,12.22
115189,6.605
115190,13.91
115191,10.58
115192,7.27
115193,12.9
115194,6.21
115195,10.7
115196,9.05
115197,13.07
115198,9.05
115199,8.565
115200,9.34
115201,12.745
115202,9.59
115203,7.24
115204,15.725
115205,11.06
115206,6.625
115207,16.925
115208,4.28
115209,6.575
115210,12.005
115211,10.58
115212,7.06
115213,11.295
115214,9.445
115215,11.285
115216,10.59
115217,9.68
115218,9.965
115219,8.58
115220,17.865
115221,10.84
115222,11.495
115223,13.125
115224,10.35
115225,8.81
115226,15.645
115227,7.925
115228,6.32
115229,10.83
115230,10.18
115231,6.52
115232,11.58
115233,11.84
115234,11.83
115235,8.71
115236,11.015
115237,9.745
115238,13.5
115239,6.62
115240,16.26
115241,13.375
115242,9.995
115243,8.545
115244,4.05
115245,11.21
115246,7.655
115247,9.025
115248,13.705
115249,11.525
115250,10.68
115251,9.31
115252,11.19
115253,13.005
115254,6.84
115255,11.12
115256,15.36
115257,10.61
115258,8.665
115259,7.83
115260,12.925
115261,7.995
115262,15.85
115263,13.925
115264,10.73
115265,7.745
115266,6.47
115267,9.625
115268,12.625
115269,11.225
115270,8.755
115271,11.27
115272,13.985
115273,13.97
115274,10.025
115275,10.815
115276,11.515
115277,12.03
115278,12.235
115279,12.0
115280,9.28
115281,10.87
115282,10.8
115283,7.155
115284,7.5
115285,12.935
115286,7.43
115287,8.23
115288,9.855
115289,10.745
115290,9.335
115291,10.155
115292,11.56
115293,6.65
115294,9.495
115295,9.13
115296,8.66
115297,14.92
115298,7.2
115299,10.435
115300,7.105
115301,16.665
115302,8.525
115303,11.88
115304,8.925
115305,9.745
115306,10.09
115307,8.545
115308,11.74
115309,13.96
115310,8.34
115311,9.225
115312,10.485
115313,4.705
115314,10.6
115315,14.585
115316,8.515
115317,9.35
115318,6.265
115319,7.61
115320,6.105
115321,13.67
115322,8.575
115323,13.49
115324,8.44
115325,10.185
115326,9.48
115327,10.56
115328,8.55
115329,11.91
115330,6.985
115331,10.055
115332,4.95
115333,13.35
115334,9.615
115335,7.39
115336,11.695
115337,11.615
115338,9.375
115339,10.66
115340,8.59
115341,7.4
115342,9.71
115343,11.57
115344,11.01
115345,9.865
115346,12.025
115347,6.32
115348,9.53
115349,5.78
115350,6.865
115351,7.32
115352,9.05
115353,8.395
115354,16.96
115355,8.28
115356,8.79
115357,9.175
115358,14.3
115359,14.62
115360,4.745
115361,10.16
115362,10.385
115363,9.645
115364,7.7
115365,9.93
115366,9.93
115367,10.71
115368,10.025
115369,4.905
115370,11.91
115371,10.39
115372,10.675
115373,11.42
115374,8.85
115375,9.795
115376,9.075
115377,8.76
115378,7.54
115379,10.845
115380,10.34
115381,14.385
115382,11.32
115383,13.905
115384,9.42
115385,9.38
115386,18.18
115387,17.355
115388,8.93
115389,10.5
115390,10.04
115391,6.58
115392,7.565
115393,6.775
115394,9.34
115395,10.415
115396,10.24
115397,11.055
115398,4.675
115399,11.0
115400,9.725
115401,10.495
115402,9.205
115403,10.7
115404,9.52
115405,8.715
115406,6.905
115407,11.13
115408,10.585
115409,6.415
115410,10.685
115411,11.425
115412,9.38
115413,9.48
115414,11.87
115415,11.485
115416,13.335
115417,10.105
115418,9.225
115419,10.96
115420,11.59
115421,11.81
115422,8.145
115423,14.415
115424,5.73
115425,16.16
115426,13.585
115427,9.685
115428,11.56
115429,11.195
115430,11.605
115431,11.31
115432,8.445
115433,8.335
115434,11.78
115435,8.91
115436,9.675
115437,14.585
115438,10.29
115439,10.715
115440,5.775
115441,11.84
115442,7.76
115443,14.115
115444,9.915
115445,11.12
115446,9.81
115447,7.195
115448,16.03
115449,6.155
115450,11.335
115451,9.6
115452,10.57
115453,15.235
115454,10.45
115455,7.985
115456,10.46
115457,3.995
115458,6.555
115459,10.865
115460,11.405
115461,10.38
115462,7.12
115463,11.295
115464,12.695
115465,12.315
115466,14.995
115467,17.08
115468,9.6
115469,10.395
115470,8.86
115471,6.89
115472,9.65
115473,5.515
115474,9.92
115475,14.41
115476,4.535
115477,8.3
115478,12.895
115479,8.64
115480,12.7
115481,10.865
115482,7.79
115483,9.28
115484,9.51
115485,9.43
115486,10.74
115487,8.08
115488,11.715
115489,14.645
115490,8.27
115491,13.41
115492,9.635
115493,8.9
115494,10.145
115495,9.44
115496,10.34
115497,13.33
115498,9.59
115499,11.935
115500,9.715
115501,11.29
115502,10.36
115503,10.17
115504,14.705
115505,10.815
115506,9.36
115507,6.12
115508,12.9
115509,14.0
115510,8.56
115511,9.515
115512,11.13
115513,6.89
115514,7.91
115515,13.485
115516,8.975
115517,15.53
115518,12.265
115519,14.2
115520,15.93
115521,11.935
115522,10.25
115523,13.535
115524,9.555
115525,8.445
115526,10.325
115527,12.43
115528,9.025
115529,11.68
115530,15.405
115531,15.06
115532,12.365
115533,12.47
115534,9.385
115535,5.595
115536,9.925
115537,6.875
115538,11.8
115539,16.735
115540,8.495
115541,11.235
115542,10.255
115543,7.665
115544,8.855
115545,8.025
115546,14.085
115547,10.635
115548,7.54
115549,11.715
115550,7.42
115551,9.24
115552,11.19
115553,7.765
115554,9.12
115555,10.645
115556,14.405
115557,11.015
115558,13.06
115559,12.165
115560,12.905
115561,8.575
115562,10.18
115563,9.375
115564,4.995
115565,9.81
115566,9.685
115567,7.81
115568,7.675
115569,14.69
115570,12.035
115571,9.365
115572,7.625
115573,12.33
115574,12.155
115575,7.755
115576,13.74
115577,11.085
115578,11.445
115579,14.86
115580,10.63
115581,6.445
115582,5.73
115583,6.815
115584,9.09
115585,12.51
115586,9.27
115587,11.07
115588,10.55
115589,14.245
115590,10.31
115591,11.335
115592,5.605
115593,11.76
115594,11.62
115595,14.135
115596,11.23
115597,10.93
115598,8.3
115599,9.67
115600,10.5
115601,9.985
115602,9.97
115603,12.275
115604,13.205
115605,9.18
115606,10.1
115607,13.36
115608,14.07
115609,6.94
115610,15.125
115611,6.56
115612,9.855
115613,4.725
115614,13.31
115615,5.845
115616,14.31
115617,11.07
115618,8.925
115619,8.155
115620,18.39
115621,10.225
115622,11.5
115623,9.72
115624,9.44
115625,9.1
115626,8.625
115627,11.505
115628,10.405
115629,8.35
115630,6.785
115631,9.895
115632,9.27
115633,3.905
115634,11.895
115635,13.59
115636,7.245
115637,9.525
115638,7.245
115639,8.635
115640,11.8
115641,4.88
115642,6.675
115643,11.43
115644,5.945
115645,5.72
115646,12.315
115647,6.68
115648,12.45
115649,8.49
115650,8.65
115651,10.365
115652,9.22
115653,5.02
115654,11.35
115655,8.48
115656,8.725
115657,12.09
115658,10.43
115659,12.805
115660,7.58
115661,11.925
115662,6.72
115663,9.085
115664,11.33
115665,7.995
115666,12.895
115667,10.775
115668,13.425
115669,9.97
115670,10.705
115671,9.765
115672,9.08
115673,8.125
115674,9.31
115675,11.445
115676,11.795
115677,8.995
115678,11.13
115679,9.69
115680,11.115
115681,9.02
115682,12.28
115683,9.955
115684,9.635
115685,13.755
115686,6.66
115687,5.98
115688,9.54
115689,11.97
115690,7.805
115691,14.415
115692,9.055
115693,9.845
115694,14.55
115695,5.315
115696,7.86
115697,11.23
115698,12.075
115699,9.38
115700,11.115
115701,9.15
115702,8.775
115703,15.165
115704,16.625
115705,9.75
115706,10.385
115707,10.215
115708,6.99
115709,9.45
115710,11.115
115711,10.59
115712,9.95
115713,4.38
115714,13.29
115715,8.045
115716,12.815
115717,13.845
115718,7.69
115719,9.22
115720,10.505
115721,6.865
115722,8.935
115723,11.995
115724,7.53
115725,5.65
115726,9.11
115727,11.48
115728,12.535
115729,10.81
115730,8.57
115731,3.92
115732,13.315
115733,12.375
115734,7.98
115735,6.195
115736,6.655
115737,4.96
115738,9.24
115739,13.39
115740,11.375
115741,7.905
115742,8.735
115743,13.165
115744,11.7
115745,16.57
115746,8.745
115747,8.625
115748,12.51
115749,9.785
115750,13.905
115751,10.515
115752,10.36
115753,8.985
115754,12.0
115755,11.295
115756,10.495
115757,14.995
115758,14.96
115759,11.255
115760,12.34
115761,10.525
115762,12.65
115763,3.95
115764,11.945
115765,10.75
115766,11.18
115767,11.27
115768,9.82
115769,12.81
115770,10.875
115771,11.43
115772,5.105
115773,11.53
115774,13.095
115775,9.485
115776,13.08
115777,12.115
115778,9.855
115779,8.5
115780,9.645
115781,10.875
115782,13.46
115783,7.835
115784,9.545
115785,9.395
115786,8.245
115787,17.445
115788,9.13
115789,7.655
115790,11.73
115791,13.945
115792,8.91
115793,13.505
115794,11.26
115795,15.59
115796,13.81
115797,6.695
115798,9.715
115799,4.635
115800,10.71
115801,15.51
115802,9.835
115803,10.2
115804,4.63
115805,5.83
115806,7.25
115807,7.995
115808,6.93
115809,17.27
115810,9.295
115811,6.705
115812,10.23
115813,11.67
115814,9.4
115815,8.655
115816,13.535
115817,10.53
115818,11.11
115819,6.505
115820,13.89
115821,13.455
115822,10.265
115823,8.22
115824,11.46
115825,6.865
115826,9.275
115827,12.88
115828,10.735
115829,18.17
115830,10.045
115831,10.975
115832,7.14
115833,10.925
115834,9.845
115835,16.995
115836,9.58
115837,17.06
115838,11.48
115839,7.14
115840,7.065
115841,10.685
115842,9.72
115843,7.885
115844,10.55
115845,9.74
115846,15.7
115847,12.74
115848,9.52
115849,14.38
115850,10.32
115851,7.255
115852,8.935
115853,11.555
115854,9.16
115855,10.71
115856,7.24
115857,8.385
115858,9.115
115859,13.845
115860,13.32
115861,6.65
115862,7.18
115863,8.675
115864,10.23
115865,6.095
115866,6.565
115867,7.885
115868,11.365
115869,9.775
115870,14.65
115871,7.865
115872,8.66
115873,12.945
115874,12.68
115875,9.39
115876,10.09
115877,14.15
115878,10.485
115879,10.985
115880,11.56
115881,6.235
115882,9.9
115883,8.03
115884,9.81
115885,9.7
115886,9.39
115887,11.145
115888,12.005
115889,4.055
115890,10.795
115891,5.405
115892,10.74
115893,10.44
115894,15.295
115895,13.05
115896,8.055
115897,9.935
115898,8.095
115899,7.93
115900,9.41
115901,9.585
115902,12.09
115903,12.365
115904,9.72
115905,6.475
115906,9.37
115907,6.67
115908,13.9
115909,10.42
115910,8.2
115911,6.475
115912,9.925
115913,12.745
115914,7.79
115915,9.705
115916,9.07
115917,6.615
115918,8.58
115919,13.575
115920,12.255
115921,14.91
115922,7.07
115923,11.77
115924,14.925
115925,9.705
115926,10.635
115927,14.64
115928,5.115
115929,7.88
115930,10.15
115931,9.75
115932,9.395
115933,17.53
115934,10.805
115935,11.99
115936,5.69
115937,10.895
115938,11.87
115939,8.94
115940,18.37
115941,10.305
115942,8.065
115943,4.665
115944,9.985
115945,10.165
115946,6.8
115947,12.48
115948,15.76
115949,10.0
115950,8.405
115951,12.4
115952,10.675
115953,12.615
115954,6.785
115955,10.63
115956,9.33
115957,7.095
115958,11.685
115959,10.94
115960,10.8
115961,16.395
115962,10.32
115963,14.49
115964,9.57
115965,10.85
115966,11.455
115967,6.695
115968,14.67
115969,10.265
115970,4.295
115971,11.5
115972,8.965
115973,13.855
115974,13.565
115975,9.405
115976,9.11
115977,10.785
115978,11.425
115979,12.5
115980,16.785
115981,10.835
115982,11.995
115983,13.24
115984,5.0
115985,5.335
115986,17.315
115987,9.93
115988,13.265
115989,13.695
115990,10.335
115991,10.545
115992,9.085
115993,13.685
115994,11.99
115995,10.085
115996,13.81
115997,7.88
115998,11.49
115999,10.08
116000,8.405
116001,11.37
116002,10.885
116003,17.335
116004,13.505
116005,6.42
116006,10.995
116007,6.885
116008,11.06
116009,8.96
116010,6.795
116011,13.895
116012,11.665
116013,11.755
116014,14.4
116015,13.985
116016,8.2
116017,8.585
116018,9.035
116019,7.175
116020,6.65
116021,11.5
116022,18.445
116023,4.95
116024,7.21
116025,9.155
116026,7.255
116027,10.735
116028,15.615
116029,9.895
116030,13.715
116031,7.43
116032,10.93
116033,8.145
116034,9.875
116035,15.23
116036,11.965
116037,10.535
116038,6.49
116039,9.735
116040,17.39
116041,11.32
116042,9.525
116043,13.45
116044,5.895
116045,8.97
116046,10.485
116047,4.85
116048,9.265
116049,10.675
116050,6.57
116051,9.18
116052,11.605
116053,7.33
116054,4.385
116055,11.715
116056,5.635
116057,10.46
116058,10.325
116059,9.465
116060,9.265
116061,8.75
116062,8.18
116063,8.8
116064,7.885
116065,9.905
116066,14.72
116067,11.93
116068,7.11
116069,11.725
116070,15.435
116071,5.285
116072,13.485
116073,9.41
116074,11.15
116075,11.555
116076,15.9
116077,10.3
116078,13.69
116079,9.785
116080,10.705
116081,12.175
116082,10.87
116083,10.435
116084,16.385
116085,10.745
116086,11.95
116087,8.33
116088,7.32
116089,10.65
116090,8.94
116091,7.705
116092,9.415
116093,13.705
116094,8.59
116095,17.28
116096,9.995
116097,12.95
116098,8.28
116099,12.22
116100,10.065
116101,9.275
116102,10.115
116103,7.1
116104,11.32
116105,7.145
116106,8.96
116107,6.68
116108,8.08
116109,11.48
116110,6.05
116111,9.65
116112,9.13
116113,10.265
116114,7.755
116115,13.745
116116,11.365
116117,12.065
116118,16.285
116119,6.74
116120,13.945
116121,14.64
116122,8.835
116123,11.03
116124,7.915
116125,8.055
116126,9.915
116127,13.07
116128,9.99
116129,11.13
116130,10.6
116131,13.745
116132,4.625
116133,9.785
116134,11.155
116135,10.655
116136,14.775
116137,11.115
116138,7.32
116139,6.88
116140,10.475
116141,8.045
116142,15.9
116143,9.49
116144,10.67
116145,11.305
116146,10.95
116147,10.59
116148,11.57
116149,6.895
116150,8.01
116151,7.36
116152,10.615
116153,10.305
116154,9.105
116155,6.895
116156,8.4
116157,5.315
116158,6.61
116159,7.195
116160,6.465
116161,12.2
116162,13.39
116163,7.025
116164,9.07
116165,13.19
116166,13.355
116167,9.25
116168,11.04
116169,4.82
116170,9.8
116171,6.69
116172,6.17
116173,7.485
116174,12.175
116175,7.94
116176,7.0
116177,18.735
116178,9.635
116179,12.365
116180,6.085
116181,9.515
116182,9.505
116183,8.035
116184,11.975
116185,8.78
116186,8.65
116187,6.56
116188,12.815
116189,12.46
116190,9.62
116191,12.825
116192,5.88
116193,17.29
116194,8.88
116195,7.84
116196,6.415
116197,7.105
116198,9.56
116199,10.57
116200,10.115
116201,9.13
116202,5.635
116203,14.73
116204,8.975
116205,13.65
116206,10.305
116207,9.23
116208,8.16
116209,11.8
116210,10.56
116211,8.295
116212,6.98
116213,17.88
116214,3.81
116215,8.25
116216,8.45
116217,7.07
116218,7.73
116219,6.97
116220,13.35
116221,10.315
116222,11.335
116223,10.235
116224,7.68
116225,6.695
116226,4.35
116227,10.03
116228,10.725
116229,11.175
116230,8.36
116231,10.38
116232,10.665
116233,8.445
116234,15.65
116235,9.095
116236,12.695
116237,9.265
116238,14.2
116239,4.21
116240,12.505
116241,11.53
116242,9.59
116243,5.845
116244,4.305
116245,13.72
116246,12.335
116247,7.68
116248,7.665
116249,8.1
116250,5.05
116251,14.67
116252,6.82
116253,6.75
116254,4.665
116255,12.08
116256,10.71
116257,10.765
116258,8.235
116259,9.04
116260,7.135
116261,19.9
116262,8.055
116263,9.595
116264,12.53
116265,9.615
116266,6.33
116267,10.75
116268,13.5
116269,14.365
116270,6.555
116271,7.995
116272,9.69
116273,10.92
116274,10.12
116275,7.09
116276,10.275
116277,9.445
116278,12.09
116279,4.005
116280,7.165
116281,6.935
116282,10.21
116283,15.695
116284,9.905
116285,9.265
116286,8.495
116287,17.295
116288,6.615
116289,4.635
116290,13.94
116291,16.24
116292,8.505
116293,15.455
116294,6.92
116295,9.045
116296,10.765
116297,7.56
116298,16.785
116299,8.995
116300,10.955
116301,12.77
116302,11.41
116303,12.09
116304,12.5
116305,10.48
116306,11.685
116307,18.845
116308,7.225
116309,10.31
116310,12.42
116311,12.16
116312,12.46
116313,7.62
116314,9.375
116315,9.545
116316,11.605
116317,9.085
116318,5.105
116319,12.665
116320,7.37
116321,12.635
116322,10.11
116323,11.025
116324,4.52
116325,10.975
116326,10.635
116327,13.3
116328,10.69
116329,10.45
116330,8.04
116331,10.595
116332,9.665
116333,13.19
116334,8.465
116335,14.755
116336,10.68
116337,15.42
116338,12.59
116339,14.155
116340,11.375
116341,6.91
116342,10.295
116343,9.585
116344,9.58
116345,9.88
116346,10.79
116347,7.785
116348,10.37
116349,6.105
116350,11.145
116351,9.945
116352,11.695
116353,12.48
116354,7.28
116355,5.89
116356,12.71
116357,6.095
116358,4.05
116359,14.87
116360,11.84
116361,6.575
116362,7.64
116363,16.31
116364,11.36
116365,14.295
116366,10.555
116367,7.06
116368,10.805
116369,12.3
116370,7.755
116371,9.72
116372,9.625
116373,4.565
116374,7.32
116375,12.07
116376,10.89
116377,9.615
116378,12.905
116379,10.325
116380,9.455
116381,10.11
116382,9.945
116383,7.145
116384,9.87
116385,14.825
116386,11.675
116387,11.62
116388,9.935
116389,6.97
116390,11.435
116391,9.04
116392,7.835
116393,6.775
116394,9.355
116395,6.9
116396,9.425
116397,9.635
116398,12.085
116399,12.845
116400,11.745
116401,8.95
116402,16.23
116403,6.82
116404,13.055
116405,11.98
116406,6.635
116407,10.16
116408,9.75
116409,9.895
116410,9.89
116411,6.59
116412,13.605
116413,6.495
116414,10.58
116415,10.985
116416,7.385
116417,3.8
116418,9.85
116419,11.34
116420,8.685
116421,17.475
116422,14.51
116423,10.995
116424,11.755
116425,8.54
116426,9.395
116427,9.965
116428,9.755
116429,11.885
116430,4.285
116431,9.425
116432,8.825
116433,5.665
116434,8.99
116435,4.715
116436,8.67
116437,14.045
116438,10.53
116439,7.835
116440,5.17
116441,6.775
116442,7.5
116443,5.455
116444,12.475
116445,11.765
116446,7.865
116447,12.975
116448,10.45
116449,6.62
116450,10.315
116451,10.3
116452,11.895
116453,11.36
116454,9.7
116455,15.5
116456,11.29
116457,9.26
116458,7.8
116459,12.865
116460,9.145
116461,11.115
116462,11.16
116463,14.295
116464,13.525
116465,10.245
116466,6.585
116467,10.545
116468,8.635
116469,9.985
116470,6.185
116471,6.885
116472,11.055
116473,11.315
116474,6.36
116475,12.095
116476,6.995
116477,7.3
116478,10.415
116479,11.785
116480,8.89
116481,10.535
116482,6.715
116483,8.885
116484,6.25
116485,10.395
116486,14.86
116487,10.14
116488,10.56
116489,6.53
116490,9.57
116491,10.605
116492,12.17
116493,9.38
116494,13.095
116495,8.035
116496,10.115
116497,6.58
116498,9.595
116499,10.62
116500,10.44
116501,9.705
116502,7.16
116503,11.16
116504,6.435
116505,10.25
116506,6.545
116507,10.555
116508,6.765
116509,12.025
116510,9.405
116511,10.13
116512,10.075
116513,5.705
116514,10.33
116515,13.205
116516,10.14
116517,9.45
116518,12.45
116519,9.435
116520,10.955
116521,11.02
116522,10.66
116523,10.035
116524,11.965
116525,10.655
116526,6.245
116527,10.99
116528,10.88
116529,8.25
116530,8.24
116531,10.95
116532,10.32
116533,10.38
116534,8.17
116535,7.77
116536,10.015
116537,6.115
116538,7.93
116539,10.38
116540,10.345
116541,11.83
116542,7.01
116543,7.89
116544,11.06
116545,8.785
116546,10.57
116547,9.695
116548,12.76
116549,8.35
116550,10.755
116551,14.655
116552,5.02
116553,12.71
116554,12.415
116555,6.625
116556,8.695
116557,12.795
116558,8.515
116559,6.615
116560,7.89
116561,10.4
116562,5.04
116563,7.135
116564,6.0
116565,10.095
116566,9.615
116567,8.315
116568,11.815
116569,8.045
116570,10.75
116571,11.515
116572,8.49
116573,14.57
116574,12.765
116575,9.135
116576,10.415
116577,10.17
116578,14.75
116579,6.61
116580,8.575
116581,10.46
116582,8.575
116583,10.775
116584,15.545
116585,13.82
116586,11.465
116587,5.225
116588,10.225
116589,13.735
116590,8.29
116591,5.135
116592,8.825
116593,10.655
116594,12.25
116595,8.98
116596,6.315
116597,11.65
116598,6.13
116599,10.64
116600,11.85
116601,14.1
116602,8.555
116603,5.675
116604,5.315
116605,13.7
116606,7.94
116607,7.99
116608,9.14
116609,9.16
116610,10.04
116611,6.94
116612,10.0
116613,8.675
116614,7.705
116615,9.305
116616,18.68
116617,14.29
116618,6.925
116619,13.375
116620,12.655
116621,8.955
116622,9.99
116623,9.85
116624,11.23
116625,8.65
116626,11.49
116627,8.895
116628,9.455
116629,10.81
116630,9.54
116631,5.04
116632,9.19
116633,6.585
116634,14.615
116635,6.95
116636,9.86
116637,14.885
116638,15.795
116639,13.97
116640,13.175
116641,9.185
116642,13.71
116643,11.135
116644,11.61
116645,20.69
116646,8.985
116647,4.27
116648,12.545
116649,11.465
116650,7.23
116651,9.275
116652,11.07
116653,6.765
116654,11.275
116655,14.65
116656,10.95
116657,15.63
116658,11.695
116659,6.37
116660,12.87
116661,9.225
116662,9.48
116663,7.78
116664,10.32
116665,9.4
116666,10.275
116667,6.675
116668,9.165
116669,8.065
116670,10.445
116671,13.065
116672,10.91
116673,9.815
116674,7.18
116675,8.4
116676,10.065
116677,12.83
116678,7.87
116679,10.205
116680,10.5
116681,11.55
116682,10.225
116683,9.205
116684,12.24
116685,11.27
116686,9.635
116687,11.595
116688,16.39
116689,11.185
116690,4.615
116691,16.83
116692,7.89
116693,6.09
116694,10.51
116695,8.405
116696,9.66
116697,7.15
116698,11.855
116699,10.905
116700,6.765
116701,10.515
116702,8.245
116703,11.485
116704,8.32
116705,10.79
116706,9.885
116707,9.9
116708,12.755
116709,9.76
116710,10.98
116711,13.265
116712,7.77
116713,11.005
116714,13.17
116715,10.955
116716,10.415
116717,11.59
116718,14.005
116719,5.985
116720,4.99
116721,6.41
116722,7.13
116723,14.23
116724,14.43
116725,10.41
116726,13.885
116727,9.185
116728,6.925
116729,9.51
116730,6.065
116731,10.415
116732,6.95
116733,14.1
116734,5.885
116735,10.68
116736,11.35
116737,6.95
116738,5.78
116739,7.085
116740,7.215
116741,10.985
116742,8.04
116743,14.925
116744,8.625
116745,11.89
116746,8.97
116747,6.235
116748,8.92
116749,14.725
116750,9.375
116751,8.715
116752,10.78
116753,7.01
116754,9.275
116755,11.505
116756,11.1
116757,15.185
116758,8.015
116759,18.065
116760,8.465
116761,10.8
116762,15.17
116763,6.515
116764,4.915
116765,9.515
116766,10.135
116767,17.165
116768,10.1
116769,9.98
116770,9.485
116771,14.675
116772,5.225
116773,4.95
116774,13.34
116775,14.445
116776,13.01
116777,7.78
116778,14.945
116779,6.915
116780,15.555
116781,9.35
116782,9.65
116783,10.56
116784,4.685
116785,10.295
116786,12.07
116787,14.65
116788,10.455
116789,9.685
116790,5.37
116791,11.185
116792,11.195
116793,10.495
116794,5.93
116795,6.11
116796,9.98
116797,13.845
116798,7.02
116799,8.9
116800,10.64
116801,9.12
116802,16.905
116803,7.125
116804,13.34
116805,7.165
116806,10.955
116807,11.645
116808,11.29
116809,10.655
116810,9.235
116811,9.62
116812,11.035
116813,12.995
116814,11.03
116815,11.035
116816,10.775
116817,14.01
116818,8.28
116819,9.595
116820,11.14
116821,7.7
116822,7.975
116823,9.685
116824,7.2
116825,8.96
116826,7.98
116827,9.705
116828,12.3
116829,9.42
116830,9.825
116831,11.11
116832,9.89
116833,11.37
116834,10.38
116835,9.665
116836,10.525
116837,7.325
116838,10.675
116839,11.125
116840,9.065
116841,11.62
116842,10.36
116843,7.035
116844,5.145
116845,16.58
116846,12.0
116847,8.765
116848,13.585
116849,10.415
116850,5.33
116851,11.18
116852,11.93
116853,6.57
116854,7.97
116855,12.03
116856,9.775
116857,11.65
116858,11.55
116859,7.99
116860,10.39
116861,9.815
116862,10.485
116863,19.9
116864,12.335
116865,10.85
116866,10.87
116867,10.59
116868,12.205
116869,8.33
116870,9.685
116871,9.66
116872,12.76
116873,10.885
116874,9.185
116875,13.915
116876,5.585
116877,11.25
116878,7.24
116879,10.935
116880,11.8
116881,16.845
116882,10.955
116883,13.62
116884,15.155
116885,11.54
116886,11.645
116887,10.11
116888,16.465
116889,5.325
116890,15.5
116891,9.635
116892,7.12
116893,17.635
116894,8.705
116895,10.98
116896,14.08
116897,10.24
116898,11.205
116899,8.595
116900,12.895
116901,13.325
116902,9.48
116903,9.63
116904,6.6
116905,7.105
116906,9.48
116907,10.435
116908,7.035
116909,12.145
116910,8.815
116911,7.94
116912,11.35
116913,11.655
116914,7.25
116915,10.47
116916,10.51
116917,13.625
116918,16.825
116919,6.58
116920,11.175
116921,10.6
116922,11.5
116923,15.22
116924,11.355
116925,11.315
116926,11.09
116927,11.785
116928,11.54
116929,10.25
116930,9.075
116931,11.27
116932,6.7
116933,9.32
116934,7.535
116935,7.07
116936,10.295
116937,8.68
116938,6.635
116939,10.935
116940,9.59
116941,6.9
116942,9.355
116943,15.635
116944,7.265
116945,6.65
116946,6.265
116947,7.335
116948,10.535
116949,12.02
116950,11.275
116951,5.585
116952,12.385
116953,8.6
116954,11.46
116955,10.0
116956,8.945
116957,9.395
116958,10.43
116959,8.725
116960,9.265
116961,14.205
116962,16.575
116963,10.22
116964,9.785
116965,13.8
116966,7.815
116967,14.32
116968,10.27
116969,10.615
116970,9.385
116971,11.125
116972,9.245
116973,12.215
116974,9.45
116975,12.285
116976,11.245
116977,10.85
116978,16.445
116979,8.105
116980,9.245
116981,5.165
116982,10.28
116983,8.02
116984,12.855
116985,11.03
116986,8.5
116987,6.75
116988,9.425
116989,9.67
116990,6.52
116991,10.97
116992,7.955
116993,7.05
116994,7.33
116995,10.535
116996,7.07
116997,7.42
116998,6.795
116999,8.18
117000,10.01
117001,9.505
117002,7.895
117003,11.36
117004,8.245
117005,8.205
117006,10.955
117007,9.385
117008,10.445
117009,7.24
117010,10.02
117011,10.31
117012,14.5
117013,9.505
117014,7.025
117015,6.79
117016,9.63
117017,4.27
117018,14.605
117019,5.855
117020,9.31
117021,10.855
117022,10.485
117023,9.335
117024,8.93
117025,9.195
117026,14.815
117027,11.245
117028,15.4
117029,12.415
117030,14.83
117031,6.645
117032,15.135
117033,9.13
117034,14.775
117035,10.58
117036,8.465
117037,8.73
117038,8.225
117039,6.475
117040,8.445
117041,9.745
117042,11.945
117043,9.78
117044,12.72
117045,12.165
117046,14.195
117047,5.915
117048,11.485
117049,11.39
117050,7.755
117051,9.64
117052,6.165
117053,8.875
117054,8.47
117055,5.795
117056,9.155
117057,13.53
117058,10.145
117059,13.06
117060,7.12
117061,11.175
117062,10.67
117063,10.575
117064,7.625
117065,8.325
117066,8.115
117067,8.47
117068,12.9
117069,11.435
117070,11.55
117071,6.65
117072,6.89
117073,6.575
117074,4.5
117075,11.83
117076,6.57
117077,11.635
117078,9.11
117079,10.57
117080,12.085
117081,10.06
117082,6.855
117083,7.82
117084,12.345
117085,9.46
117086,9.315
117087,10.255
117088,12.565
117089,9.235
117090,12.415
117091,8.445
117092,12.255
117093,10.83
117094,8.0
117095,8.21
117096,9.635
117097,8.595
117098,14.375
117099,5.38
117100,11.895
117101,10.895
117102,15.22
117103,9.8
117104,9.84
117105,5.72
117106,13.97
117107,9.645
117108,5.86
117109,15.11
117110,11.58
117111,10.19
117112,13.165
117113,8.875
117114,10.505
117115,12.92
117116,6.73
117117,8.815
117118,10.07
117119,12.015
117120,10.12
117121,10.44
117122,11.045
117123,8.685
117124,11.505
117125,7.675
117126,10.55
117127,7.405
117128,9.75
117129,5.82
117130,13.615
117131,12.25
117132,8.46
117133,9.475
117134,7.85
117135,8.88
117136,9.805
117137,11.655
117138,4.73
117139,10.025
117140,11.67
117141,14.0
117142,6.875
117143,11.41
117144,12.31
117145,7.125
117146,9.06
117147,11.185
117148,12.48
117149,6.63
117150,9.63
117151,17.205
117152,11.43
117153,9.215
117154,13.25
117155,7.405
117156,8.97
117157,7.065
117158,8.06
117159,13.6
117160,10.56
117161,9.945
117162,11.385
117163,10.845
117164,13.72
117165,11.41
117166,10.915
117167,4.465
117168,8.63
117169,9.11
117170,10.49
117171,11.165
117172,11.665
117173,9.13
117174,11.845
117175,6.805
117176,6.51
117177,8.83
117178,8.36
117179,10.5
117180,9.235
117181,8.405
117182,13.34
117183,8.7
117184,7.87
117185,4.855
117186,9.885
117187,6.135
117188,10.255
117189,6.91
117190,10.72
117191,10.04
117192,11.845
117193,12.825
117194,9.07
117195,9.23
117196,11.965
117197,10.365
117198,15.29
117199,9.635
117200,10.6
117201,10.61
117202,9.74
117203,13.0
117204,15.53
117205,7.2
117206,11.115
117207,13.2
117208,11.065
117209,10.225
117210,9.625
117211,7.6
117212,10.925
117213,6.57
117214,9.235
117215,8.235
117216,11.24
117217,10.955
117218,5.645
117219,9.495
117220,15.505
117221,7.51
117222,7.38
117223,10.82
117224,10.905
117225,9.345
117226,9.76
117227,9.71
117228,6.39
117229,8.22
117230,8.915
117231,15.1
117232,9.755
117233,9.865
117234,9.63
117235,11.995
117236,9.35
117237,7.985
117238,7.355
117239,9.085
117240,10.745
117241,5.235
117242,9.725
117243,9.17
117244,9.84
117245,9.425
117246,8.995
117247,9.96
117248,10.695
117249,9.66
117250,10.685
117251,13.61
117252,6.865
117253,9.055
117254,11.99
117255,9.77
117256,9.275
117257,10.935
117258,8.2
117259,9.38
117260,14.705
117261,8.71
117262,12.555
117263,10.89
117264,10.22
117265,11.37
117266,14.075
117267,13.28
117268,6.72
117269,9.6
117270,14.035
117271,11.795
117272,11.83
117273,11.75
117274,9.39
117275,4.67
117276,14.205
117277,4.81
117278,8.0
117279,9.76
117280,8.535
117281,10.91
117282,10.13
117283,12.015
117284,13.055
117285,4.18
117286,17.715
117287,5.09
117288,6.32
117289,11.18
117290,8.675
117291,10.63
117292,13.6
117293,4.835
117294,8.24
117295,7.605
117296,9.975
117297,9.235
117298,9.42
117299,9.94
117300,15.58
117301,8.035
117302,7.8
117303,15.245
117304,10.905
117305,12.865
117306,16.915
117307,10.82
117308,11.66
117309,5.07
117310,10.52
117311,7.115
117312,15.775
117313,7.955
117314,9.56
117315,9.21
117316,10.6
117317,13.0
117318,13.09
117319,10.515
117320,4.98
117321,15.34
117322,9.77
117323,8.505
117324,8.61
117325,5.06
117326,11.625
117327,8.09
117328,9.64
117329,12.035
117330,8.76
117331,9.745
117332,15.92
117333,9.345
117334,15.1
117335,10.18
117336,5.065
117337,7.18
117338,10.03
117339,11.12
117340,8.665
117341,7.66
117342,10.59
117343,9.06
117344,9.84
117345,6.505
117346,16.005
117347,11.47
117348,9.485
117349,13.995
117350,11.375
117351,12.545
117352,10.95
117353,7.825
117354,11.505
117355,6.3
117356,5.56
117357,6.71
117358,7.395
117359,10.485
117360,13.11
117361,9.695
117362,8.96
117363,10.8
117364,8.345
117365,10.63
117366,12.235
117367,10.4
117368,9.695
117369,11.485
117370,11.75
117371,10.025
117372,12.15
117373,9.845
117374,16.635
117375,7.745
117376,10.685
117377,18.725
117378,9.49
117379,5.6
117380,5.64
117381,13.305
117382,12.115
117383,10.495
117384,8.775
117385,11.575
117386,14.855
117387,15.31
117388,17.48
117389,6.955
117390,10.43
117391,8.595
117392,9.675
117393,11.04
117394,3.93
117395,11.275
117396,9.695
117397,7.425
117398,11.56
117399,17.055
117400,11.645
117401,12.395
117402,6.07
117403,12.705
117404,9.565
117405,9.07
117406,8.81
117407,9.42
117408,10.055
117409,9.725
117410,11.7
117411,12.57
117412,7.86
117413,6.625
117414,11.485
117415,7.36
117416,7.485
117417,11.29
117418,8.125
117419,9.8
117420,10.735
117421,6.74
117422,9.5
117423,8.375
117424,13.185
117425,11.265
117426,9.855
117427,10.475
117428,11.36
117429,10.6
117430,8.155
117431,11.82
117432,10.865
117433,6.97
117434,8.205
117435,11.61
117436,9.245
117437,15.315
117438,10.485
117439,8.865
117440,8.105
117441,8.74
117442,11.2
117443,9.605
117444,6.74
117445,9.605
117446,12.22
117447,5.63
117448,6.805
117449,7.915
117450,10.72
117451,7.83
117452,10.71
117453,10.545
117454,14.08
117455,9.22
117456,15.225
117457,16.71
117458,11.565
117459,11.16
117460,8.0
117461,12.65
117462,6.695
117463,8.55
117464,9.235
117465,10.235
117466,12.585
117467,12.595
117468,6.54
117469,4.5
117470,6.495
117471,15.83
117472,7.115
117473,13.665
117474,11.01
117475,8.48
117476,12.34
117477,5.34
117478,12.695
117479,10.305
117480,8.66
117481,12.585
117482,12.64
117483,12.03
117484,7.22
117485,10.28
117486,11.035
117487,13.435
117488,8.44
117489,5.52
117490,13.965
117491,10.17
117492,15.4
117493,12.835
117494,10.715
117495,10.05
117496,8.94
117497,7.005
117498,9.57
117499,4.59
117500,10.45
117501,10.905
117502,8.37
117503,10.335
117504,10.785
117505,12.675
117506,16.83
117507,10.845
117508,15.27
117509,7.865
117510,4.74
117511,9.22
117512,10.27
117513,6.89
117514,11.015
117515,6.89
117516,10.59
117517,9.175
117518,10.185
117519,10.765
117520,9.17
117521,16.92
117522,6.11
117523,8.93
117524,8.715
117525,6.805
117526,9.4
117527,13.035
117528,13.88
117529,13.895
117530,9.72
117531,11.225
117532,8.095
117533,8.865
117534,8.195
117535,17.11
117536,9.55
117537,5.79
117538,7.22
117539,7.87
117540,8.09
117541,8.985
117542,4.71
117543,9.25
117544,6.99
117545,10.31
117546,7.975
117547,17.395
117548,9.52
117549,14.025
117550,15.985
117551,4.33
117552,11.815
117553,16.85
117554,9.355
117555,9.695
117556,9.725
117557,6.135
117558,9.98
117559,12.045
117560,8.305
117561,9.945
117562,11.695
117563,9.425
117564,9.155
117565,11.445
117566,9.575
117567,9.4
117568,14.165
117569,14.2
117570,11.92
117571,6.705
117572,9.585
117573,13.765
117574,11.75
117575,17.98
117576,7.88
117577,12.65
117578,7.64
117579,11.325
117580,10.63
117581,10.83
117582,10.935
117583,9.545
117584,11.7
117585,11.345
117586,10.685
117587,10.18
117588,11.88
117589,12.065
117590,7.005
117591,9.735
117592,13.695
117593,9.38
117594,9.435
117595,9.89
117596,9.505
117597,9.42
117598,7.17
117599,10.21
117600,10.5
117601,12.205
117602,12.45
117603,15.095
117604,11.03
117605,4.815
117606,9.82
117607,9.68
117608,12.3
117609,11.155
117610,11.06
117611,13.45
117612,11.33
117613,10.99
117614,7.23
117615,7.29
117616,6.905
117617,12.68
117618,11.15
117619,10.04
117620,12.445
117621,6.77
117622,13.5
117623,7.72
117624,10.42
117625,13.41
117626,17.165
117627,10.945
117628,9.225
117629,10.72
117630,14.065
117631,7.115
117632,9.71
117633,15.68
117634,8.94
117635,12.27
117636,10.115
117637,5.115
117638,10.505
117639,11.12
117640,10.53
117641,5.095
117642,10.065
117643,7.23
117644,10.52
117645,11.685
117646,11.355
117647,16.235
117648,11.995
117649,5.125
117650,8.095
117651,10.985
117652,17.145
117653,10.69
117654,14.295
117655,11.64
117656,10.37
117657,8.88
117658,8.59
117659,16.71
117660,8.43
117661,13.445
117662,15.665
117663,13.01
117664,12.515
117665,10.8
117666,10.585
117667,10.54
117668,13.375
117669,5.93
117670,12.385
117671,8.29
117672,9.94
117673,11.235
117674,10.69
117675,16.005
117676,8.91
117677,14.0
117678,11.105
117679,12.64
117680,8.99
117681,11.96
117682,10.98
117683,11.97
117684,10.77
117685,10.555
117686,11.115
117687,9.935
117688,10.23
117689,11.66
117690,13.29
117691,11.16
117692,11.105
117693,10.11
117694,8.49
117695,9.815
117696,13.575
117697,6.88
117698,7.775
117699,7.385
117700,12.62
117701,12.72
117702,8.85
117703,6.87
117704,7.155
117705,10.31
117706,12.845
117707,11.965
117708,10.0
117709,9.76
117710,12.975
117711,8.715
117712,14.615
117713,9.29
117714,9.655
117715,13.775
117716,12.16
117717,7.47
117718,8.07
117719,9.38
117720,11.88
117721,14.565
117722,7.675
117723,14.2
117724,10.3
117725,12.945
117726,10.17
117727,8.695
117728,12.15
117729,13.41
117730,6.925
117731,10.23
117732,8.305
117733,9.555
117734,13.49
117735,13.61
117736,9.31
117737,7.85
117738,11.39
117739,8.14
117740,11.745
117741,5.7
117742,8.845
117743,9.81
117744,11.4
117745,10.965
117746,9.78
117747,10.025
117748,11.745
117749,11.145
117750,13.97
117751,13.76
117752,9.75
117753,12.97
117754,14.565
117755,13.1
117756,14.185
117757,9.445
117758,8.8
117759,14.725
117760,16.375
117761,7.935
117762,13.62
117763,7.0
117764,11.58
117765,7.725
117766,13.255
117767,10.72
117768,13.015
117769,12.82
117770,14.41
117771,11.585
117772,12.455
117773,14.02
117774,16.685
117775,8.505
117776,12.6
117777,11.685
117778,11.425
117779,12.4
117780,8.98
117781,11.115
117782,6.655
117783,9.57
117784,7.49
117785,10.885
117786,9.455
117787,5.265
117788,8.915
117789,6.66
117790,7.875
117791,6.03
117792,9.255
117793,10.385
117794,6.93
117795,7.18
117796,5.41
117797,8.115
117798,7.155
117799,8.215
117800,11.575
117801,16.74
117802,10.73
117803,14.64
117804,9.29
117805,5.335
117806,11.24
117807,7.61
117808,11.71
117809,12.88
117810,10.725
117811,6.595
117812,15.555
117813,10.07
117814,12.215
117815,7.92
117816,8.93
117817,14.03
117818,5.03
117819,11.04
117820,12.665
117821,6.245
117822,7.81
117823,11.96
117824,16.53
117825,11.7
117826,9.3
117827,9.185
117828,7.93
117829,8.905
117830,6.925
117831,8.58
117832,10.39
117833,10.345
117834,10.835
117835,9.485
117836,9.35
117837,7.18
117838,10.555
117839,10.875
117840,10.08
117841,6.215
117842,11.945
117843,7.905
117844,9.33
117845,10.31
117846,8.23
117847,4.585
117848,8.575
117849,13.015
117850,11.12
117851,11.555
117852,10.455
117853,5.705
117854,8.685
117855,9.205
117856,10.315
117857,8.56
117858,9.19
117859,13.75
117860,11.72
117861,9.47
117862,7.1
117863,11.315
117864,8.28
117865,11.975
117866,6.99
117867,9.96
117868,10.875
117869,9.14
117870,11.105
117871,5.82
117872,11.525
117873,11.275
117874,8.085
117875,7.485
117876,8.255
117877,6.855
117878,9.025
117879,13.065
117880,8.985
117881,14.865
117882,10.85
117883,14.965
117884,16.18
117885,7.375
117886,13.87
117887,9.54
117888,21.54
117889,11.385
117890,9.135
117891,7.26
117892,8.23
117893,4.575
117894,12.59
117895,16.92
117896,13.045
117897,11.725
117898,11.98
117899,8.795
117900,13.09
117901,5.36
117902,10.0
117903,9.605
117904,11.57
117905,9.215
117906,7.97
117907,14.05
117908,19.405
117909,9.73
117910,9.29
117911,7.3
117912,10.25
117913,10.575
117914,6.11
117915,8.405
117916,12.22
117917,9.295
117918,7.45
117919,11.26
117920,9.425
117921,9.42
117922,10.125
117923,11.655
117924,11.045
117925,8.92
117926,10.96
117927,7.39
117928,7.685
117929,13.8
117930,9.94
117931,9.365
117932,14.42
117933,14.735
117934,6.775
117935,7.095
117936,14.44
117937,6.89
117938,15.335
117939,7.16
117940,6.72
117941,12.945
117942,14.2
117943,15.88
117944,12.235
117945,7.645
117946,7.09
117947,11.025
117948,7.73
117949,6.96
117950,11.115
117951,11.425
117952,15.185
117953,10.17
117954,11.92
117955,5.685
117956,9.03
117957,14.125
117958,10.525
117959,7.41
117960,8.83
117961,12.01
117962,13.815
117963,11.92
117964,5.835
117965,10.28
117966,10.47
117967,15.945
117968,9.765
117969,10.295
117970,12.2
117971,8.535
117972,12.685
117973,17.28
117974,9.86
117975,9.29
117976,8.875
117977,10.44
117978,15.56
117979,6.645
117980,9.285
117981,10.88
117982,6.71
117983,15.16
117984,9.59
117985,8.295
117986,9.64
117987,6.99
117988,12.515
117989,6.585
117990,11.745
117991,9.25
117992,12.39
117993,10.53
117994,9.315
117995,11.885
117996,15.845
117997,9.785
117998,11.43
117999,8.735
118000,10.4
118001,9.075
118002,10.94
118003,14.21
118004,12.945
118005,9.555
118006,8.62
118007,10.915
118008,6.55
118009,11.69
118010,13.11
118011,10.19
118012,9.675
118013,8.49
118014,9.88
118015,7.98
118016,7.8
118017,10.655
118018,13.7
118019,10.55
118020,10.055
118021,10.855
118022,8.05
118023,10.385
118024,10.32
118025,9.785
118026,10.59
118027,11.14
118028,10.2
118029,9.88
118030,12.39
118031,7.615
118032,10.495
118033,9.56
118034,7.075
118035,8.695
118036,14.9
118037,8.68
118038,10.81
118039,8.09
118040,8.425
118041,9.255
118042,4.675
118043,12.825
118044,5.29
118045,10.58
118046,10.66
118047,12.64
118048,10.34
118049,9.545
118050,10.94
118051,9.82
118052,8.68
118053,14.135
118054,10.855
118055,15.735
118056,11.175
118057,7.95
118058,12.035
118059,9.055
118060,4.98
118061,7.02
118062,10.56
118063,9.28
118064,6.52
118065,10.46
118066,11.05
118067,10.955
118068,9.15
118069,14.85
118070,6.885
118071,10.25
118072,13.62
118073,11.515
118074,4.84
118075,10.47
118076,10.585
118077,9.29
118078,10.62
118079,12.485
118080,11.925
118081,8.355
118082,9.295
118083,10.555
118084,11.9
118085,13.935
118086,5.73
118087,9.935
118088,11.175
118089,8.99
118090,11.1
118091,14.74
118092,11.61
118093,12.3
118094,12.97
118095,16.485
118096,7.19
118097,9.635
118098,10.48
118099,10.235
118100,5.025
118101,10.06
118102,6.385
118103,5.36
118104,6.895
118105,9.345
118106,9.56
118107,10.705
118108,6.545
118109,10.87
118110,11.39
118111,11.83
118112,5.07
118113,3.92
118114,15.365
118115,6.92
118116,17.065
118117,11.075
118118,8.21
118119,10.495
118120,10.725
118121,10.815
118122,11.335
118123,12.31
118124,10.48
118125,12.06
118126,8.86
118127,16.945
118128,10.36
118129,18.42
118130,9.25
118131,11.61
118132,11.28
118133,11.51
118134,8.67
118135,11.405
118136,8.425
118137,13.43
118138,7.4
118139,11.62
118140,14.19
118141,17.525
118142,10.735
118143,8.895
118144,11.155
118145,9.0
118146,9.8
118147,8.795
118148,9.765
118149,11.81
118150,11.23
118151,11.965
118152,6.775
118153,10.895
118154,9.655
118155,10.05
118156,15.0
118157,6.9
118158,11.07
118159,5.66
118160,13.945
118161,11.22
118162,11.695
118163,8.895
118164,6.58
118165,10.585
118166,11.395
118167,7.875
118168,7.19
118169,8.055
118170,10.505
118171,6.745
118172,7.18
118173,8.255
118174,12.04
118175,7.0
118176,6.37
118177,6.97
118178,9.15
118179,9.555
118180,10.555
118181,5.13
118182,7.655
118183,9.5
118184,6.395
118185,15.435
118186,10.47
118187,7.195
118188,6.5
118189,21.245
118190,8.2
118191,12.235
118192,9.09
118193,9.505
118194,17.35
118195,13.315
118196,8.64
118197,8.015
118198,4.95
118199,13.01
118200,7.825
118201,7.815
118202,10.555
118203,8.93
118204,15.24
118205,10.095
118206,8.97
118207,5.78
118208,9.745
118209,9.78
118210,10.075
118211,9.395
118212,9.36
118213,14.15
118214,6.78
118215,10.68
118216,11.01
118217,8.46
118218,10.75
118219,4.98
118220,18.26
118221,10.365
118222,7.205
118223,7.79
118224,6.9
118225,10.055
118226,11.025
118227,12.115
118228,9.195
118229,6.795
118230,9.27
118231,8.96
118232,8.0
118233,10.155
118234,12.495
118235,9.035
118236,8.925
118237,9.79
118238,9.015
118239,10.425
118240,9.585
118241,5.69
118242,11.425
118243,10.35
118244,9.135
118245,7.13
118246,10.3
118247,8.125
118248,13.585
118249,4.98
118250,10.08
118251,11.675
118252,21.125
118253,10.69
118254,10.74
118255,8.055
118256,10.305
118257,11.655
118258,8.125
118259,7.78
118260,11.415
118261,11.64
118262,10.475
118263,5.56
118264,10.63
118265,6.685
118266,12.43
118267,8.38
118268,8.535
118269,9.995
118270,10.995
118271,5.235
118272,9.455
118273,10.555
118274,7.135
118275,8.765
118276,10.51
118277,7.52
118278,10.895
118279,14.86
118280,15.61
118281,18.665
118282,11.195
118283,13.47
118284,11.2
118285,10.24
118286,7.0
118287,15.415
118288,9.16
118289,10.005
118290,14.285
118291,11.655
118292,10.055
118293,7.385
118294,11.335
118295,6.45
118296,7.885
118297,7.185
118298,9.775
118299,10.26
118300,10.865
118301,9.75
118302,8.895
118303,12.735
118304,13.58
118305,6.625
118306,10.94
118307,15.285
118308,11.335
118309,6.51
118310,10.175
118311,5.74
118312,11.85
118313,6.75
118314,9.735
118315,13.06
118316,7.185
118317,10.36
118318,14.07
118319,11.335
118320,9.645
118321,9.54
118322,9.96
118323,11.25
118324,14.445
118325,8.24
118326,12.08
118327,18.53
118328,7.02
118329,9.83
118330,11.53
118331,8.67
118332,5.66
118333,7.73
118334,11.36
118335,12.98
118336,8.565
118337,10.45
118338,15.59
118339,11.53
118340,6.535
118341,11.02
118342,10.62
118343,20.86
118344,7.475
118345,6.83
118346,12.705
118347,7.295
118348,9.41
118349,11.06
118350,15.75
118351,9.94
118352,9.705
118353,10.82
118354,9.71
118355,14.37
118356,11.09
118357,7.755
118358,14.38
118359,10.975
118360,10.4
118361,9.625
118362,19.225
118363,8.51
118364,11.145
118365,5.98
118366,6.855
118367,8.075
118368,9.425
118369,6.065
118370,13.285
118371,10.815
118372,8.225
118373,9.2
118374,11.52
118375,12.785
118376,9.64
118377,5.78
118378,8.305
118379,10.46
118380,7.875
118381,9.625
118382,9.255
118383,11.065
118384,11.365
118385,9.495
118386,7.34
118387,5.08
118388,6.565
118389,10.705
118390,8.25
118391,9.285
118392,8.69
118393,5.62
118394,10.47
118395,18.14
118396,11.78
118397,9.635
118398,9.155
118399,8.965
118400,12.74
118401,15.865
118402,7.69
118403,3.975
118404,9.25
118405,7.695
118406,10.295
118407,10.045
118408,12.705
118409,5.825
118410,8.15
118411,10.3
118412,7.545
118413,6.675
118414,9.3
118415,14.865
118416,6.805
118417,9.75
118418,10.925
118419,9.68
118420,9.165
118421,13.36
118422,11.265
118423,16.19
118424,6.755
118425,6.805
118426,7.09
118427,11.895
118428,7.455
118429,7.27
118430,6.155
118431,9.375
118432,9.83
118433,15.755
118434,9.205
118435,7.305
118436,5.93
118437,13.435
118438,6.345
118439,8.575
118440,11.06
118441,8.48
118442,16.23
118443,9.74
118444,9.775
118445,6.5
118446,12.825
118447,11.315
118448,6.91
118449,7.005
118450,10.465
118451,8.855
118452,11.525
118453,6.775
118454,13.235
118455,11.09
118456,10.015
118457,17.555
118458,8.0
118459,9.445
118460,11.865
118461,14.2
118462,10.365
118463,7.715
118464,12.66
118465,15.255
118466,11.845
118467,12.205
118468,7.245
118469,8.155
118470,8.595
118471,10.54
118472,13.285
118473,9.42
118474,11.255
118475,8.01
118476,14.32
118477,9.925
118478,10.245
118479,9.265
118480,10.34
118481,10.48
118482,14.36
118483,12.455
118484,9.205
118485,6.425
118486,8.845
118487,10.96
118488,8.435
118489,7.35
118490,12.19
118491,9.49
118492,8.62
118493,11.015
118494,3.585
118495,9.96
118496,12.435
118497,13.75
118498,9.165
118499,9.665
118500,9.995
118501,6.61
118502,9.4
118503,7.085
118504,11.91
118505,9.61
118506,10.755
118507,10.005
118508,10.295
118509,11.975
118510,10.525
118511,10.14
118512,7.43
118513,10.025
118514,8.995
118515,6.935
118516,6.68
118517,10.73
118518,12.42
118519,12.385
118520,6.29
118521,7.92
118522,9.4
118523,16.765
118524,8.88
118525,10.83
118526,10.485
118527,7.675
118528,6.885
118529,5.235
118530,11.155
118531,10.945
118532,12.315
118533,8.38
118534,9.335
118535,8.335
118536,10.505
118537,6.625
118538,8.0
118539,11.135
118540,8.315
118541,9.32
118542,10.925
118543,11.815
118544,10.875
118545,8.3
118546,6.235
118547,7.865
118548,10.31
118549,9.735
118550,13.95
118551,7.695
118552,9.705
118553,14.7
118554,13.235
118555,7.14
118556,10.47
118557,15.785
118558,8.72
118559,10.805
118560,8.835
118561,5.37
118562,12.29
118563,10.985
118564,11.35
118565,5.13
118566,12.185
118567,9.815
118568,5.03
118569,8.055
118570,11.04
118571,15.41
118572,8.03
118573,7.555
118574,9.4
118575,6.775
118576,11.67
118577,6.135
118578,9.32
118579,10.475
118580,9.665
118581,11.295
118582,13.27
118583,7.955
118584,10.85
118585,9.515
118586,10.915
118587,9.91
118588,11.07
118589,12.25
118590,8.11
118591,9.825
118592,7.93
118593,10.52
118594,9.55
118595,10.355
118596,9.775
118597,10.76
118598,11.44
118599,10.245
118600,10.115
118601,8.29
118602,14.68
118603,11.715
118604,7.655
118605,10.56
118606,9.355
118607,8.315
118608,9.815
118609,9.49
118610,7.25
118611,9.88
118612,8.45
118613,10.475
118614,14.55
118615,11.07
118616,10.155
118617,8.5
118618,10.66
118619,10.84
118620,13.33
118621,9.355
118622,10.665
118623,9.1
118624,6.615
118625,11.315
118626,13.575
118627,9.505
118628,12.635
118629,9.835
118630,9.0
118631,9.965
118632,11.56
118633,7.72
118634,14.465
118635,13.035
118636,6.585
118637,8.9
118638,10.5
118639,9.74
118640,16.73
118641,10.965
118642,11.59
118643,6.935
118644,19.17
118645,11.4
118646,16.505
118647,10.08
118648,9.745
118649,12.685
118650,9.54
118651,9.94
118652,10.045
118653,6.84
118654,10.375
118655,14.32
118656,8.165
118657,11.36
118658,10.815
118659,14.2
118660,8.685
118661,9.235
118662,7.79
118663,9.86
118664,9.455
118665,10.945
118666,4.49
118667,4.595
118668,9.995
118669,14.08
118670,13.685
118671,7.1
118672,5.945
118673,11.295
118674,8.69
118675,8.69
118676,10.285
118677,16.24
118678,10.56
118679,9.74
118680,9.68
118681,12.53
118682,13.69
118683,10.615
118684,7.65
118685,10.25
118686,10.585
118687,12.335
118688,13.435
118689,10.575
118690,6.115
118691,17.355
118692,9.355
118693,17.525
118694,10.385
118695,10.6
118696,5.225
118697,9.425
118698,10.905
118699,12.965
118700,10.875
118701,15.085
118702,14.745
118703,10.73
118704,10.715
118705,13.605
118706,8.655
118707,8.03
118708,13.055
118709,9.19
118710,11.11
118711,6.83
118712,10.36
118713,9.45
118714,6.36
118715,8.715
118716,7.65
118717,7.39
118718,6.89
118719,10.56
118720,13.12
118721,10.05
118722,9.195
118723,7.9
118724,12.095
118725,7.86
118726,6.875
118727,9.59
118728,9.75
118729,12.155
118730,5.285
118731,13.225
118732,6.665
118733,12.42
118734,10.735
118735,14.5
118736,13.86
118737,19.66
118738,7.13
118739,8.255
118740,12.765
118741,9.765
118742,12.12
118743,10.99
118744,11.36
118745,7.435
118746,11.605
118747,13.455
118748,12.24
118749,9.71
118750,7.045
118751,5.33
118752,13.895
118753,8.665
118754,10.405
118755,8.615
118756,10.71
118757,14.26
118758,8.09
118759,10.77
118760,6.185
118761,11.075
118762,15.37
118763,6.36
118764,6.995
118765,9.355
118766,10.255
118767,5.76
118768,7.01
118769,4.53
118770,17.55
118771,6.42
118772,13.55
118773,6.84
118774,6.625
118775,10.795
118776,8.965
118777,9.31
118778,11.36
118779,11.82
118780,10.675
118781,3.775
118782,8.39
118783,13.535
118784,12.3
118785,10.3
118786,11.275
118787,10.535
118788,6.885
118789,7.67
118790,9.765
118791,9.245
118792,12.7
118793,3.855
118794,5.805
118795,14.19
118796,13.285
118797,14.705
118798,10.94
118799,9.42
118800,14.65
118801,11.835
118802,10.94
118803,8.795
118804,5.535
118805,6.095
118806,11.415
118807,10.8
118808,6.46
118809,7.74
118810,11.085
118811,8.49
118812,11.25
118813,9.25
118814,15.51
118815,10.08
118816,9.155
118817,12.8
118818,15.06
118819,15.92
118820,11.145
118821,8.215
118822,10.525
118823,10.945
118824,12.82
118825,12.595
118826,10.0
118827,9.66
118828,5.96
118829,7.03
118830,9.255
118831,6.92
118832,9.065
118833,8.925
118834,14.4
118835,9.47
118836,7.95
118837,9.835
118838,9.745
118839,8.94
118840,5.1
118841,6.5
118842,11.535
118843,10.58
118844,11.49
118845,8.96
118846,12.255
118847,12.035
118848,11.875
118849,11.97
118850,10.09
118851,16.36
118852,5.77
118853,10.34
118854,15.03
118855,12.165
118856,7.705
118857,14.625
118858,10.285
118859,4.695
118860,4.955
118861,8.565
118862,10.915
118863,11.955
118864,11.035
118865,9.325
118866,8.85
118867,10.65
118868,8.385
118869,8.245
118870,4.68
118871,8.355
118872,9.105
118873,4.88
118874,8.345
118875,6.355
118876,12.755
118877,5.525
118878,6.91
118879,10.63
118880,10.625
118881,10.655
118882,11.26
118883,9.55
118884,10.975
118885,6.225
118886,10.7
118887,8.815
118888,10.76
118889,11.535
118890,11.065
118891,10.42
118892,8.78
118893,9.165
118894,9.815
118895,14.07
118896,5.425
118897,10.26
118898,11.205
118899,9.725
118900,10.765
118901,11.8
118902,6.485
118903,10.785
118904,9.02
118905,8.61
118906,9.055
118907,9.28
118908,10.56
118909,15.67
118910,8.655
118911,15.265
118912,10.34
118913,11.565
118914,7.865
118915,4.89
118916,9.325
118917,11.475
118918,14.005
118919,13.065
118920,10.865
118921,8.885
118922,10.56
118923,10.245
118924,11.02
118925,7.475
118926,10.375
118927,8.625
118928,8.345
118929,9.98
118930,16.135
118931,9.135
118932,13.14
118933,9.21
118934,10.095
118935,8.335
118936,12.0
118937,4.765
118938,14.845
118939,13.45
118940,9.28
118941,12.515
118942,11.095
118943,10.405
118944,19.19
118945,8.255
118946,13.515
118947,10.94
118948,9.715
118949,10.615
118950,8.025
118951,7.545
118952,9.05
118953,8.635
118954,9.395
118955,19.525
118956,9.755
118957,8.785
118958,13.685
118959,6.695
118960,12.235
118961,9.38
118962,10.48
118963,5.585
118964,10.755
118965,7.73
118966,5.975
118967,9.73
118968,12.315
118969,8.105
118970,10.6
118971,15.28
118972,7.02
118973,11.475
118974,10.945
118975,10.815
118976,9.275
118977,7.925
118978,8.885
118979,11.53
118980,11.985
118981,9.88
118982,9.33
118983,10.625
118984,6.49
118985,12.405
118986,14.83
118987,13.145
118988,6.58
118989,11.295
118990,15.195
118991,11.64
118992,13.065
118993,6.75
118994,10.92
118995,11.215
118996,7.21
118997,9.905
118998,9.635
118999,7.645
119000,12.98
119001,8.165
119002,9.49
119003,6.61
119004,12.13
119005,7.38
119006,12.24
119007,9.47
119008,9.55
119009,9.6
119010,10.73
119011,6.18
119012,12.425
119013,11.075
119014,9.32
119015,6.77
119016,12.205
119017,5.39
119018,11.17
119019,10.405
119020,7.98
119021,6.785
119022,4.275
119023,7.79
119024,10.54
119025,9.23
119026,9.495
119027,11.915
119028,7.955
119029,15.7
119030,9.45
119031,12.73
119032,6.7
119033,10.62
119034,9.16
119035,12.065
119036,7.86
119037,9.21
119038,14.18
119039,10.345
119040,9.875
119041,10.81
119042,5.13
119043,10.655
119044,7.965
119045,10.39
119046,10.01
119047,15.43
119048,7.155
119049,10.655
119050,5.1
119051,9.395
119052,11.24
119053,13.125
119054,14.61
119055,13.25
119056,12.005
119057,11.765
119058,11.59
119059,11.995
119060,12.35
119061,12.91
119062,9.245
119063,8.32
119064,10.065
119065,10.415
119066,13.545
119067,9.115
119068,10.5
119069,8.09
119070,9.56
119071,12.79
119072,13.835
119073,12.625
119074,13.205
119075,9.18
119076,8.955
119077,6.6
119078,10.74
119079,8.74
119080,8.63
119081,11.9
119082,11.07
119083,9.045
119084,4.335
119085,5.795
119086,9.405
119087,11.64
119088,14.01
119089,12.22
119090,12.535
119091,10.705
119092,12.735
119093,10.315
119094,11.895
119095,12.81
119096,6.755
119097,4.775
119098,6.795
119099,8.305
119100,10.215
119101,10.66
119102,12.53
119103,14.13
119104,10.65
119105,9.57
119106,12.055
119107,8.8
119108,11.8
119109,13.22
119110,10.565
119111,10.575
119112,8.675
119113,15.245
119114,9.745
119115,10.87
119116,8.165
119117,13.96
119118,19.05
119119,9.14
119120,7.08
119121,10.56
119122,10.215
119123,9.985
119124,6.505
119125,9.005
119126,12.065
119127,8.53
119128,8.52
119129,13.05
119130,9.455
119131,6.265
119132,13.255
119133,9.7
119134,9.455
119135,8.055
119136,12.645
119137,8.99
119138,7.72
119139,10.83
119140,12.565
119141,14.23
119142,13.865
119143,8.965
119144,11.45
119145,11.115
119146,4.435
119147,16.675
119148,7.38
119149,5.04
119150,13.855
119151,6.38
119152,14.65
119153,11.28
119154,8.98
119155,9.085
119156,6.315
119157,11.185
119158,8.28
119159,15.58
119160,10.02
119161,12.65
119162,9.045
119163,13.475
119164,14.4
119165,13.685
119166,7.685
119167,8.78
119168,10.555
119169,8.745
119170,10.715
119171,8.98
119172,13.595
119173,8.83
119174,12.535
119175,10.555
119176,12.96
119177,9.08
119178,9.54
119179,6.42
119180,10.235
119181,11.84
119182,15.71
119183,17.63
119184,11.935
119185,8.655
119186,11.05
119187,9.305
119188,8.155
119189,12.655
119190,11.155
119191,16.275
119192,8.41
119193,4.85
119194,11.205
119195,13.39
119196,13.78
119197,17.2
119198,4.825
119199,13.015
119200,8.875
119201,9.125
119202,11.03
119203,10.665
119204,7.59
119205,9.75
119206,10.69
119207,10.94
119208,8.135
119209,3.71
119210,8.38
119211,8.945
119212,9.42
119213,9.405
119214,10.53
119215,10.63
119216,7.985
119217,16.295
119218,9.36
119219,9.82
119220,10.685
119221,17.025
119222,10.335
119223,11.515
119224,12.62
119225,9.235
119226,15.505
119227,7.23
119228,8.09
119229,10.785
119230,9.36
119231,10.355
119232,8.24
119233,11.295
119234,11.41
119235,19.64
119236,8.79
119237,9.19
119238,12.62
119239,17.21
119240,8.04
119241,18.455
119242,10.585
119243,10.215
119244,6.55
119245,6.78
119246,8.55
119247,9.19
119248,12.95
119249,11.5
119250,6.95
119251,10.325
119252,11.655
119253,15.385
119254,15.915
119255,12.455
119256,17.385
119257,11.18
119258,6.73
119259,12.96
119260,10.17
119261,11.63
119262,6.755
119263,7.89
119264,8.675
119265,3.97
119266,13.935
119267,9.525
119268,10.47
119269,11.39
119270,10.705
119271,7.27
119272,8.945
119273,11.53
119274,11.97
119275,6.715
119276,12.05
119277,12.095
119278,11.88
119279,9.265
119280,10.455
119281,10.415
119282,12.75
119283,10.78
119284,10.535
119285,8.285
119286,11.56
119287,9.62
119288,7.66
119289,9.14
119290,11.065
119291,11.21
119292,5.135
119293,5.575
119294,10.945
119295,11.415
119296,11.05
119297,7.285
119298,11.04
119299,6.8
119300,8.75
119301,9.39
119302,11.88
119303,10.47
119304,8.365
119305,11.52
119306,12.38
119307,5.76
119308,12.285
119309,10.085
119310,11.255
119311,9.195
119312,3.78
119313,7.48
119314,10.895
119315,9.315
119316,6.86
119317,5.475
119318,8.26
119319,6.61
119320,12.915
119321,10.52
119322,10.245
119323,9.84
119324,10.4
119325,12.1
119326,11.7
119327,16.62
119328,10.78
119329,11.175
119330,10.99
119331,7.845
119332,10.92
119333,15.38
119334,10.45
119335,16.35
119336,6.74
119337,8.9
119338,12.165
119339,4.725
119340,9.565
119341,14.54
119342,14.3
119343,15.64
119344,6.55
119345,6.515
119346,11.595
119347,12.175
119348,10.995
119349,14.37
119350,10.9
119351,18.03
119352,8.005
119353,11.72
119354,13.76
119355,11.685
119356,5.66
119357,9.385
119358,9.83
119359,16.82
119360,9.69
119361,11.975
119362,10.66
119363,6.985
119364,6.62
119365,12.89
119366,8.73
119367,9.12
119368,9.66
119369,7.71
119370,5.68
119371,10.605
119372,10.285
119373,11.89
119374,11.71
119375,6.125
119376,10.69
119377,13.415
119378,12.235
119379,8.305
119380,12.24
119381,10.875
119382,8.35
119383,9.555
119384,10.32
119385,8.215
119386,12.005
119387,10.21
119388,7.12
119389,8.265
119390,10.455
119391,9.735
119392,11.105
119393,11.34
119394,10.23
119395,12.37
119396,4.295
119397,9.245
119398,9.585
119399,6.025
119400,7.145
119401,10.56
119402,16.09
119403,11.615
119404,12.94
119405,9.01
119406,17.675
119407,6.995
119408,10.695
119409,20.59
119410,11.335
119411,9.715
119412,12.045
119413,11.04
119414,10.62
119415,15.84
119416,6.735
119417,10.145
119418,15.03
119419,6.815
119420,9.25
119421,5.86
119422,12.38
119423,12.41
119424,14.855
119425,11.01
119426,15.47
119427,10.195
119428,10.495
119429,9.455
119430,7.745
119431,11.53
119432,10.76
119433,10.69
119434,7.78
119435,6.925
119436,9.635
119437,11.86
119438,7.835
119439,8.89
119440,15.995
119441,11.835
119442,10.565
119443,7.65
119444,9.26
119445,9.92
119446,10.515
119447,13.385
119448,11.105
119449,9.915
119450,8.34
119451,13.66
119452,6.855
119453,9.585
119454,7.08
119455,10.53
119456,6.915
119457,10.445
119458,11.275
119459,9.575
119460,14.04
119461,12.13
119462,9.865
119463,12.5
119464,9.23
119465,9.155
119466,9.755
119467,12.905
119468,9.61
119469,14.195
119470,11.565
119471,14.95
119472,13.065
119473,7.735
119474,13.26
119475,11.44
119476,8.05
119477,15.36
119478,6.635
119479,11.795
119480,12.47
119481,8.52
119482,9.19
119483,8.545
119484,11.77
119485,6.535
119486,6.55
119487,11.745
119488,7.575
119489,11.11
119490,9.085
119491,6.805
119492,10.07
119493,10.935
119494,10.555
119495,11.13
119496,11.335
119497,11.38
119498,11.705
119499,9.605
119500,11.19
119501,15.92
119502,8.45
119503,11.245
119504,12.795
119505,10.825
119506,13.685
119507,13.44
119508,11.19
119509,10.8
119510,10.565
119511,6.0
119512,11.195
119513,5.745
119514,11.025
119515,13.155
119516,8.07
119517,6.455
119518,10.72
119519,7.75
119520,8.485
119521,9.74
119522,8.7
119523,11.625
119524,9.92
119525,11.255
119526,6.725
119527,10.595
119528,11.63
119529,14.755
119530,11.67
119531,11.325
119532,8.145
119533,6.785
119534,7.34
119535,8.42
119536,12.73
119537,7.975
119538,5.425
119539,9.5
119540,12.37
119541,7.9
119542,9.565
119543,5.15
119544,14.035
119545,13.945
119546,6.565
119547,10.16
119548,12.995
119549,14.255
119550,9.465
119551,12.545
119552,7.33
119553,8.375
119554,7.14
119555,9.135
119556,15.32
119557,15.065
119558,11.325
119559,10.66
119560,10.255
119561,7.785
119562,7.33
119563,8.23
119564,6.91
119565,11.205
119566,8.085
119567,8.74
119568,10.68
119569,11.285
119570,13.26
119571,11.655
119572,12.54
119573,11.685
119574,7.29
119575,7.24
119576,9.865
119577,11.705
119578,9.73
119579,14.87
119580,10.73
119581,6.195
119582,16.705
119583,8.885
119584,10.97
119585,8.935
119586,6.18
119587,9.03
119588,9.895
119589,9.78
119590,12.72
119591,9.47
119592,10.335
119593,14.175
119594,11.4
119595,7.87
119596,12.595
119597,13.255
119598,14.43
119599,11.925
119600,8.3
119601,11.675
119602,9.745
119603,9.825
119604,10.92
119605,13.68
119606,6.12
119607,9.805
119608,13.53
119609,6.75
119610,10.21
119611,6.87
119612,8.47
119613,11.055
119614,5.86
119615,7.98
119616,9.35
119617,11.53
119618,10.835
119619,6.615
119620,10.01
119621,12.69
119622,5.82
119623,11.395
119624,9.98
119625,5.595
119626,15.5
119627,6.35
119628,11.81
119629,9.38
119630,15.385
119631,14.195
119632,10.485
119633,9.505
119634,10.115
119635,10.99
119636,9.44
119637,8.86
119638,10.055
119639,10.445
119640,12.715
119641,7.83
119642,11.08
119643,7.195
119644,7.87
119645,7.965
119646,8.775
119647,9.08
119648,9.01
119649,8.03
119650,6.755
119651,9.725
119652,8.975
119653,7.285
119654,16.845
119655,11.455
119656,7.295
119657,8.365
119658,9.375
119659,14.85
119660,17.775
119661,8.62
119662,9.6
119663,10.1
119664,7.66
119665,11.175
119666,10.14
119667,4.23
119668,8.695
119669,8.67
119670,11.04
119671,7.975
119672,11.845
119673,8.48
119674,7.73
119675,7.75
119676,15.72
119677,12.895
119678,14.08
119679,9.175
119680,8.12
119681,8.015
119682,8.08
119683,10.255
119684,17.36
119685,10.52
119686,6.865
119687,11.94
119688,7.425
119689,5.74
119690,13.58
119691,13.125
119692,11.115
119693,6.5
119694,12.345
119695,6.82
119696,6.83
119697,10.785
119698,12.2
119699,12.385
119700,9.625
119701,10.785
119702,6.64
119703,5.86
119704,13.185
119705,9.73
119706,12.545
119707,10.39
119708,11.15
119709,9.15
119710,5.615
119711,10.445
119712,7.105
119713,6.895
119714,8.11
119715,9.26
119716,18.13
119717,5.65
119718,5.225
119719,7.25
119720,9.235
119721,11.985
119722,9.55
119723,7.68
119724,9.51
119725,9.57
119726,6.115
119727,12.0
119728,11.69
119729,13.11
119730,10.825
119731,12.44
119732,9.625
119733,11.12
119734,10.92
119735,13.43
119736,14.62
119737,7.355
119738,16.935
119739,13.135
119740,11.575
119741,6.98
119742,8.32
119743,6.51
119744,13.66
119745,9.86
119746,15.835
119747,13.055
119748,13.235
119749,18.545
119750,7.11
119751,12.265
119752,10.835
119753,12.27
119754,9.165
119755,9.81
119756,9.67
119757,12.39
119758,3.81
119759,17.55
119760,8.33
119761,4.82
119762,10.06
119763,10.085
119764,10.175
119765,9.425
119766,8.495
119767,10.285
119768,11.38
119769,8.67
119770,7.755
119771,15.155
119772,7.925
119773,11.37
119774,9.985
119775,10.26
119776,10.3
119777,8.455
119778,9.48
119779,4.575
119780,10.1
119781,10.365
119782,13.36
119783,10.73
119784,11.405
119785,11.065
119786,9.12
119787,10.66
119788,10.415
119789,10.545
119790,13.205
119791,10.255
119792,7.08
119793,14.61
119794,11.145
119795,8.47
119796,13.575
119797,15.515
119798,11.475
119799,9.51
119800,9.63
119801,11.385
119802,8.4
119803,9.02
119804,13.8
119805,8.17
119806,8.195
119807,10.055
119808,14.84
119809,6.775
119810,17.585
119811,8.01
119812,14.85
119813,18.42
119814,11.125
119815,6.72
119816,8.845
119817,9.285
119818,8.1
119819,9.115
119820,6.99
119821,10.22
119822,18.84
119823,9.465
119824,10.36
119825,10.635
119826,9.495
119827,7.24
119828,9.47
119829,8.955
119830,6.78
119831,10.6
119832,10.935
119833,9.81
119834,9.135
119835,10.935
119836,11.525
119837,12.685
119838,10.265
119839,9.71
119840,9.44
119841,18.63
119842,12.215
119843,7.115
119844,4.68
119845,13.86
119846,7.075
119847,15.465
119848,10.905
119849,4.335
119850,11.65
119851,6.965
119852,6.565
119853,9.4
119854,11.325
119855,11.77
119856,11.225
119857,10.11
119858,8.145
119859,8.51
119860,6.74
119861,12.85
119862,10.575
119863,9.45
119864,12.255
119865,18.11
119866,8.615
119867,11.505
119868,5.75
119869,12.26
119870,8.025
119871,12.635
119872,11.68
119873,7.42
119874,14.695
119875,11.91
119876,10.215
119877,7.8
119878,12.54
119879,9.69
119880,15.06
119881,11.025
119882,8.755
119883,11.485
119884,15.675
119885,8.84
119886,11.525
119887,15.795
119888,5.78
119889,6.93
119890,13.305
119891,13.355
119892,11.4
119893,5.545
119894,10.33
119895,5.015
119896,6.9
119897,11.01
119898,8.2
119899,8.865
119900,9.095
119901,7.21
119902,10.675
119903,11.77
119904,12.475
119905,10.71
119906,15.53
119907,6.4
119908,9.97
119909,5.96
119910,11.895
119911,5.7
119912,11.07
119913,11.72
119914,6.6
119915,7.865
119916,9.9
119917,6.735
119918,9.66
119919,11.24
119920,11.125
119921,4.885
119922,3.63
119923,10.195
119924,8.995
119925,8.125
119926,10.795
119927,6.535
119928,10.885
119929,14.595
119930,7.685
119931,13.625
119932,12.63
119933,9.87
119934,6.82
119935,9.735
119936,9.105
119937,13.065
119938,7.42
119939,10.575
119940,13.065
119941,8.495
119942,12.415
119943,12.925
119944,10.24
119945,9.18
119946,11.065
119947,7.045
119948,5.26
119949,7.37
119950,7.36
119951,9.25
119952,7.805
119953,9.29
119954,10.65
119955,10.185
119956,6.76
119957,14.94
119958,10.995
119959,7.035
119960,7.42
119961,10.64
119962,12.58
119963,11.005
119964,14.775
119965,10.87
119966,7.805
119967,11.0
119968,10.74
119969,12.445
119970,6.76
119971,9.8
119972,15.42
119973,11.935
119974,10.835
119975,9.91
119976,11.405
119977,10.39
119978,7.39
119979,9.535
119980,11.245
119981,6.36
119982,9.82
119983,10.595
119984,9.835
119985,7.885
119986,9.035
119987,12.95
119988,10.075
119989,9.775
119990,10.15
119991,10.72
119992,8.995
119993,9.295
119994,5.945
119995,12.515
119996,6.88
119997,11.005
119998,11.87
119999,11.02
120000,20.015
120001,7.915
120002,9.7
120003,12.295
120004,5.955
120005,12.08
120006,9.775
120007,9.28
120008,11.42
120009,9.035
120010,9.675
120011,11.595
120012,5.62
120013,13.585
120014,10.79
120015,12.17
120016,8.78
120017,7.93
120018,6.585
120019,11.075
120020,4.72
120021,6.34
120022,10.425
120023,13.415
120024,9.255
120025,9.71
120026,9.845
120027,7.915
120028,14.86
120029,10.97
120030,9.585
120031,7.595
120032,9.08
120033,4.915
120034,5.73
120035,8.97
120036,15.27
120037,8.545
120038,8.37
120039,13.765
120040,8.755
120041,11.01
120042,11.575
120043,14.77
120044,6.725
120045,7.82
120046,9.065
120047,10.87
120048,9.535
120049,14.38
120050,8.09
120051,9.36
120052,6.9
120053,10.475
120054,6.5
120055,6.605
120056,16.475
120057,14.28
120058,7.41
120059,10.93
120060,9.285
120061,9.98
120062,7.145
120063,16.93
120064,17.27
120065,8.05
120066,9.7
120067,14.7
120068,11.48
120069,11.145
120070,14.84
120071,9.855
120072,10.34
120073,11.76
120074,10.005
120075,8.885
120076,9.375
120077,9.275
120078,9.355
120079,7.58
120080,13.715
120081,11.28
120082,9.15
120083,7.42
120084,9.575
120085,10.8
120086,10.25
120087,10.74
120088,6.42
120089,9.83
120090,11.515
120091,10.935
120092,4.575
120093,7.305
120094,7.55
120095,11.08
120096,10.735
120097,12.35
120098,6.83
120099,13.97
120100,8.25
120101,9.26
120102,10.085
120103,5.75
120104,14.275
120105,11.92
120106,6.695
120107,10.345
120108,5.185
120109,10.435
120110,5.575
120111,12.55
120112,11.355
120113,10.245
120114,11.395
120115,10.63
120116,9.45
120117,6.94
120118,10.135
120119,11.55
120120,10.255
120121,8.925
120122,7.67
120123,8.575
120124,8.37
120125,11.06
120126,9.155
120127,11.445
120128,12.095
120129,7.145
120130,11.13
120131,12.08
120132,9.84
120133,6.01
120134,8.765
120135,11.22
120136,6.625
120137,10.955
120138,10.01
120139,10.695
120140,4.565
120141,12.585
120142,6.605
120143,14.68
120144,7.34
120145,12.045
120146,14.705
120147,9.69
120148,7.72
120149,12.76
120150,6.33
120151,9.94
120152,10.385
120153,9.44
120154,9.82
120155,10.43
120156,11.635
120157,10.375
120158,6.76
120159,10.09
120160,10.655
120161,15.185
120162,10.695
120163,9.46
120164,3.95
120165,8.975
120166,5.525
120167,9.775
120168,16.68
120169,9.635
120170,16.21
120171,12.905
120172,8.07
120173,11.04
120174,8.325
120175,17.295
120176,8.585
120177,9.105
120178,9.245
120179,11.24
120180,13.55
120181,7.345
120182,11.31
120183,13.105
120184,9.98
120185,6.825
120186,13.42
120187,7.16
120188,19.335
120189,10.8
120190,9.96
120191,11.095
120192,10.39
120193,14.44
120194,11.34
120195,9.81
120196,7.19
120197,10.76
120198,6.965
120199,11.275
120200,8.245
120201,5.61
120202,7.22
120203,6.57
120204,10.775
120205,19.89
120206,13.34
120207,9.14
120208,7.0
120209,4.91
120210,10.285
120211,11.755
120212,9.89
120213,9.7
120214,14.21
120215,8.72
120216,9.47
120217,11.93
120218,10.32
120219,9.71
120220,11.395
120221,8.775
120222,15.82
120223,9.915
120224,9.445
120225,9.75
120226,9.41
120227,9.815
120228,10.82
120229,8.84
120230,11.2
120231,8.34
120232,15.37
120233,12.1
120234,10.06
120235,10.665
120236,10.655
120237,11.88
120238,11.335
120239,9.925
120240,7.35
120241,8.17
120242,6.905
120243,6.76
120244,10.325
120245,11.455
120246,10.84
120247,13.865
120248,9.865
120249,7.255
120250,12.745
120251,9.06
120252,13.21
120253,14.06
120254,10.42
120255,10.28
120256,7.715
120257,12.435
120258,12.775
120259,15.585
120260,18.815
120261,15.775
120262,12.635
120263,18.375
120264,9.735
120265,9.625
120266,9.935
120267,9.24
120268,12.32
120269,6.925
120270,8.73
120271,10.53
120272,16.84
120273,7.08
120274,10.84
120275,5.63
120276,14.77
120277,8.935
120278,9.7
120279,12.55
120280,11.845
120281,9.685
120282,10.32
120283,12.485
120284,10.715
120285,12.285
120286,10.6
120287,6.06
120288,9.13
120289,8.05
120290,10.37
120291,8.855
120292,13.89
120293,9.96
120294,9.15
120295,12.65
120296,9.795
120297,11.185
120298,9.12
120299,6.98
120300,8.875
120301,5.9
120302,11.7
120303,10.035
120304,6.125
120305,6.605
120306,6.88
120307,11.38
120308,9.765
120309,7.91
120310,9.695
120311,11.975
120312,16.365
120313,9.845
120314,9.65
120315,13.55
120316,9.79
120317,7.395
120318,6.275
120319,11.14
120320,9.75
120321,9.355
120322,11.005
120323,9.54
120324,11.045
120325,7.375
120326,8.125
120327,6.675
120328,4.795
120329,13.615
120330,10.44
120331,14.105
120332,8.22
120333,9.615
120334,9.79
120335,11.465
120336,12.85
120337,6.815
120338,11.975
120339,10.925
120340,12.86
120341,13.135
120342,10.935
120343,7.125
120344,14.05
120345,8.285
120346,9.415
120347,9.45
120348,10.665
120349,6.555
120350,8.795
120351,7.88
120352,12.455
120353,11.32
120354,17.065
120355,8.68
120356,12.985
120357,8.555
120358,11.135
120359,8.705
120360,8.685
120361,9.79
120362,7.24
120363,12.2
120364,10.57
120365,6.06
120366,9.955
120367,7.03
120368,10.89
120369,7.825
120370,8.2
120371,10.775
120372,11.64
120373,7.465
120374,12.405
120375,11.055
120376,11.06
120377,9.665
120378,5.815
120379,10.175
120380,10.0
120381,13.44
120382,14.01
120383,10.61
120384,5.92
120385,11.32
120386,10.14
120387,10.09
120388,11.02
120389,4.455
120390,8.185
120391,10.51
120392,4.36
120393,9.28
120394,12.475
120395,9.075
120396,8.015
120397,6.865
120398,10.455
120399,8.965
120400,12.19
120401,10.535
120402,9.585
120403,7.92
120404,5.895
120405,11.2
120406,5.99
120407,5.575
120408,6.53
120409,10.585
120410,7.65
120411,9.975
120412,7.135
120413,10.725
120414,7.005
120415,11.555
120416,13.83
120417,9.74
120418,12.46
120419,13.445
120420,9.645
120421,13.435
120422,9.0
120423,9.185
120424,12.295
120425,7.65
120426,17.55
120427,6.045
120428,9.98
120429,9.245
120430,8.16
120431,10.66
120432,6.745
120433,11.795
120434,7.255
120435,6.82
120436,7.88
120437,11.645
120438,12.275
120439,7.955
120440,7.325
120441,8.735
120442,8.06
120443,12.24
120444,8.57
120445,12.635
120446,7.28
120447,10.245
120448,11.845
120449,6.98
120450,4.985
120451,7.92
120452,9.915
120453,8.48
120454,6.8
120455,8.61
120456,4.94
120457,7.4
120458,5.81
120459,7.5
120460,9.62
120461,12.445
120462,10.49
120463,9.495
120464,11.445
120465,11.26
120466,7.295
120467,14.23
120468,10.98
120469,12.385
120470,10.62
120471,11.245
120472,6.74
120473,11.59
120474,6.69
120475,9.47
120476,9.825
120477,9.84
120478,10.125
120479,10.235
120480,12.075
120481,9.24
120482,10.49
120483,9.305
120484,17.11
120485,4.775
120486,4.0
120487,5.305
120488,16.17
120489,8.165
120490,11.74
120491,7.83
120492,14.575
120493,17.05
120494,9.725
120495,11.445
120496,10.34
120497,13.06
120498,5.005
120499,6.58
120500,11.465
120501,13.64
120502,4.13
120503,11.75
120504,6.635
120505,11.52
120506,11.05
120507,9.875
120508,10.73
120509,5.66
120510,9.52
120511,11.945
120512,8.78
120513,12.075
120514,11.515
120515,9.62
120516,10.835
120517,6.775
120518,17.875
120519,6.745
120520,11.145
120521,9.475
120522,11.745
120523,11.22
120524,9.33
120525,9.6
120526,9.575
120527,9.54
120528,7.115
120529,9.415
120530,13.3
120531,8.06
120532,8.065
120533,6.46
120534,5.11
120535,8.38
120536,12.94
120537,6.555
120538,10.535
120539,14.85
120540,8.47
120541,6.85
120542,12.37
120543,16.29
120544,9.355
120545,11.095
120546,14.78
120547,10.12
120548,9.115
120549,9.75
120550,5.08
120551,7.23
120552,12.425
120553,7.185
120554,12.39
120555,6.225
120556,14.17
120557,16.155
120558,11.05
120559,11.285
120560,8.89
120561,10.7
120562,7.01
120563,17.84
120564,9.34
120565,11.565
120566,5.685
120567,6.8
120568,10.24
120569,9.41
120570,3.605
120571,9.805
120572,11.46
120573,10.105
120574,7.815
120575,11.875
120576,13.565
120577,18.805
120578,6.665
120579,9.815
120580,7.655
120581,16.375
120582,11.035
120583,15.29
120584,7.29
120585,7.045
120586,9.97
120587,7.945
120588,12.04
120589,9.04
120590,4.935
120591,8.955
120592,13.675
120593,7.58
120594,5.54
120595,11.885
120596,5.965
120597,12.87
120598,8.44
120599,9.29
120600,8.945
120601,8.915
120602,7.69
120603,11.6
120604,7.66
120605,9.39
120606,8.195
120607,14.97
120608,9.84
120609,11.71
120610,10.765
120611,9.57
120612,5.965
120613,8.765
120614,8.96
120615,3.835
120616,10.06
120617,9.135
120618,9.85
120619,9.46
120620,6.41
120621,8.335
120622,9.6
120623,10.855
120624,9.925
120625,8.89
120626,11.51
120627,9.795
120628,8.755
120629,5.01
120630,10.295
120631,14.435
120632,9.895
120633,10.245
120634,11.03
120635,6.875
120636,12.08
120637,4.96
120638,7.78
120639,10.575
120640,9.5
120641,11.505
120642,7.63
120643,11.565
120644,7.155
120645,8.025
120646,9.885
120647,9.755
120648,8.4
120649,5.915
120650,9.735
120651,13.145
120652,17.675
120653,10.73
120654,10.02
120655,11.17
120656,4.99
120657,11.595
120658,8.435
120659,9.125
120660,9.975
120661,12.43
120662,9.215
120663,9.265
120664,10.765
120665,10.645
120666,7.385
120667,14.22
120668,14.935
120669,10.715
120670,4.8
120671,10.975
120672,10.54
120673,14.76
120674,7.145
120675,14.085
120676,11.19
120677,15.055
120678,8.78
120679,5.345
120680,13.8
120681,6.725
120682,6.775
120683,8.265
120684,10.675
120685,12.71
120686,12.82
120687,11.655
120688,8.605
120689,11.575
120690,7.87
120691,12.485
120692,7.87
120693,16.505
120694,10.93
120695,10.245
120696,7.08
120697,10.67
120698,8.58
120699,6.54
120700,10.545
120701,9.91
120702,16.435
120703,10.8
120704,8.385
120705,14.135
120706,13.03
120707,7.505
120708,7.42
120709,11.475
120710,10.81
120711,7.64
120712,21.88
120713,13.425
120714,12.095
120715,10.495
120716,9.34
120717,12.095
120718,5.74
120719,16.8
120720,9.82
120721,11.75
120722,13.975
120723,7.31
120724,10.44
120725,10.845
120726,9.14
120727,11.43
120728,7.48
120729,6.99
120730,10.485
120731,12.8
120732,10.105
120733,7.535
120734,5.665
120735,8.19
120736,8.165
120737,12.805
120738,12.09
120739,11.075
120740,6.84
120741,11.425
120742,5.595
120743,7.395
120744,10.105
120745,9.65
120746,11.095
120747,9.45
120748,6.445
120749,11.485
120750,10.275
120751,10.525
120752,9.435
120753,12.62
120754,11.29
120755,6.09
120756,11.91
120757,8.205
120758,8.35
120759,9.7
120760,4.89
120761,10.645
120762,9.31
120763,11.35
120764,9.3
120765,16.83
120766,9.095
120767,13.73
120768,8.605
120769,6.98
120770,9.1
120771,9.505
120772,13.62
120773,7.195
120774,9.58
120775,10.96
120776,10.52
120777,12.7
120778,10.985
120779,15.28
120780,5.035
120781,9.865
120782,8.22
120783,7.115
120784,6.81
120785,4.735
120786,10.86
120787,4.085
120788,9.595
120789,8.835
120790,6.4
120791,11.2
120792,5.7
120793,10.56
120794,4.04
120795,9.6
120796,10.91
120797,11.31
120798,10.84
120799,5.66
120800,8.695
120801,12.03
120802,10.99
120803,8.665
120804,7.595
120805,6.61
120806,10.305
120807,9.73
120808,7.995
120809,12.68
120810,9.69
120811,14.165
120812,11.2
120813,7.165
120814,10.745
120815,11.57
120816,10.62
120817,6.85
120818,10.495
120819,12.8
120820,15.535
120821,9.81
120822,8.545
120823,11.41
120824,6.73
120825,8.16
120826,10.88
120827,8.785
120828,9.31
120829,13.705
120830,13.045
120831,11.205
120832,15.255
120833,10.95
120834,14.55
120835,10.56
120836,13.85
120837,11.275
120838,11.995
120839,7.665
120840,13.62
120841,9.07
120842,4.01
120843,7.97
120844,10.495
120845,13.435
120846,16.815
120847,7.305
120848,8.65
120849,10.79
120850,13.675
120851,15.135
120852,8.38
120853,10.7
120854,9.935
120855,7.75
120856,8.845
120857,17.48
120858,8.885
120859,9.34
120860,10.43
120861,15.395
120862,10.275
120863,13.435
120864,10.205
120865,9.325
120866,8.085
120867,13.1
120868,11.7
120869,13.405
120870,10.705
120871,5.095
120872,12.645
120873,7.575
120874,14.735
120875,6.685
120876,9.905
120877,13.395
120878,7.64
120879,17.73
120880,9.94
120881,14.595
120882,15.675
120883,8.055
120884,8.22
120885,6.96
120886,14.92
120887,6.35
120888,9.785
120889,15.145
120890,5.335
120891,10.425
120892,14.575
120893,7.82
120894,14.315
120895,12.885
120896,15.625
120897,11.27
120898,6.43
120899,6.245
120900,8.65
120901,14.945
120902,11.1
120903,11.575
120904,8.095
120905,11.705
120906,8.85
120907,7.56
120908,10.46
120909,14.025
120910,11.795
120911,5.98
120912,12.635
120913,9.385
120914,11.96
120915,11.91
120916,10.395
120917,8.35
120918,11.905
120919,19.95
120920,6.98
120921,4.735
120922,5.14
120923,9.6
120924,12.465
120925,13.42
120926,6.715
120927,6.5
120928,9.175
120929,8.325
120930,10.97
120931,10.675
120932,8.26
120933,9.625
120934,9.545
120935,8.01
120936,13.465
120937,9.425
120938,6.865
120939,5.855
120940,9.775
120941,7.72
120942,8.605
120943,10.515
120944,12.375
120945,10.025
120946,3.76
120947,10.15
120948,7.86
120949,7.195
120950,9.495
120951,8.91
120952,6.83
120953,6.91
120954,11.22
120955,13.595
120956,10.57
120957,16.935
120958,10.48
120959,11.78
120960,10.565
120961,11.795
120962,12.465
120963,9.32
120964,9.435
120965,8.465
120966,9.675
120967,10.895
120968,6.95
120969,10.935
120970,7.28
120971,10.47
120972,11.56
120973,9.24
120974,5.725
120975,11.43
120976,10.125
120977,8.315
120978,6.415
120979,7.61
120980,11.33
120981,9.66
120982,5.475
120983,10.025
120984,8.66
120985,8.025
120986,6.435
120987,10.91
120988,9.48
120989,8.275
120990,10.66
120991,7.095
120992,8.08
120993,10.855
120994,4.095
120995,9.315
120996,10.76
120997,10.39
120998,13.35
120999,6.585
121000,10.945
121001,13.33
121002,12.665
121003,9.46
121004,13.075
121005,10.645
121006,12.535
121007,10.645
121008,7.195
121009,9.285
121010,10.69
121011,14.385
121012,9.245
121013,11.52
121014,7.7
121015,4.92
121016,12.415
121017,7.81
121018,13.925
121019,7.1
121020,7.12
121021,15.91
121022,6.11
121023,3.81
121024,9.82
121025,14.39
121026,9.065
121027,13.22
121028,10.515
121029,12.75
121030,11.97
121031,12.97
121032,10.67
121033,11.71
121034,10.23
121035,7.205
121036,8.65
121037,5.245
121038,12.43
121039,8.045
121040,8.345
121041,9.905
121042,8.025
121043,10.73
121044,10.44
121045,9.035
121046,15.795
121047,10.6
121048,11.92
121049,8.55
121050,10.02
121051,9.32
121052,9.21
121053,11.53
121054,9.025
121055,9.115
121056,8.37
121057,10.61
121058,11.95
121059,14.395
121060,7.19
121061,14.175
121062,7.82
121063,6.71
121064,12.93
121065,9.11
121066,8.9
121067,8.27
121068,8.405
121069,6.16
121070,9.295
121071,6.295
121072,9.435
121073,8.515
121074,7.96
121075,10.775
121076,10.835
121077,13.925
121078,9.16
121079,7.04
121080,12.71
121081,9.055
121082,7.65
121083,10.55
121084,11.16
121085,11.18
121086,9.46
121087,14.475
121088,10.75
121089,10.69
121090,9.52
121091,6.875
121092,7.56
121093,6.84
121094,8.85
121095,12.74
121096,11.07
121097,8.01
121098,9.33
121099,14.785
121100,6.28
121101,5.15
121102,9.865
121103,8.295
121104,12.34
121105,12.48
121106,4.07
121107,7.075
121108,7.36
121109,7.67
121110,7.11
121111,11.325
121112,6.96
121113,11.4
121114,7.335
121115,8.535
121116,12.72
121117,10.675
121118,6.77
121119,11.595
121120,12.115
121121,15.51
121122,16.17
121123,15.055
121124,4.98
121125,3.925
121126,6.485
121127,14.245
121128,5.01
121129,10.87
121130,10.755
121131,10.43
121132,6.43
121133,6.65
121134,11.355
121135,13.745
121136,12.87
121137,6.45
121138,9.705
121139,9.66
121140,5.92
121141,10.105
121142,16.54
121143,11.195
121144,14.83
121145,10.27
121146,10.335
121147,9.47
121148,4.73
121149,8.365
121150,8.43
121151,9.77
121152,9.36
121153,6.8
121154,10.64
121155,9.57
121156,12.365
121157,9.57
121158,7.675
121159,6.26
121160,15.795
121161,10.365
121162,9.885
121163,7.975
121164,17.105
121165,10.125
121166,12.8
121167,14.05
121168,10.84
121169,9.55
121170,8.55
121171,8.095
121172,7.565
121173,10.6
121174,13.845
121175,6.665
121176,10.385
121177,6.97
121178,10.02
121179,9.315
121180,9.615
121181,8.93
121182,10.0
121183,9.58
121184,10.07
121185,11.055
121186,10.755
121187,11.805
121188,7.78
121189,8.135
121190,11.515
121191,9.08
121192,11.445
121193,9.265
121194,8.15
121195,7.565
121196,12.69
121197,9.595
121198,10.61
121199,17.205
121200,9.43
121201,7.92
121202,8.855
121203,11.935
121204,10.755
121205,8.85
121206,13.38
121207,13.04
121208,10.72
121209,8.135
121210,10.475
121211,9.22
121212,5.31
121213,9.67
121214,6.72
121215,10.92
121216,10.59
121217,8.335
121218,11.165
121219,8.335
121220,9.655
121221,8.15
121222,7.38
121223,7.495
121224,10.525
121225,9.775
121226,8.335
121227,6.78
121228,6.37
121229,10.635
121230,11.135
121231,9.24
121232,14.205
121233,6.88
121234,9.12
121235,5.73
121236,4.975
121237,10.63
121238,10.23
121239,13.06
121240,5.015
121241,8.47
121242,8.53
121243,6.295
121244,12.195
121245,7.05
121246,10.61
121247,10.66
121248,7.355
121249,8.08
121250,11.08
121251,11.715
121252,12.27
121253,9.975
121254,6.55
121255,9.505
121256,15.445
121257,5.795
121258,12.035
121259,8.4
121260,8.01
121261,8.28
121262,9.295
121263,11.795
121264,7.165
121265,8.96
121266,7.015
121267,4.405
121268,8.34
121269,10.345
121270,7.635
121271,14.585
121272,13.32
121273,7.06
121274,16.025
121275,10.59
121276,8.94
121277,10.55
121278,10.525
121279,17.13
121280,9.32
121281,7.275
121282,19.06
121283,7.19
121284,10.775
121285,6.555
121286,9.04
121287,13.505
121288,9.3
121289,12.66
121290,11.865
121291,8.415
121292,7.365
121293,11.325
121294,10.2
121295,13.375
121296,16.095
121297,9.72
121298,9.62
121299,11.195
121300,11.125
121301,10.655
121302,11.62
121303,5.945
121304,12.415
121305,10.445
121306,11.99
121307,9.1
121308,7.87
121309,11.14
121310,12.925
121311,11.415
121312,11.915
121313,10.06
121314,9.02
121315,6.755
121316,11.725
121317,14.635
121318,13.39
121319,15.39
121320,10.135
121321,7.95
121322,5.09
121323,14.13
121324,15.68
121325,9.12
121326,7.145
121327,9.12
121328,17.07
121329,6.625
121330,18.86
121331,6.02
121332,8.875
121333,4.915
121334,4.705
121335,14.58
121336,9.135
121337,12.005
121338,14.45
121339,16.195
121340,7.01
121341,15.45
121342,15.895
121343,10.705
121344,7.445
121345,12.645
121346,13.66
121347,6.5
121348,11.84
121349,17.56
121350,13.345
121351,10.94
121352,9.095
121353,6.77
121354,3.885
121355,7.965
121356,9.14
121357,10.11
121358,6.715
121359,10.605
121360,6.76
121361,11.05
121362,9.74
121363,6.7
121364,11.84
121365,6.5
121366,10.21
121367,10.45
121368,7.805
121369,8.6
121370,11.435
121371,9.15
121372,10.185
121373,7.12
121374,17.6
121375,7.945
121376,11.36
121377,8.065
121378,8.245
121379,10.07
121380,14.975
121381,6.26
121382,11.775
121383,11.135
121384,11.99
121385,16.085
121386,12.41
121387,14.675
121388,13.025
121389,6.76
121390,11.275
121391,10.48
121392,14.595
121393,11.595
121394,9.81
121395,8.965
121396,9.025
121397,8.805
121398,11.56
121399,9.24
121400,6.905
121401,9.345
121402,8.115
121403,12.345
121404,9.67
121405,4.935
121406,7.955
121407,8.795
121408,12.935
121409,9.275
121410,9.51
121411,10.07
121412,3.585
121413,9.42
121414,8.075
121415,6.635
121416,9.43
121417,12.46
121418,10.405
121419,9.93
121420,15.26
121421,10.52
121422,8.965
121423,11.73
121424,5.815
121425,10.455
121426,6.57
121427,10.145
121428,19.305
121429,8.595
121430,11.15
121431,12.69
121432,11.695
121433,7.525
121434,7.91
121435,12.63
121436,10.74
121437,10.665
121438,10.665
121439,8.02
121440,16.505
121441,13.67
121442,10.67
121443,9.015
121444,7.025
121445,10.775
121446,7.965
121447,11.215
121448,5.455
121449,9.655
121450,8.175
121451,15.35
121452,13.24
121453,9.885
121454,7.195
121455,10.34
121456,10.61
121457,9.585
121458,6.145
121459,6.87
121460,15.56
121461,6.81
121462,10.71
121463,8.915
121464,3.845
121465,11.57
121466,11.75
121467,10.965
121468,9.66
121469,7.885
121470,13.785
121471,6.92
121472,8.305
121473,7.025
121474,7.635
121475,11.33
121476,10.75
121477,9.01
121478,9.84
121479,9.1
121480,10.39
121481,10.07
121482,8.255
121483,12.065
121484,14.58
121485,6.07
121486,7.225
121487,9.55
121488,16.045
121489,12.47
121490,7.24
121491,11.175
121492,12.23
121493,11.67
121494,12.48
121495,4.885
121496,13.715
121497,10.8
121498,14.525
121499,7.925
121500,6.465
121501,6.915
121502,11.455
121503,13.035
121504,4.515
121505,11.935
121506,10.975
121507,11.06
121508,10.045
121509,9.125
121510,9.52
121511,9.41
121512,8.025
121513,8.78
121514,4.885
121515,11.655
121516,10.91
121517,12.625
121518,11.5
121519,7.07
121520,9.5
121521,13.13
121522,7.925
121523,14.855
121524,11.925
121525,12.05
121526,11.945
121527,11.19
121528,12.645
121529,9.235
121530,18.15
121531,6.675
121532,10.475
121533,7.15
121534,11.405
121535,11.11
121536,10.075
121537,8.48
121538,7.69
121539,10.275
121540,20.105
121541,13.765
121542,10.24
121543,11.1
121544,11.89
121545,10.205
121546,6.415
121547,9.44
121548,7.9
121549,9.275
121550,15.24
121551,8.505
121552,16.52
121553,12.385
121554,13.225
121555,5.385
121556,6.68
121557,8.42
121558,6.6
121559,8.82
121560,8.06
121561,10.995
121562,9.345
121563,11.385
121564,9.105
121565,12.365
121566,12.265
121567,11.72
121568,7.485
121569,4.78
121570,4.975
121571,7.885
121572,7.595
121573,11.655
121574,9.765
121575,6.83
121576,10.615
121577,9.79
121578,11.29
121579,7.195
121580,9.835
121581,9.465
121582,11.77
121583,9.265
121584,8.115
121585,13.59
121586,11.245
121587,6.42
121588,12.01
121589,9.025
121590,18.055
121591,5.085
121592,9.025
121593,10.2
121594,12.295
121595,10.15
121596,7.245
121597,14.445
121598,8.565
121599,8.025
121600,14.785
121601,10.5
121602,14.835
121603,10.465
121604,9.475
121605,9.3
121606,12.25
121607,11.905
121608,13.705
121609,9.24
121610,14.43
121611,5.18
121612,10.11
121613,12.71
121614,8.195
121615,4.93
121616,11.035
121617,10.15
121618,6.81
121619,14.33
121620,11.55
121621,17.79
121622,11.67
121623,8.08
121624,7.63
121625,7.41
121626,9.48
121627,16.16
121628,8.74
121629,10.485
121630,9.455
121631,4.94
121632,9.445
121633,9.865
121634,10.415
121635,8.975
121636,11.675
121637,8.85
121638,13.72
121639,13.835
121640,8.025
121641,5.495
121642,9.7
121643,9.905
121644,10.94
121645,11.51
121646,9.255
121647,7.935
121648,11.05
121649,10.49
121650,12.465
121651,11.35
121652,11.98
121653,6.115
121654,7.27
121655,6.945
121656,7.445
121657,9.11
121658,4.84
121659,7.965
121660,4.93
121661,10.555
121662,15.74
121663,9.375
121664,12.26
121665,5.19
121666,12.475
121667,13.595
121668,10.8
121669,10.26
121670,7.725
121671,12.09
121672,11.695
121673,6.11
121674,15.775
121675,10.255
121676,10.85
121677,9.815
121678,6.5
121679,8.185
121680,17.31
121681,8.605
121682,6.2
121683,15.375
121684,16.84
121685,11.655
121686,8.945
121687,11.9
121688,11.49
121689,7.89
121690,11.68
121691,13.85
121692,10.165
121693,8.14
121694,10.645
121695,8.805
121696,11.055
121697,7.3
121698,9.645
121699,9.335
121700,5.105
121701,14.5
121702,11.03
121703,6.68
121704,8.35
121705,9.39
121706,5.655
121707,12.59
121708,15.135
121709,11.165
121710,5.93
121711,8.885
121712,13.76
121713,10.265
121714,10.605
121715,7.315
121716,10.7
121717,14.815
121718,5.375
121719,7.1
121720,7.075
121721,13.395
121722,8.365
121723,12.095
121724,5.26
121725,9.53
121726,9.375
121727,9.53
121728,9.72
121729,12.66
121730,9.065
121731,10.31
121732,9.465
121733,9.035
121734,11.175
121735,6.315
121736,13.27
121737,6.995
121738,7.02
121739,11.91
121740,14.705
121741,7.94
121742,6.98
121743,7.505
121744,15.045
121745,9.465
121746,11.095
121747,7.62
121748,11.81
121749,7.1
121750,13.86
121751,9.1
121752,10.605
121753,6.455
121754,9.585
121755,12.61
121756,12.045
121757,9.35
121758,11.28
121759,10.925
121760,10.105
121761,9.42
121762,11.055
121763,9.6
121764,8.97
121765,10.195
121766,20.16
121767,6.72
121768,7.335
121769,9.975
121770,13.975
121771,11.91
121772,10.22
121773,12.51
121774,7.175
121775,11.545
121776,9.975
121777,9.195
121778,9.995
121779,8.615
121780,13.675
121781,14.735
121782,8.01
121783,15.16
121784,11.18
121785,10.415
121786,4.6
121787,8.81
121788,12.675
121789,9.035
121790,8.49
121791,10.685
121792,7.965
121793,8.015
121794,8.93
121795,3.735
121796,9.545
121797,7.71
121798,11.91
121799,11.71
121800,9.955
121801,11.49
121802,15.085
121803,11.83
121804,9.405
121805,6.97
121806,10.93
121807,12.075
121808,7.9
121809,7.71
121810,9.485
121811,7.715
121812,6.71
121813,9.49
121814,12.79
121815,13.62
121816,8.81
121817,12.255
121818,5.76
121819,7.63
121820,11.72
121821,15.485
121822,9.59
121823,6.615
121824,9.365
121825,19.275
121826,5.635
121827,7.985
121828,15.32
121829,11.34
121830,14.92
121831,10.185
121832,10.98
121833,8.07
121834,10.475
121835,7.645
121836,16.305
121837,9.295
121838,7.25
121839,10.495
121840,14.59
121841,13.285
121842,10.665
121843,17.02
121844,7.31
121845,3.83
121846,10.85
121847,8.56
121848,8.32
121849,14.1
121850,9.27
121851,10.72
121852,6.565
121853,13.85
121854,11.665
121855,9.78
121856,9.625
121857,14.425
121858,14.275
121859,15.09
121860,8.055
121861,10.035
121862,12.435
121863,10.47
121864,9.95
121865,11.2
121866,7.165
121867,11.67
121868,11.77
121869,11.86
121870,17.43
121871,10.36
121872,9.885
121873,7.435
121874,4.255
121875,14.95
121876,11.16
121877,9.175
121878,9.75
121879,4.225
121880,10.57
121881,11.745
121882,12.18
121883,7.98
121884,6.845
121885,10.57
121886,8.965
121887,7.225
121888,10.6
121889,10.575
121890,7.81
121891,7.855
121892,8.67
121893,11.12
121894,10.675
121895,13.615
121896,14.155
121897,9.935
121898,7.995
121899,3.695
121900,14.465
121901,9.77
121902,5.325
121903,12.32
121904,7.71
121905,10.62
121906,11.545
121907,9.82
121908,8.3
121909,11.12
121910,6.16
121911,8.735
121912,9.005
121913,16.515
121914,7.565
121915,9.27
121916,11.805
121917,15.65
121918,10.37
121919,10.575
121920,6.11
121921,12.695
121922,14.55
121923,9.225
121924,11.38
121925,7.295
121926,11.515
121927,4.58
121928,8.655
121929,3.735
121930,7.885
121931,19.585
121932,12.215
121933,13.445
121934,9.895
121935,10.44
121936,13.345
121937,11.235
121938,9.005
121939,8.525
121940,9.695
121941,9.96
121942,17.655
121943,10.765
121944,9.655
121945,7.705
121946,11.52
121947,6.705
121948,14.485
121949,9.865
121950,10.715
121951,10.325
121952,10.3
121953,10.705
121954,9.94
121955,9.365
121956,9.195
121957,10.475
121958,6.615
121959,9.46
121960,11.385
121961,11.49
121962,11.21
121963,9.03
121964,10.96
121965,8.07
121966,7.15
121967,13.8
121968,11.035
121969,11.03
121970,11.825
121971,9.33
121972,7.415
121973,9.26
121974,11.165
121975,6.235
121976,10.65
121977,14.165
121978,11.03
121979,9.755
121980,11.865
121981,11.865
121982,7.525
121983,13.315
121984,11.56
121985,13.015
121986,10.765
121987,13.12
121988,7.965
121989,9.1
121990,12.935
121991,5.11
121992,6.48
121993,13.355
121994,6.395
121995,8.58
121996,10.495
121997,12.0
121998,10.85
121999,9.79
122000,7.65
122001,15.655
122002,10.99
122003,10.72
122004,8.51
122005,9.195
122006,7.265
122007,7.26
122008,4.865
122009,10.855
122010,10.6
122011,12.635
122012,17.61
122013,7.175
122014,10.165
122015,10.77
122016,11.08
122017,9.59
122018,9.075
122019,6.045
122020,10.485
122021,7.16
122022,7.04
122023,10.74
122024,9.38
122025,10.525
122026,9.7
122027,10.015
122028,12.565
122029,11.16
122030,9.355
122031,10.51
122032,11.6
122033,16.17
122034,10.4
122035,14.345
122036,10.05
122037,9.69
122038,11.31
122039,12.265
122040,10.555
122041,9.655
122042,7.15
122043,9.09
122044,10.055
122045,12.34
122046,16.03
122047,10.14
122048,12.555
122049,9.715
122050,11.675
122051,9.84
122052,8.92
122053,4.855
122054,12.465
122055,5.975
122056,10.49
122057,11.165
122058,11.83
122059,13.06
122060,13.615
122061,17.08
122062,14.355
122063,10.63
122064,8.97
122065,10.575
122066,10.715
122067,11.945
122068,14.08
122069,11.775
122070,11.705
122071,12.91
122072,6.905
122073,10.34
122074,4.79
122075,9.81
122076,8.86
122077,10.79
122078,10.055
122079,8.375
122080,11.09
122081,9.195
122082,10.985
122083,7.13
122084,10.99
122085,9.65
122086,13.505
122087,7.525
122088,8.8
122089,8.98
122090,7.265
122091,10.145
122092,13.255
122093,10.16
122094,11.435
122095,8.585
122096,9.975
122097,11.215
122098,10.345
122099,8.975
122100,15.97
122101,10.545
122102,9.61
122103,9.095
122104,10.61
122105,10.66
122106,6.805
122107,10.81
122108,10.06
122109,14.78
122110,9.02
122111,13.69
122112,10.545
122113,19.79
122114,9.78
122115,10.92
122116,11.0
122117,9.215
122118,10.3
122119,14.145
122120,11.865
122121,12.11
122122,12.155
122123,9.125
122124,8.7
122125,10.24
122126,11.755
122127,11.565
122128,9.415
122129,4.8
122130,8.53
122131,9.5
122132,8.24
122133,11.995
122134,8.045
122135,10.89
122136,5.135
122137,6.865
122138,7.905
122139,7.195
122140,11.31
122141,10.325
122142,8.17
122143,13.075
122144,11.445
122145,5.815
122146,12.0
122147,7.655
122148,8.955
122149,8.245
122150,8.895
122151,10.915
122152,10.225
122153,8.805
122154,9.16
122155,8.935
122156,8.98
122157,7.585
122158,10.9
122159,15.29
122160,10.155
122161,10.44
122162,11.555
122163,12.66
122164,7.4
122165,9.165
122166,9.44
122167,18.25
122168,10.2
122169,12.69
122170,17.335
122171,8.51
122172,10.435
122173,10.35
122174,9.645
122175,11.405
122176,15.0
122177,8.34
122178,11.16
122179,9.675
122180,9.77
122181,10.35
122182,10.255
122183,6.805
122184,7.875
122185,12.85
122186,11.52
122187,11.625
122188,9.37
122189,4.335
122190,10.985
122191,10.11
122192,12.395
122193,8.825
122194,6.42
122195,10.205
122196,10.83
122197,11.155
122198,9.92
122199,8.46
122200,8.685
122201,9.755
122202,10.135
122203,11.825
122204,14.6
122205,13.615
122206,11.405
122207,11.745
122208,7.11
122209,10.34
122210,8.63
122211,9.945
122212,11.65
122213,11.31
122214,9.03
122215,9.68
122216,5.035
122217,10.865
122218,11.145
122219,12.94
122220,11.075
122221,10.03
122222,10.645
122223,13.075
122224,12.565
122225,8.665
122226,14.395
122227,6.795
122228,4.03
122229,8.215
122230,10.9
122231,4.04
122232,8.18
122233,8.87
122234,8.15
122235,8.74
122236,8.99
122237,10.155
122238,9.715
122239,11.8
122240,12.23
122241,7.48
122242,9.645
122243,10.38
122244,12.36
122245,15.505
122246,10.635
122247,11.025
122248,8.13
122249,7.03
122250,14.085
122251,10.585
122252,10.605
122253,9.64
122254,5.415
122255,9.71
122256,5.765
122257,10.985
122258,11.73
122259,12.985
122260,14.645
122261,8.97
122262,12.14
122263,10.75
122264,12.285
122265,10.015
122266,10.78
122267,9.13
122268,8.505
122269,8.485
122270,5.845
122271,3.995
122272,10.505
122273,10.735
122274,10.45
122275,9.37
122276,4.5
122277,15.565
122278,9.465
122279,5.85
122280,12.365
122281,9.87
122282,8.41
122283,12.42
122284,11.545
122285,11.09
122286,4.885
122287,12.255
122288,10.625
122289,5.56
122290,15.105
122291,11.11
122292,11.415
122293,7.555
122294,7.04
122295,9.345
122296,12.82
122297,10.06
122298,12.925
122299,7.165
122300,8.01
122301,8.945
122302,6.49
122303,10.765
122304,6.875
122305,14.65
122306,9.26
122307,12.715
122308,12.025
122309,9.255
122310,7.26
122311,10.905
122312,9.45
122313,9.575
122314,7.915
122315,11.005
122316,9.12
122317,18.59
122318,9.745
122319,14.185
122320,9.795
122321,12.58
122322,10.04
122323,11.98
122324,6.7
122325,10.64
122326,7.745
122327,10.26
122328,10.425
122329,9.05
122330,12.675
122331,10.43
122332,10.62
122333,6.915
122334,12.475
122335,9.855
122336,6.8
122337,9.465
122338,12.03
122339,11.17
122340,11.725
122341,10.69
122342,10.73
122343,11.605
122344,8.24
122345,15.84
122346,12.905
122347,10.28
122348,5.845
122349,6.975
122350,7.285
122351,9.505
122352,9.545
122353,10.03
122354,10.97
122355,13.19
122356,10.555
122357,12.32
122358,5.875
122359,7.85
122360,11.025
122361,7.255
122362,10.615
122363,6.41
122364,13.785
122365,11.155
122366,13.5
122367,15.625
122368,6.075
122369,5.715
122370,8.7
122371,9.66
122372,10.24
122373,4.36
122374,13.56
122375,11.045
122376,7.275
122377,12.835
122378,9.97
122379,11.44
122380,12.8
122381,11.37
122382,12.625
122383,9.575
122384,10.915
122385,9.8
122386,6.805
122387,10.135
122388,10.27
122389,10.595
122390,11.535
122391,15.085
122392,9.515
122393,9.355
122394,9.65
122395,9.945
122396,10.625
122397,10.275
122398,13.31
122399,10.105
122400,8.85
122401,11.33
122402,9.91
122403,11.695
122404,9.52
122405,12.04
122406,8.205
122407,10.32
122408,14.38
122409,9.675
122410,11.535
122411,14.995
122412,10.77
122413,9.54
122414,7.44
122415,9.26
122416,11.635
122417,10.795
122418,8.82
122419,6.5
122420,8.165
122421,7.51
122422,8.845
122423,10.875
122424,8.95
122425,6.335
122426,13.915
122427,8.15
122428,9.615
122429,15.535
122430,12.905
122431,6.63
122432,10.5
122433,15.175
122434,8.835
122435,6.925
122436,7.27
122437,12.31
122438,8.82
122439,5.155
122440,10.575
122441,9.235
122442,12.585
122443,13.095
122444,11.025
122445,5.24
122446,9.785
122447,9.74
122448,6.76
122449,13.165
122450,15.64
122451,11.88
122452,6.73
122453,16.15
122454,6.605
122455,8.72
122456,12.675
122457,16.765
122458,5.975
122459,10.02
122460,10.045
122461,11.48
122462,13.03
122463,11.27
122464,9.29
122465,9.11
122466,10.715
122467,9.88
122468,10.915
122469,15.645
122470,9.08
122471,7.83
122472,8.325
122473,10.865
122474,13.09
122475,7.29
122476,8.33
122477,12.7
122478,7.115
122479,13.345
122480,12.91
122481,8.075
122482,10.95
122483,14.065
122484,13.75
122485,8.145
122486,10.55
122487,11.985
122488,9.46
122489,5.545
122490,16.875
122491,10.295
122492,11.985
122493,9.635
122494,10.855
122495,11.605
122496,11.425
122497,12.665
122498,9.395
122499,3.865
122500,7.765
122501,10.415
122502,10.37
122503,13.575
122504,11.8
122505,10.65
122506,11.82
122507,6.03
122508,3.96
122509,9.825
122510,6.91
122511,6.95
122512,15.88
122513,10.26
122514,12.115
122515,6.965
122516,10.375
122517,16.245
122518,11.44
122519,8.175
122520,5.815
122521,6.655
122522,12.72
122523,11.42
122524,9.295
122525,9.575
122526,5.755
122527,7.4
122528,12.425
122529,12.865
122530,11.285
122531,9.44
122532,9.805
122533,10.97
122534,10.235
122535,8.15
122536,8.86
122537,7.96
122538,9.385
122539,11.12
122540,9.7
122541,9.62
122542,15.19
122543,12.76
122544,12.28
122545,10.455
122546,9.075
122547,8.065
122548,10.55
122549,9.085
122550,10.34
122551,6.995
122552,6.59
122553,10.27
122554,9.53
122555,12.425
122556,9.065
122557,8.1
122558,7.99
122559,8.915
122560,11.48
122561,11.325
122562,22.46
122563,5.49
122564,8.92
122565,9.985
122566,9.74
122567,10.24
122568,9.94
122569,8.02
122570,8.72
122571,8.19
122572,12.16
122573,11.095
122574,14.52
122575,10.885
122576,5.745
122577,10.385
122578,14.21
122579,6.89
122580,10.01
122581,13.57
122582,10.065
122583,13.425
122584,8.395
122585,15.01
122586,10.565
122587,12.665
122588,9.915
122589,6.68
122590,9.84
122591,12.22
122592,6.89
122593,12.435
122594,8.98
122595,6.59
122596,8.24
122597,16.55
122598,14.42
122599,9.205
122600,10.77
122601,8.155
122602,9.02
122603,14.43
122604,10.94
122605,11.44
122606,14.855
122607,11.675
122608,8.455
122609,9.845
122610,9.92
122611,11.895
122612,9.695
122613,10.25
122614,12.55
122615,11.265
122616,10.325
122617,10.385
122618,11.3
122619,11.305
122620,13.64
122621,13.8
122622,12.91
122623,5.395
122624,12.995
122625,9.35
122626,9.535
122627,12.405
122628,5.205
122629,8.03
122630,10.38
122631,9.83
122632,13.435
122633,10.945
122634,11.12
122635,10.225
122636,8.515
122637,9.245
122638,15.36
122639,10.12
122640,9.21
122641,6.705
122642,10.405
122643,9.58
122644,9.69
122645,10.02
122646,7.72
122647,12.24
122648,10.015
122649,8.15
122650,21.905
122651,15.795
122652,6.04
122653,11.915
122654,8.485
122655,11.175
122656,7.81
122657,4.04
122658,10.285
122659,6.74
122660,9.635
122661,6.245
122662,11.385
122663,13.21
122664,15.355
122665,12.53
122666,12.07
122667,9.38
122668,9.64
122669,9.515
122670,7.485
122671,10.665
122672,5.81
122673,8.29
122674,7.975
122675,8.85
122676,8.85
122677,17.29
122678,9.56
122679,12.965
122680,12.83
122681,13.985
122682,8.43
122683,12.095
122684,11.065
122685,12.62
122686,6.58
122687,9.995
122688,7.855
122689,6.09
122690,11.175
122691,11.92
122692,12.665
122693,10.66
122694,10.495
122695,9.5
122696,10.71
122697,16.895
122698,9.06
122699,13.88
122700,9.44
122701,7.795
122702,10.535
122703,10.695
122704,9.81
122705,15.035
122706,6.79
122707,9.215
122708,9.425
122709,9.395
122710,8.545
122711,7.965
122712,9.53
122713,8.535
122714,10.02
122715,13.31
122716,14.65
122717,14.185
122718,4.33
122719,9.63
122720,10.165
122721,6.975
122722,10.665
122723,11.735
122724,11.965
122725,8.75
122726,11.86
122727,9.355
122728,13.835
122729,7.93
122730,7.795
122731,8.815
122732,13.085
122733,13.895
122734,10.945
122735,10.985
122736,14.15
122737,8.685
122738,10.655
122739,10.17
122740,12.07
122741,9.3
122742,15.04
122743,10.365
122744,5.095
122745,16.95
122746,7.505
122747,4.57
122748,7.495
122749,10.93
122750,13.88
122751,10.37
122752,7.57
122753,11.27
122754,12.87
122755,9.15
122756,13.73
122757,13.305
122758,12.785
122759,4.81
122760,16.85
122761,11.1
122762,8.89
122763,12.93
122764,8.55
122765,8.6
122766,17.01
122767,9.485
122768,6.485
122769,9.53
122770,11.495
122771,14.045
122772,14.985
122773,9.415
122774,7.09
122775,10.305
122776,5.165
122777,15.4
122778,8.3
122779,6.375
122780,11.555
122781,13.645
122782,10.57
122783,6.905
122784,11.49
122785,10.135
122786,8.08
122787,16.175
122788,10.875
122789,9.325
122790,6.0
122791,11.5
122792,15.81
122793,9.32
122794,13.755
122795,7.305
122796,8.305
122797,16.15
122798,5.375
122799,9.11
122800,6.36
122801,11.12
122802,7.89
122803,10.345
122804,5.135
122805,11.01
122806,13.645
122807,8.955
122808,8.675
122809,12.07
122810,8.845
122811,11.13
122812,9.17
122813,8.17
122814,10.015
122815,19.78
122816,7.63
122817,10.14
122818,17.365
122819,11.85
122820,9.135
122821,8.71
122822,12.505
122823,11.1
122824,6.77
122825,10.095
122826,14.345
122827,11.76
122828,8.03
122829,13.565
122830,7.165
122831,6.395
122832,9.53
122833,10.78
122834,10.765
122835,8.64
122836,6.245
122837,8.58
122838,8.45
122839,8.625
122840,7.15
122841,7.755
122842,10.33
122843,10.52
122844,10.015
122845,9.92
122846,17.93
122847,8.715
122848,10.875
122849,5.875
122850,6.48
122851,12.58
122852,11.43
122853,8.645
122854,8.6
122855,7.055
122856,5.985
122857,10.3
122858,7.845
122859,12.895
122860,10.82
122861,8.63
122862,10.785
122863,11.465
122864,8.65
122865,9.44
122866,8.34
122867,10.275
122868,7.18
122869,9.68
122870,11.945
122871,11.32
122872,6.72
122873,10.595
122874,6.82
122875,9.14
122876,13.175
122877,9.52
122878,14.185
122879,8.865
122880,13.005
122881,9.505
122882,7.645
122883,6.585
122884,11.245
122885,11.265
122886,12.385
122887,11.125
122888,4.505
122889,15.4
122890,11.33
122891,4.42
122892,9.915
122893,7.63
122894,5.545
122895,7.795
122896,8.46
122897,11.36
122898,11.695
122899,8.925
122900,9.71
122901,11.225
122902,14.525
122903,8.945
122904,12.2
122905,10.515
122906,10.65
122907,11.665
122908,13.32
122909,6.52
122910,6.985
122911,8.365
122912,10.305
122913,12.46
122914,3.97
122915,11.525
122916,5.51
122917,11.18
122918,11.065
122919,11.16
122920,5.3
122921,3.665
122922,8.295
122923,12.345
122924,9.69
122925,10.935
122926,7.78
122927,13.125
122928,9.66
122929,9.375
122930,13.535
122931,8.015
122932,4.79
122933,11.725
122934,4.9
122935,5.075
122936,7.32
122937,11.465
122938,13.35
122939,10.12
122940,11.375
122941,10.45
122942,9.225
122943,11.56
122944,17.115
122945,9.69
122946,11.62
122947,5.76
122948,10.65
122949,7.3
122950,10.955
122951,11.26
122952,5.2
122953,6.11
122954,8.755
122955,9.025
122956,11.165
122957,3.73
122958,9.805
122959,10.86
122960,10.015
122961,10.775
122962,10.54
122963,7.5
122964,7.935
122965,13.505
122966,12.07
122967,7.94
122968,12.265
122969,11.505
122970,4.85
122971,6.2
122972,10.405
122973,9.04
122974,9.59
122975,12.4
122976,14.555
122977,8.73
122978,6.895
122979,9.54
122980,6.16
122981,9.955
122982,10.675
122983,11.145
122984,6.725
122985,9.3
122986,10.45
122987,15.335
122988,19.1
122989,8.435
122990,7.03
122991,8.99
122992,6.685
122993,10.445
122994,11.06
122995,13.67
122996,14.41
122997,14.67
122998,15.295
122999,11.36
123000,5.53
123001,12.675
123002,6.51
123003,9.05
123004,6.255
123005,6.285
123006,9.555
123007,9.955
123008,11.755
123009,11.815
123010,13.185
123011,6.385
123012,12.41
123013,7.96
123014,5.73
123015,20.525
123016,10.13
123017,13.92
123018,8.905
123019,9.1
123020,11.085
123021,11.27
123022,14.83
123023,5.225
123024,9.82
123025,9.605
123026,12.905
123027,9.53
123028,4.735
123029,10.57
123030,13.49
123031,10.3
123032,9.66
123033,7.765
123034,9.075
123035,14.04
123036,9.285
123037,10.76
123038,6.675
123039,12.33
123040,9.66
123041,5.16
123042,13.415
123043,7.585
123044,6.735
123045,5.37
123046,6.825
123047,14.25
123048,17.94
123049,16.33
123050,11.57
123051,6.175
123052,7.685
123053,6.84
123054,8.4
123055,10.38
123056,10.06
123057,6.21
123058,16.53
123059,4.28
123060,9.765
123061,10.225
123062,9.43
123063,12.075
123064,11.675
123065,9.525
123066,7.77
123067,9.445
123068,4.885
123069,7.855
123070,10.105
123071,11.015
123072,8.525
123073,9.045
123074,10.015
123075,8.0
123076,10.455
123077,7.355
123078,8.925
123079,12.645
123080,13.065
123081,9.48
123082,6.72
123083,11.115
123084,10.545
123085,12.87
123086,10.57
123087,7.605
123088,10.145
123089,10.64
123090,10.515
123091,20.285
123092,11.55
123093,10.41
123094,10.72
123095,6.965
123096,9.925
123097,8.595
123098,8.01
123099,9.085
123100,8.455
123101,10.36
123102,8.15
123103,8.175
123104,7.35
123105,9.28
123106,11.135
123107,18.75
123108,16.885
123109,10.03
123110,12.935
123111,11.24
123112,12.36
123113,9.345
123114,9.705
123115,8.62
123116,9.25
123117,9.855
123118,11.65
123119,11.81
123120,19.145
123121,11.86
123122,8.055
123123,10.28
123124,14.265
123125,6.365
123126,11.285
123127,15.95
123128,6.75
123129,13.205
123130,12.49
123131,11.1
123132,6.95
123133,8.145
123134,11.97
123135,7.95
123136,10.07
123137,9.595
123138,12.445
123139,9.885
123140,14.025
123141,8.475
123142,11.035
123143,6.64
123144,4.52
123145,7.76
123146,12.38
123147,9.785
123148,18.305
123149,8.98
123150,11.425
123151,11.645
123152,6.335
123153,9.2
123154,10.23
123155,10.08
123156,8.45
123157,10.625
123158,10.275
123159,6.145
123160,4.96
123161,9.285
123162,11.975
123163,7.485
123164,5.535
123165,8.25
123166,7.905
123167,12.335
123168,10.5
123169,9.095
123170,10.745
123171,9.845
123172,8.195
123173,10.07
123174,8.985
123175,12.81
123176,16.695
123177,6.88
123178,7.89
123179,9.845
123180,15.795
123181,11.595
123182,8.22
123183,11.005
123184,12.765
123185,10.09
123186,11.345
123187,8.39
123188,14.875
123189,9.595
123190,7.425
123191,13.935
123192,9.455
123193,10.065
123194,13.24
123195,11.795
123196,11.805
123197,10.885
123198,9.425
123199,10.31
123200,10.99
123201,11.505
123202,9.77
123203,11.41
123204,10.155
123205,8.545
123206,10.96
123207,10.765
123208,12.89
123209,11.385
123210,9.33
123211,15.265
123212,12.15
123213,9.65
123214,10.64
123215,9.405
123216,11.635
123217,11.06
123218,9.215
123219,6.065
123220,13.83
123221,7.73
123222,13.155
123223,9.705
123224,10.5
123225,10.505
123226,6.77
123227,9.69
123228,10.125
123229,6.415
123230,11.175
123231,12.61
123232,10.765
123233,11.06
123234,9.21
123235,6.8
123236,7.85
123237,7.825
123238,9.915
123239,9.24
123240,12.17
123241,8.765
123242,11.215
123243,9.185
123244,9.255
123245,15.4
123246,13.14
123247,15.285
123248,12.285
123249,12.24
123250,12.825
123251,9.2
123252,4.415
123253,7.945
123254,9.015
123255,16.375
123256,7.845
123257,15.205
123258,12.685
123259,13.58
123260,14.475
123261,15.35
123262,10.35
123263,9.765
123264,16.705
123265,15.975
123266,8.96
123267,7.61
123268,10.575
123269,13.005
123270,10.535
123271,13.99
123272,10.23
123273,14.395
123274,8.305
123275,9.62
123276,10.755
123277,10.575
123278,8.075
123279,8.285
123280,9.675
123281,13.645
123282,3.98
123283,7.89
123284,13.945
123285,6.91
123286,11.94
123287,8.56
123288,8.235
123289,8.195
123290,10.33
123291,11.71
123292,15.185
123293,13.26
123294,9.33
123295,14.17
123296,6.7
123297,10.605
123298,8.445
123299,12.235
123300,6.51
123301,8.215
123302,9.45
123303,8.175
123304,11.74
123305,7.26
123306,4.755
123307,7.02
123308,10.795
123309,9.895
123310,13.76
123311,6.945
123312,8.015
123313,11.13
123314,9.33
123315,9.755
123316,8.71
123317,8.775
123318,9.585
123319,8.08
123320,10.92
123321,9.705
123322,8.14
123323,7.905
123324,7.12
123325,9.82
123326,9.38
123327,13.08
123328,11.24
123329,11.89
123330,10.405
123331,5.2
123332,9.12
123333,11.35
123334,12.875
123335,6.69
123336,10.715
123337,8.68
123338,16.96
123339,9.07
123340,8.115
123341,10.71
123342,9.385
123343,7.765
123344,10.38
123345,14.56
123346,10.385
123347,8.11
123348,7.195
123349,10.6
123350,8.005
123351,12.16
123352,10.315
123353,9.625
123354,5.66
123355,12.055
123356,8.335
123357,7.885
123358,10.69
123359,7.95
123360,11.165
123361,11.42
123362,10.295
123363,10.525
123364,14.245
123365,8.105
123366,6.875
123367,12.925
123368,9.66
123369,12.66
123370,3.69
123371,11.535
123372,9.16
123373,8.58
123374,10.49
123375,10.905
123376,12.17
123377,11.175
123378,10.995
123379,8.095
123380,9.42
123381,9.245
123382,11.295
123383,10.855
123384,7.945
123385,11.935
123386,9.5
123387,6.995
123388,9.27
123389,4.73
123390,8.705
123391,3.88
123392,11.035
123393,6.895
123394,10.58
123395,7.745
123396,11.96
123397,15.095
123398,9.19
123399,10.0
123400,10.49
123401,11.73
123402,9.22
123403,10.175
123404,11.86
123405,13.47
123406,10.67
123407,10.13
123408,12.42
123409,10.425
123410,17.265
123411,5.9
123412,10.3
123413,11.355
123414,7.01
123415,12.885
123416,7.055
123417,13.315
123418,8.445
123419,9.4
123420,6.7
123421,5.175
123422,12.505
123423,10.56
123424,11.63
123425,9.05
123426,8.045
123427,10.645
123428,10.68
123429,6.765
123430,10.1
123431,6.825
123432,8.56
123433,12.24
123434,6.83
123435,10.835
123436,4.045
123437,11.465
123438,10.97
123439,6.435
123440,9.705
123441,7.79
123442,9.705
123443,13.17
123444,9.095
123445,9.135
123446,8.91
123447,6.3
123448,9.6
123449,15.32
123450,11.925
123451,8.305
123452,8.155
123453,8.255
123454,7.075
123455,13.6
123456,9.025
123457,10.8
123458,10.775
123459,9.355
123460,5.595
123461,7.815
123462,5.45
123463,10.05
123464,15.235
123465,9.2
123466,9.335
123467,8.44
123468,9.295
123469,12.36
123470,10.955
123471,3.91
123472,6.265
123473,11.5
123474,3.805
123475,5.725
123476,11.9
123477,9.64
123478,9.88
123479,10.72
123480,9.045
123481,10.535
123482,6.665
123483,8.29
123484,11.27
123485,6.385
123486,10.49
123487,12.365
123488,10.75
123489,10.465
123490,8.795
123491,11.19
123492,8.375
123493,10.51
123494,7.485
123495,14.885
123496,15.73
123497,11.735
123498,10.85
123499,12.13
123500,7.4
123501,11.075
123502,11.825
123503,10.545
123504,9.585
123505,12.61
123506,12.135
123507,15.615
123508,14.48
123509,9.08
123510,7.005
123511,11.93
123512,9.59
123513,13.11
123514,10.71
123515,5.415
123516,12.54
123517,9.745
123518,17.96
123519,7.515
123520,10.01
123521,4.845
123522,11.08
123523,10.3
123524,12.29
123525,20.515
123526,9.52
123527,7.555
123528,15.955
123529,16.145
123530,11.605
123531,11.655
123532,10.94
123533,10.5
123534,10.17
123535,11.365
123536,13.47
123537,10.845
123538,9.57
123539,12.135
123540,12.92
123541,11.59
123542,8.97
123543,5.805
123544,7.54
123545,8.5
123546,7.365
123547,11.39
123548,10.325
123549,10.525
123550,6.595
123551,6.725
123552,7.725
123553,10.15
123554,11.02
123555,11.56
123556,11.085
123557,9.72
123558,7.56
123559,10.35
123560,9.81
123561,9.495
123562,8.71
123563,8.655
123564,11.285
123565,9.385
123566,9.52
123567,6.48
123568,9.875
123569,9.41
123570,10.925
123571,8.73
123572,12.43
123573,6.86
123574,7.3
123575,11.985
123576,9.2
123577,8.445
123578,11.41
123579,12.73
123580,14.315
123581,15.04
123582,10.72
123583,11.455
123584,3.94
123585,11.475
123586,9.84
123587,12.73
123588,11.775
123589,9.165
123590,13.11
123591,11.2
123592,10.33
123593,11.305
123594,14.425
123595,11.085
123596,14.465
123597,12.705
123598,5.88
123599,9.51
123600,9.2
123601,10.175
123602,4.475
123603,9.99
123604,10.775
123605,11.87
123606,12.805
123607,9.5
123608,10.685
123609,14.86
123610,9.73
123611,10.7
123612,4.95
123613,11.72
123614,7.13
123615,10.495
123616,13.58
123617,11.365
123618,6.03
123619,5.415
123620,11.56
123621,12.065
123622,15.505
123623,11.395
123624,11.2
123625,9.895
123626,12.635
123627,8.035
123628,9.46
123629,10.525
123630,6.655
123631,10.245
123632,10.925
123633,13.65
123634,19.215
123635,5.33
123636,11.53
123637,13.84
123638,9.225
123639,7.975
123640,13.535
123641,12.605
123642,14.79
123643,8.05
123644,5.84
123645,15.345
123646,10.335
123647,15.465
123648,10.06
123649,4.445
123650,9.255
123651,10.185
123652,7.195
123653,8.555
123654,12.71
123655,14.14
123656,5.115
123657,6.865
123658,8.89
123659,10.28
123660,11.235
123661,9.11
123662,6.76
123663,9.47
123664,7.045
123665,10.435
123666,7.03
123667,8.28
123668,8.76
123669,20.405
123670,7.585
123671,5.79
123672,12.39
123673,13.985
123674,7.175
123675,10.95
123676,17.8
123677,10.935
123678,8.645
123679,10.405
123680,10.755
123681,8.655
123682,7.16
123683,8.425
123684,7.725
123685,10.615
123686,6.545
123687,6.25
123688,12.72
123689,9.885
123690,6.66
123691,4.715
123692,7.69
123693,8.26
123694,5.145
123695,11.945
123696,6.52
123697,10.955
123698,8.39
123699,17.955
123700,10.95
123701,9.285
123702,11.035
123703,9.305
123704,14.125
123705,17.14
123706,11.59
123707,9.495
123708,11.085
123709,12.315
123710,6.05
123711,8.465
123712,7.18
123713,9.275
123714,9.995
123715,12.93
123716,4.2
123717,6.46
123718,9.36
123719,12.275
123720,5.83
123721,11.575
123722,18.74
123723,9.875
123724,11.655
123725,6.82
123726,9.37
123727,8.79
123728,7.38
123729,12.93
123730,8.14
123731,9.035
123732,11.25
123733,10.155
123734,19.62
123735,6.345
123736,17.25
123737,14.095
123738,9.15
123739,10.475
123740,6.275
123741,16.05
123742,8.265
123743,13.385
123744,17.24
123745,10.785
123746,9.075
123747,13.19
123748,10.6
123749,11.0
123750,9.625
123751,6.38
123752,9.725
123753,13.95
123754,11.22
123755,8.4
123756,10.455
123757,14.855
123758,4.015
123759,11.5
123760,9.37
123761,9.75
123762,12.365
123763,8.97
123764,20.14
123765,10.25
123766,10.3
123767,12.82
123768,18.96
123769,16.305
123770,5.245
123771,9.665
123772,9.45
123773,8.58
123774,9.7
123775,10.44
123776,11.23
123777,3.825
123778,13.09
123779,11.975
123780,9.195
123781,10.75
123782,5.475
123783,5.615
123784,10.495
123785,13.25
123786,10.305
123787,9.405
123788,13.575
123789,6.885
123790,14.05
123791,9.38
123792,10.7
123793,13.78
123794,10.235
123795,9.395
123796,12.385
123797,12.3
123798,12.435
123799,11.445
123800,10.49
123801,10.675
123802,9.655
123803,10.86
123804,11.805
123805,6.69
123806,9.105
123807,7.83
123808,9.625
123809,9.7
123810,10.81
123811,10.45
123812,10.515
123813,9.575
123814,10.825
123815,4.21
123816,10.12
123817,14.165
123818,7.765
123819,8.53
123820,11.905
123821,11.645
123822,5.71
123823,8.245
123824,7.665
123825,12.22
123826,7.795
123827,8.03
123828,8.82
123829,12.48
123830,11.265
123831,11.395
123832,6.58
123833,4.225
123834,16.84
123835,8.705
123836,9.955
123837,6.485
123838,9.345
123839,14.5
123840,16.345
123841,10.34
123842,13.695
123843,6.14
123844,7.085
123845,7.585
123846,5.7
123847,6.64
123848,9.745
123849,10.515
123850,9.595
123851,14.165
123852,11.83
123853,13.855
123854,10.74
123855,9.525
123856,8.39
123857,14.47
123858,8.765
123859,10.945
123860,10.6
123861,13.945
123862,10.515
123863,10.835
123864,10.085
123865,7.045
123866,13.34
123867,10.665
123868,11.375
123869,10.715
123870,8.23
123871,10.66
123872,10.835
123873,9.745
123874,9.59
123875,11.61
123876,6.22
123877,10.485
123878,13.59
123879,9.37
123880,7.715
123881,12.205
123882,14.945
123883,9.28
123884,10.495
123885,7.375
123886,16.575
123887,12.33
123888,15.31
123889,14.425
123890,12.03
123891,7.945
123892,8.98
123893,12.28
123894,16.025
123895,9.275
123896,8.88
123897,4.535
123898,7.71
123899,7.64
123900,11.695
123901,10.415
123902,11.555
123903,9.355
123904,9.78
123905,5.0
123906,7.21
123907,10.765
123908,12.22
123909,6.385
123910,12.69
123911,11.97
123912,9.855
123913,8.225
123914,7.315
123915,6.33
123916,8.865
123917,10.595
123918,15.605
123919,9.49
123920,8.94
123921,8.57
123922,11.965
123923,9.755
123924,16.215
123925,9.775
123926,10.905
123927,16.535
123928,13.25
123929,4.53
123930,10.11
123931,11.55
123932,11.57
123933,8.565
123934,16.885
123935,12.685
123936,6.155
123937,3.69
123938,9.725
123939,5.765
123940,9.47
123941,11.675
123942,7.865
123943,6.995
123944,11.705
123945,11.515
123946,8.925
123947,12.335
123948,6.69
123949,12.25
123950,8.295
123951,12.07
123952,12.625
123953,12.475
123954,8.2
123955,12.3
123956,14.695
123957,12.105
123958,10.145
123959,9.26
123960,10.005
123961,11.205
123962,12.36
123963,11.235
123964,10.455
123965,3.65
123966,8.555
123967,9.41
123968,9.245
123969,9.225
123970,6.065
123971,11.645
123972,13.61
123973,9.515
123974,9.98
123975,12.99
123976,8.92
123977,7.39
123978,11.305
123979,10.925
123980,10.55
123981,11.015
123982,12.355
123983,11.37
123984,7.26
123985,10.22
123986,6.835
123987,9.725
123988,9.715
123989,9.895
123990,6.845
123991,3.84
123992,17.705
123993,14.83
123994,12.145
123995,7.27
123996,7.935
123997,7.515
123998,13.15
123999,11.05
124000,11.52
124001,9.72
124002,10.58
124003,5.71
124004,10.065
124005,9.935
124006,14.495
124007,14.25
124008,6.725
124009,9.405
124010,12.11
124011,10.62
124012,9.245
124013,9.62
124014,10.905
124015,12.865
124016,7.705
124017,11.94
124018,7.81
124019,11.065
124020,13.575
124021,17.91
124022,10.46
124023,9.62
124024,10.15
124025,8.17
124026,10.52
124027,11.14
124028,8.1
124029,11.8
124030,10.23
124031,8.765
124032,8.92
124033,11.665
124034,14.605
124035,12.01
124036,7.46
124037,8.545
124038,11.275
124039,8.845
124040,10.915
124041,12.285
124042,11.79
124043,6.775
124044,14.31
124045,8.945
124046,4.655
124047,7.01
124048,11.145
124049,11.13
124050,11.495
124051,9.585
124052,9.535
124053,10.095
124054,6.41
124055,3.89
124056,8.995
124057,11.75
124058,14.115
124059,11.41
124060,10.7
124061,8.43
124062,5.535
124063,9.435
124064,4.815
124065,11.72
124066,12.35
124067,9.365
124068,8.93
124069,10.385
124070,9.945
124071,11.17
124072,4.235
124073,7.235
124074,8.24
124075,15.3
124076,10.11
124077,6.865
124078,15.235
124079,8.61
124080,10.675
124081,11.025
124082,12.21
124083,10.95
124084,6.655
124085,5.59
124086,11.59
124087,4.945
124088,10.04
124089,10.56
124090,9.49
124091,9.575
124092,5.245
124093,5.73
124094,8.815
124095,10.16
124096,10.345
124097,10.495
124098,8.615
124099,12.23
124100,12.01
124101,7.59
124102,11.03
124103,7.835
124104,10.16
124105,9.165
124106,6.865
124107,7.76
124108,5.395
124109,4.575
124110,10.635
124111,10.355
124112,12.555
124113,10.735
124114,3.895
124115,11.81
124116,6.65
124117,13.68
124118,12.065
124119,11.63
124120,12.93
124121,12.195
124122,9.14
124123,13.835
124124,11.915
124125,13.465
124126,10.68
124127,10.275
124128,12.08
124129,12.155
124130,7.08
124131,7.665
124132,11.16
124133,5.585
124134,5.19
124135,8.595
124136,12.795
124137,7.61
124138,10.785
124139,6.74
124140,10.115
124141,10.16
124142,9.72
124143,10.005
124144,10.17
124145,6.76
124146,9.695
124147,11.09
124148,13.41
124149,5.87
124150,11.195
124151,10.89
124152,13.125
124153,3.715
124154,9.815
124155,7.965
124156,7.56
124157,9.75
124158,10.585
124159,10.99
124160,7.91
124161,9.945
124162,8.94
124163,14.625
124164,8.095
124165,9.685
124166,10.65
124167,16.14
124168,7.335
124169,9.525
124170,15.015
124171,12.335
124172,9.69
124173,12.17
124174,7.73
124175,10.63
124176,8.495
124177,9.33
124178,7.055
124179,11.65
124180,6.97
124181,10.175
124182,6.25
124183,12.83
124184,9.55
124185,11.375
124186,13.395
124187,7.46
124188,12.05
124189,14.685
124190,3.865
124191,14.815
124192,10.405
124193,9.31
124194,6.57
124195,9.905
124196,6.845
124197,11.85
124198,6.02
124199,8.285
124200,6.92
124201,5.725
124202,6.915
124203,7.265
124204,13.895
124205,12.405
124206,9.175
124207,6.775
124208,11.015
124209,8.63
124210,9.84
124211,10.17
124212,7.095
124213,8.61
124214,6.98
124215,8.26
124216,9.35
124217,14.645
124218,12.45
124219,5.85
124220,10.625
124221,11.1
124222,5.375
124223,11.43
124224,7.09
124225,10.05
124226,10.68
124227,13.47
124228,10.4
124229,4.585
124230,7.755
124231,16.485
124232,9.265
124233,10.965
124234,6.625
124235,8.945
124236,7.045
124237,10.36
124238,12.485
124239,10.19
124240,17.97
124241,9.28
124242,12.815
124243,10.935
124244,10.575
124245,9.36
124246,11.025
124247,11.185
124248,15.06
124249,5.17
124250,8.255
124251,9.525
124252,9.22
124253,9.365
124254,9.8
124255,9.265
124256,10.14
124257,7.225
124258,14.88
124259,11.325
124260,10.28
124261,11.445
124262,11.19
124263,11.985
124264,11.545
124265,5.075
124266,10.05
124267,11.6
124268,6.465
124269,11.725
124270,8.29
124271,5.76
124272,6.87
124273,6.955
124274,15.275
124275,9.255
124276,6.28
124277,12.605
124278,12.325
124279,6.025
124280,11.03
124281,12.605
124282,6.655
124283,12.915
124284,6.07
124285,10.83
124286,9.15
124287,11.685
124288,9.21
124289,10.895
124290,9.29
124291,10.97
124292,12.075
124293,8.31
124294,10.255
124295,8.165
124296,4.865
124297,7.28
124298,14.58
124299,9.975
124300,11.615
124301,14.615
124302,10.245
124303,13.765
124304,11.065
124305,11.34
124306,7.02
124307,11.76
124308,8.33
124309,10.14
124310,7.03
124311,11.215
124312,9.155
124313,5.76
124314,10.99
124315,8.645
124316,12.58
124317,13.285
124318,8.845
124319,11.14
124320,9.095
124321,8.39
124322,9.295
124323,11.405
124324,10.625
124325,12.38
124326,8.41
124327,11.16
124328,10.565
124329,11.335
124330,14.455
124331,14.695
124332,9.0
124333,13.63
124334,11.16
124335,8.45
124336,8.205
124337,14.675
124338,9.06
124339,9.34
124340,12.525
124341,7.095
124342,6.935
124343,13.465
124344,9.8
124345,7.71
124346,11.21
124347,12.405
124348,18.335
124349,10.455
124350,7.195
124351,10.865
124352,10.015
124353,6.875
124354,7.055
124355,10.28
124356,8.23
124357,9.845
124358,13.56
124359,5.38
124360,15.175
124361,10.835
124362,11.045
124363,7.715
124364,11.925
124365,5.05
124366,10.725
124367,11.575
124368,6.87
124369,9.26
124370,6.54
124371,12.785
124372,10.38
124373,3.985
124374,12.375
124375,10.47
124376,13.925
124377,13.045
124378,9.12
124379,10.08
124380,11.055
124381,9.885
124382,10.445
124383,10.375
124384,12.095
124385,10.815
124386,10.885
124387,5.03
124388,13.43
124389,6.365
124390,10.39
124391,8.845
124392,8.2
124393,12.905
124394,10.865
124395,9.04
124396,11.735
124397,10.865
124398,11.285
124399,6.065
124400,14.105
124401,14.53
124402,9.15
124403,6.5
124404,7.105
124405,10.98
124406,13.905
124407,9.36
124408,8.045
124409,13.785
124410,10.87
124411,8.275
124412,9.265
124413,10.455
124414,10.14
124415,8.155
124416,6.245
124417,11.55
124418,13.075
124419,13.715
124420,10.665
124421,15.275
124422,10.15
124423,6.625
124424,10.28
124425,10.785
124426,5.535
124427,12.145
124428,10.51
124429,10.12
124430,8.46
124431,5.67
124432,13.165
124433,13.045
124434,12.02
124435,10.055
124436,8.5
124437,8.565
124438,11.08
124439,7.825
124440,9.97
124441,10.37
124442,8.6
124443,10.97
124444,10.39
124445,3.91
124446,9.595
124447,9.74
124448,17.74
124449,12.595
124450,8.555
124451,9.885
124452,14.055
124453,9.61
124454,10.14
124455,14.67
124456,13.695
124457,9.335
124458,11.92
124459,10.845
124460,10.825
124461,7.555
124462,9.165
124463,10.065
124464,9.13
124465,9.105
124466,9.385
124467,7.855
124468,5.255
124469,11.48
124470,10.78
124471,10.885
124472,12.035
124473,9.6
124474,7.31
124475,8.82
124476,13.58
124477,8.2
124478,10.31
124479,15.825
124480,9.72
124481,8.17
124482,9.92
124483,11.93
124484,9.68
124485,9.815
124486,9.27
124487,17.47
124488,15.77
124489,16.62
124490,10.87
124491,13.19
124492,14.86
124493,10.39
124494,6.625
124495,14.25
124496,11.025
124497,9.69
124498,11.71
124499,11.995
124500,9.56
124501,10.315
124502,9.9
124503,9.93
124504,11.54
124505,9.71
124506,7.87
124507,13.965
124508,6.78
124509,11.195
124510,10.22
124511,16.455
124512,8.4
124513,9.695
124514,10.985
124515,11.095
124516,4.915
124517,9.575
124518,11.95
124519,9.365
124520,11.09
124521,8.125
124522,6.735
124523,6.655
124524,11.44
124525,9.835
124526,10.365
124527,9.37
124528,12.865
124529,18.425
124530,11.455
124531,8.005
124532,10.04
124533,14.975
124534,9.755
124535,15.585
124536,8.03
124537,11.465
124538,11.57
124539,9.685
124540,12.265
124541,10.145
124542,15.225
124543,7.12
124544,10.68
124545,10.125
124546,8.895
124547,7.575
124548,12.295
124549,11.035
124550,11.93
124551,19.485
124552,9.115
124553,11.2
124554,6.84
124555,11.595
124556,3.915
124557,5.745
124558,12.165
124559,13.0
124560,9.17
124561,6.905
124562,9.1
124563,9.13
124564,11.195
124565,9.345
124566,10.74
124567,9.41
124568,7.5
124569,11.605
124570,5.49
124571,9.815
124572,9.27
124573,12.495
124574,9.535
124575,11.07
124576,13.32
124577,10.165
124578,11.82
124579,10.255
124580,6.3
124581,10.955
124582,4.97
124583,16.66
124584,4.065
124585,10.565
124586,7.28
124587,13.74
124588,6.865
124589,7.51
124590,9.93
124591,15.385
124592,8.715
124593,14.12
124594,7.155
124595,12.1
124596,11.16
124597,9.465
124598,8.115
124599,11.835
124600,10.61
124601,8.08
124602,10.305
124603,4.5
124604,9.115
124605,9.275
124606,10.74
124607,6.975
124608,11.05
124609,9.43
124610,8.32
124611,8.54
124612,7.86
124613,12.29
124614,10.205
124615,13.83
124616,11.79
124617,11.54
124618,11.54
124619,10.565
124620,10.02
124621,5.385
124622,7.795
124623,9.88
124624,10.02
124625,9.82
124626,11.515
124627,10.685
124628,9.95
124629,10.23
124630,12.705
124631,7.565
124632,11.955
124633,4.085
124634,10.74
124635,9.715
124636,8.345
124637,9.325
124638,8.97
124639,9.67
124640,10.36
124641,7.975
124642,9.695
124643,6.375
124644,11.13
124645,5.59
124646,10.58
124647,10.84
124648,11.575
124649,5.565
124650,8.005
124651,12.695
124652,20.27
124653,5.86
124654,11.55
124655,6.73
124656,10.475
124657,6.72
124658,10.475
124659,14.895
124660,8.03
124661,11.45
124662,11.295
124663,7.94
124664,7.785
124665,14.6
124666,12.785
124667,11.87
124668,11.515
124669,10.43
124670,11.005
124671,13.8
124672,11.5
124673,12.27
124674,9.045
124675,4.75
124676,7.91
124677,6.875
124678,8.755
124679,14.345
124680,5.13
124681,10.68
124682,13.07
124683,10.71
124684,4.865
124685,12.15
124686,10.805
124687,5.605
124688,8.6
124689,8.505
124690,11.11
124691,13.485
124692,11.74
124693,7.945
124694,8.455
124695,11.215
124696,15.875
124697,10.42
124698,11.235
124699,10.685
124700,9.515
124701,11.25
124702,13.9
124703,13.205
124704,11.16
124705,14.46
124706,12.74
124707,7.015
124708,5.975
124709,11.13
124710,11.205
124711,13.83
124712,12.095
124713,8.18
124714,10.855
124715,13.92
124716,5.405
124717,4.76
124718,9.98
124719,6.755
124720,9.84
124721,6.72
124722,7.245
124723,9.71
124724,9.815
124725,9.69
124726,10.03
124727,11.805
124728,13.14
124729,5.1
124730,8.675
124731,15.415
124732,8.895
124733,12.08
124734,9.115
124735,19.315
124736,7.705
124737,7.835
124738,12.145
124739,11.51
124740,11.24
124741,14.285
124742,11.84
124743,6.325
124744,7.355
124745,12.825
124746,15.77
124747,8.58
124748,11.165
124749,11.92
124750,15.805
124751,9.51
124752,11.425
124753,10.61
124754,10.335
124755,10.605
124756,12.77
124757,9.865
124758,9.865
124759,11.775
124760,6.78
124761,10.12
124762,11.22
124763,7.645
124764,15.115
124765,9.97
124766,12.965
124767,9.68
124768,7.14
124769,17.56
124770,7.68
124771,8.75
124772,11.94
124773,10.76
124774,15.735
124775,18.695
124776,9.23
124777,9.495
124778,5.71
124779,11.02
124780,13.545
124781,11.52
124782,9.73
124783,9.265
124784,17.095
124785,10.03
124786,9.705
124787,6.995
124788,6.35
124789,10.29
124790,14.62
124791,11.905
124792,6.17
124793,9.0
124794,9.47
124795,8.155
124796,10.955
124797,12.07
124798,10.98
124799,11.725
124800,12.06
124801,8.42
124802,8.49
124803,11.425
124804,15.785
124805,10.85
124806,11.84
124807,11.355
124808,7.97
124809,9.455
124810,6.225
124811,9.045
124812,10.325
124813,10.37
124814,7.06
124815,10.1
124816,10.34
124817,10.195
124818,9.655
124819,8.59
124820,6.35
124821,9.145
124822,6.665
124823,10.01
124824,8.275
124825,9.48
124826,11.95
124827,11.32
124828,10.475
124829,9.125
124830,7.77
124831,9.93
124832,8.82
124833,8.95
124834,11.075
124835,11.66
124836,14.115
124837,11.46
124838,10.99
124839,16.11
124840,11.76
124841,6.435
124842,5.86
124843,7.925
124844,10.52
124845,6.655
124846,10.1
124847,7.005
124848,11.025
124849,7.38
124850,10.615
124851,18.41
124852,7.24
124853,9.205
124854,10.74
124855,10.77
124856,12.035
124857,14.625
124858,20.19
124859,9.97
124860,8.395
124861,10.85
124862,12.5
124863,8.74
124864,5.91
124865,7.44
124866,10.135
124867,9.385
124868,12.93
124869,10.83
124870,14.38
124871,9.865
124872,15.755
124873,14.02
124874,14.85
124875,11.045
124876,12.88
124877,11.665
124878,9.615
124879,7.99
124880,7.085
124881,11.54
124882,11.88
124883,5.835
124884,10.365
124885,12.1
124886,10.89
124887,9.35
124888,16.07
124889,9.005
124890,9.765
124891,15.435
124892,12.32
124893,12.275
124894,7.285
124895,14.625
124896,10.115
124897,5.785
124898,13.27
124899,12.695
124900,9.21
124901,17.175
124902,9.655
124903,10.835
124904,13.875
124905,11.78
124906,11.915
124907,9.11
124908,7.755
124909,10.175
124910,9.105
124911,13.525
124912,9.27
124913,11.755
124914,9.52
124915,7.17
124916,9.485
124917,9.88
124918,12.535
124919,9.56
124920,6.94
124921,8.85
124922,8.595
124923,9.265
124924,11.385
124925,8.745
124926,8.525
124927,16.355
124928,4.885
124929,14.82
124930,9.5
124931,8.035
124932,11.065
124933,8.63
124934,13.065
124935,5.74
124936,12.975
124937,14.635
124938,10.095
124939,7.135
124940,7.97
124941,9.095
124942,11.405
124943,10.29
124944,14.365
124945,11.995
124946,7.97
124947,17.19
124948,5.74
124949,11.045
124950,10.49
124951,15.31
124952,6.815
124953,8.35
124954,9.06
124955,8.62
124956,12.89
124957,15.275
124958,9.735
124959,10.54
124960,11.625
124961,6.365
124962,10.86
124963,9.395
124964,10.345
124965,8.995
124966,7.86
124967,10.415
124968,12.025
124969,14.785
124970,7.975
124971,12.09
124972,6.44
124973,9.08
124974,12.43
124975,7.255
124976,11.12
124977,9.865
124978,9.405
124979,10.49
124980,6.945
124981,10.045
124982,9.695
124983,7.405
124984,8.675
124985,17.0
124986,7.285
124987,13.73
124988,15.15
124989,9.235
124990,11.04
124991,11.16
124992,8.31
124993,7.95
124994,4.48
124995,6.975
124996,10.66
124997,3.845
124998,5.315
124999,6.695
125000,12.345
125001,9.88
125002,11.065
125003,5.0
125004,4.865
125005,9.015
125006,12.905
125007,10.285
125008,8.92
125009,9.835
125010,17.86
125011,11.77
125012,12.43
125013,15.45
125014,17.32
125015,5.515
125016,7.39
125017,8.83
125018,11.09
125019,7.125
125020,9.5
125021,14.23
125022,10.885
125023,11.7
125024,7.595
125025,7.95
125026,10.06
125027,10.67
125028,8.28
125029,8.22
125030,10.815
125031,8.535
125032,7.955
125033,10.335
125034,6.675
125035,8.8
125036,11.42
125037,11.335
125038,8.835
125039,15.135
125040,10.845
125041,8.335
125042,11.065
125043,9.445
125044,10.84
125045,8.025
125046,13.865
125047,10.305
125048,13.45
125049,7.65
125050,18.35
125051,4.905
125052,13.3
125053,9.41
125054,8.85
125055,12.315
125056,16.185
125057,10.445
125058,10.73
125059,17.035
125060,10.515
125061,7.72
125062,9.645
125063,8.875
125064,10.09
125065,8.165
125066,10.65
125067,7.96
125068,10.63
125069,6.575
125070,9.435
125071,11.98
125072,9.95
125073,14.265
125074,11.365
125075,10.65
125076,8.73
125077,7.215
125078,5.58
125079,4.79
125080,10.775
125081,11.84
125082,14.785
125083,8.34
125084,9.835
125085,11.34
125086,11.275
125087,11.71
125088,9.28
125089,10.415
125090,4.92
125091,6.78
125092,7.235
125093,6.51
125094,11.1
125095,11.585
125096,6.905
125097,9.745
125098,6.275
125099,9.41
125100,4.79
125101,11.965
125102,6.79
125103,20.29
125104,10.335
125105,10.575
125106,8.4
125107,18.21
125108,16.735
125109,9.095
125110,6.8
125111,8.845
125112,10.725
125113,10.42
125114,12.475
125115,8.425
125116,6.795
125117,8.785
125118,10.94
125119,20.72
125120,12.96
125121,13.14
125122,9.535
125123,12.465
125124,9.585
125125,8.77
125126,9.44
125127,11.815
125128,12.74
125129,9.8
125130,9.185
125131,8.715
125132,11.565
125133,6.93
125134,13.37
125135,9.065
125136,8.3
125137,7.86
125138,10.49
125139,9.3
125140,10.445
125141,11.33
125142,8.14
125143,10.795
125144,8.67
125145,11.65
125146,13.5
125147,9.85
125148,12.39
125149,9.66
125150,11.535
125151,11.13
125152,7.145
125153,13.425
125154,12.095
125155,8.285
125156,10.965
125157,11.8
125158,14.095
125159,9.115
125160,5.185
125161,7.965
125162,4.77
125163,7.945
125164,10.705
125165,7.545
125166,11.605
125167,9.56
125168,8.985
125169,10.53
125170,11.625
125171,11.24
125172,6.32
125173,10.99
125174,10.15
125175,8.065
125176,9.77
125177,12.26
125178,8.4
125179,10.265
125180,18.86
125181,9.49
125182,5.0
125183,9.045
125184,9.465
125185,9.07
125186,10.945
125187,9.315
125188,8.18
125189,4.615
125190,4.915
125191,13.875
125192,10.545
125193,12.085
125194,14.07
125195,9.895
125196,7.44
125197,9.885
125198,8.945
125199,8.905
125200,13.08
125201,14.775
125202,6.675
125203,11.005
125204,15.465
125205,11.505
125206,9.135
125207,14.78
125208,7.645
125209,11.295
125210,12.57
125211,8.51
125212,13.26
125213,9.215
125214,10.84
125215,12.2
125216,12.255
125217,13.0
125218,6.03
125219,8.025
125220,14.355
125221,11.665
125222,4.775
125223,7.715
125224,10.39
125225,10.44
125226,7.245
125227,7.62
125228,8.075
125229,6.51
125230,9.445
125231,11.69
125232,13.485
125233,11.23
125234,9.58
125235,12.085
125236,10.75
125237,10.52
125238,8.325
125239,12.545
125240,10.63
125241,12.51
125242,10.745
125243,11.605
125244,11.11
125245,10.89
125246,9.785
125247,15.245
125248,13.25
125249,5.645
125250,8.13
125251,9.89
125252,12.21
125253,13.605
125254,7.05
125255,9.13
125256,6.625
125257,10.91
125258,7.94
125259,9.07
125260,6.845
125261,10.195
125262,13.33
125263,4.665
125264,10.365
125265,8.18
125266,12.775
125267,10.41
125268,8.21
125269,8.785
125270,8.765
125271,10.175
125272,6.495
125273,8.62
125274,7.565
125275,8.925
125276,10.865
125277,10.82
125278,13.075
125279,6.36
125280,9.64
125281,10.635
125282,11.015
125283,11.805
125284,5.41
125285,8.555
125286,9.435
125287,9.46
125288,9.995
125289,10.445
125290,11.625
125291,7.43
125292,6.85
125293,11.385
125294,11.625
125295,13.645
125296,10.825
125297,6.635
125298,9.07
125299,12.885
125300,5.435
125301,13.785
125302,17.97
125303,8.91
125304,7.905
125305,10.135
125306,12.595
125307,10.465
125308,11.54
125309,8.12
125310,10.505
125311,10.78
125312,11.755
125313,6.825
125314,9.85
125315,5.635
125316,12.885
125317,6.47
125318,9.625
125319,9.43
125320,6.7
125321,10.41
125322,13.55
125323,15.3
125324,10.55
125325,11.21
125326,8.23
125327,6.86
125328,9.385
125329,6.655
125330,4.665
125331,17.325
125332,6.36
125333,16.625
125334,13.33
125335,9.31
125336,11.51
125337,8.73
125338,11.5
125339,9.94
125340,13.68
125341,6.945
125342,13.04
125343,12.1
125344,5.73
125345,6.32
125346,7.37
125347,14.125
125348,8.65
125349,6.815
125350,9.99
125351,9.625
125352,9.11
125353,13.605
125354,7.15
125355,11.3
125356,5.66
125357,12.335
125358,11.705
125359,10.46
125360,14.44
125361,10.155
125362,8.56
125363,9.34
125364,11.875
125365,10.665
125366,11.585
125367,10.14
125368,12.165
125369,6.7
125370,10.885
125371,8.705
125372,8.875
125373,11.185
125374,8.795
125375,11.37
125376,9.6
125377,6.975
125378,11.43
125379,11.84
125380,10.58
125381,8.63
125382,9.36
125383,8.55
125384,5.03
125385,10.895
125386,11.97
125387,10.82
125388,7.695
125389,8.965
125390,6.63
125391,9.715
125392,11.845
125393,10.92
125394,9.88
125395,11.04
125396,15.875
125397,13.2
125398,6.9
125399,10.22
125400,8.73
125401,12.485
125402,4.97
125403,14.475
125404,12.05
125405,8.87
125406,13.495
125407,8.565
125408,11.345
125409,14.855
125410,8.64
125411,10.305
125412,6.88
125413,8.595
125414,13.735
125415,9.075
125416,10.945
125417,8.185
125418,6.155
125419,11.135
125420,12.755
125421,6.51
125422,6.995
125423,10.48
125424,10.61
125425,8.95
125426,16.355
125427,10.82
125428,12.025
125429,6.805
125430,10.545
125431,8.57
125432,15.625
125433,8.34
125434,10.45
125435,9.57
125436,9.945
125437,8.46
125438,9.405
125439,7.335
125440,16.055
125441,14.98
125442,13.36
125443,14.385
125444,10.7
125445,9.24
125446,12.015
125447,10.72
125448,11.21
125449,10.545
125450,5.035
125451,10.625
125452,9.665
125453,5.9
125454,10.535
125455,8.845
125456,15.175
125457,11.595
125458,10.655
125459,11.095
125460,13.67
125461,5.355
125462,9.25
125463,7.18
125464,7.615
125465,15.5
125466,14.54
125467,4.515
125468,8.45
125469,14.73
125470,19.045
125471,10.25
125472,7.92
125473,10.175
125474,11.05
125475,11.515
125476,10.61
125477,3.79
125478,9.435
125479,9.86
125480,9.855
125481,8.665
125482,13.095
125483,10.24
125484,5.805
125485,13.17
125486,6.18
125487,9.28
125488,10.04
125489,10.27
125490,10.085
125491,8.13
125492,7.55
125493,6.495
125494,14.08
125495,9.805
125496,9.655
125497,15.045
125498,10.6
125499,16.785
125500,8.225
125501,7.55
125502,7.945
125503,11.865
125504,12.035
125505,7.565
125506,13.55
125507,11.965
125508,11.765
125509,18.02
125510,10.16
125511,4.015
125512,11.855
125513,6.59
125514,14.055
125515,9.16
125516,8.875
125517,10.91
125518,9.315
125519,11.845
125520,12.26
125521,5.34
125522,14.47
125523,10.47
125524,9.14
125525,8.45
125526,7.335
125527,5.85
125528,8.9
125529,10.925
125530,10.4
125531,12.245
125532,10.04
125533,4.955
125534,9.955
125535,5.94
125536,11.41
125537,5.085
125538,10.37
125539,7.775
125540,10.48
125541,8.76
125542,12.0
125543,13.635
125544,10.305
125545,7.06
125546,11.53
125547,15.225
125548,6.07
125549,11.415
125550,6.575
125551,4.89
125552,10.16
125553,9.985
125554,9.23
125555,6.585
125556,11.565
125557,11.525
125558,4.625
125559,7.435
125560,6.88
125561,8.415
125562,10.52
125563,11.055
125564,10.315
125565,9.61
125566,7.8
125567,9.345
125568,10.25
125569,8.955
125570,11.865
125571,13.81
125572,10.865
125573,9.645
125574,9.515
125575,12.765
125576,8.665
125577,9.49
125578,7.66
125579,11.97
125580,9.31
125581,14.285
125582,14.79
125583,11.84
125584,10.885
125585,12.38
125586,9.96
125587,12.58
125588,9.72
125589,6.44
125590,6.8
125591,9.055
125592,8.24
125593,6.69
125594,10.07
125595,13.17
125596,11.87
125597,17.37
125598,10.625
125599,12.115
125600,6.935
125601,10.945
125602,7.69
125603,9.005
125604,7.85
125605,6.87
125606,10.03
125607,8.9
125608,7.235
125609,9.72
125610,8.535
125611,14.99
125612,9.665
125613,9.035
125614,11.03
125615,10.935
125616,10.605
125617,13.97
125618,13.565
125619,13.035
125620,13.045
125621,14.72
125622,6.995
125623,11.65
125624,15.615
125625,9.39
125626,9.57
125627,4.86
125628,3.49
125629,13.66
125630,9.46
125631,12.245
125632,9.34
125633,12.815
125634,7.295
125635,16.085
125636,6.965
125637,15.14
125638,9.575
125639,8.2
125640,9.275
125641,7.825
125642,7.035
125643,11.255
125644,9.715
125645,11.065
125646,13.74
125647,13.7
125648,9.405
125649,16.265
125650,10.13
125651,5.925
125652,10.835
125653,8.195
125654,9.71
125655,8.655
125656,8.015
125657,10.495
125658,4.76
125659,9.23
125660,7.795
125661,5.835
125662,10.89
125663,11.255
125664,18.73
125665,10.345
125666,8.215
125667,11.61
125668,8.15
125669,10.42
125670,11.56
125671,7.135
125672,7.29
125673,7.93
125674,13.595
125675,6.98
125676,8.305
125677,6.975
125678,13.355
125679,5.205
125680,9.985
125681,5.955
125682,11.47
125683,6.515
125684,7.855
125685,13.66
125686,16.085
125687,13.04
125688,10.925
125689,10.12
125690,9.56
125691,6.64
125692,7.65
125693,10.83
125694,6.99
125695,9.605
125696,8.27
125697,9.22
125698,6.235
125699,9.9
125700,12.785
125701,10.025
125702,6.92
125703,14.045
125704,11.38
125705,10.015
125706,7.735
125707,7.045
125708,10.975
125709,5.965
125710,9.04
125711,11.99
125712,8.68
125713,11.05
125714,9.885
125715,6.785
125716,9.29
125717,10.83
125718,10.765
125719,8.185
125720,10.585
125721,9.405
125722,11.625
125723,10.05
125724,9.155
125725,10.62
125726,5.215
125727,11.205
125728,6.005
125729,11.81
125730,8.765
125731,13.74
125732,7.095
125733,11.32
125734,12.145
125735,15.58
125736,9.555
125737,9.04
125738,11.33
125739,14.05
125740,4.9
125741,9.285
125742,8.265
125743,14.69
125744,7.88
125745,10.32
125746,9.77
125747,10.24
125748,9.27
125749,9.65
125750,11.495
125751,12.0
125752,11.275
125753,8.05
125754,11.56
125755,7.64
125756,8.99
125757,19.5
125758,6.75
125759,13.51
125760,8.235
125761,13.2
125762,8.55
125763,9.87
125764,8.265
125765,3.45
125766,7.61
125767,11.67
125768,13.96
125769,8.595
125770,6.99
125771,4.44
125772,6.955
125773,14.565
125774,12.62
125775,10.45
125776,6.13
125777,13.285
125778,6.165
125779,7.81
125780,7.78
125781,11.745
125782,10.495
125783,7.515
125784,8.595
125785,10.36
125786,14.5
125787,8.125
125788,5.725
125789,10.185
125790,11.535
125791,10.285
125792,9.135
125793,10.95
125794,7.69
125795,9.65
125796,10.75
125797,11.11
125798,7.125
125799,14.855
125800,10.475
125801,8.16
125802,12.735
125803,11.38
125804,7.005
125805,9.745
125806,14.755
125807,7.405
125808,9.115
125809,10.94
125810,9.89
125811,6.845
125812,11.45
125813,13.88
125814,16.545
125815,6.925
125816,13.38
125817,6.54
125818,13.71
125819,9.6
125820,10.985
125821,8.72
125822,7.0
125823,9.655
125824,12.72
125825,15.06
125826,13.775
125827,9.74
125828,8.685
125829,14.68
125830,9.715
125831,10.705
125832,6.8
125833,10.585
125834,9.285
125835,14.255
125836,9.355
125837,9.945
125838,16.465
125839,9.1
125840,14.155
125841,8.88
125842,9.275
125843,6.585
125844,9.03
125845,8.71
125846,11.575
125847,6.945
125848,10.61
125849,12.215
125850,7.24
125851,9.61
125852,13.04
125853,8.48
125854,11.595
125855,10.945
125856,5.975
125857,12.69
125858,11.01
125859,10.57
125860,9.91
125861,7.39
125862,11.85
125863,9.565
125864,9.48
125865,11.665
125866,6.57
125867,9.13
125868,18.05
125869,8.795
125870,8.665
125871,8.48
125872,9.17
125873,10.765
125874,12.215
125875,10.53
125876,10.69
125877,12.24
125878,9.18
125879,5.075
125880,11.055
125881,10.715
125882,11.42
125883,11.725
125884,11.285
125885,7.955
125886,13.68
125887,7.25
125888,9.715
125889,8.25
125890,9.58
125891,6.705
125892,9.505
125893,10.385
125894,6.735
125895,12.435
125896,9.755
125897,12.725
125898,9.055
125899,9.76
125900,9.88
125901,10.545
125902,14.585
125903,11.385
125904,9.245
125905,12.89
125906,11.05
125907,11.905
125908,10.52
125909,17.025
125910,9.94
125911,7.55
125912,6.825
125913,15.425
125914,9.03
125915,9.135
125916,11.275
125917,6.92
125918,9.9
125919,9.625
125920,13.165
125921,9.485
125922,8.905
125923,12.965
125924,8.045
125925,12.58
125926,11.665
125927,9.93
125928,16.935
125929,11.395
125930,11.315
125931,10.895
125932,9.015
125933,12.54
125934,11.165
125935,4.125
125936,10.57
125937,10.33
125938,7.69
125939,8.895
125940,9.42
125941,10.825
125942,8.935
125943,8.335
125944,11.495
125945,8.87
125946,5.745
125947,13.495
125948,8.905
125949,11.655
125950,13.8
125951,12.32
125952,9.265
125953,5.575
125954,10.685
125955,8.135
125956,8.84
125957,6.505
125958,12.035
125959,12.375
125960,10.07
125961,9.7
125962,9.745
125963,5.075
125964,9.53
125965,7.08
125966,15.375
125967,7.035
125968,9.71
125969,9.92
125970,11.08
125971,7.96
125972,7.51
125973,7.205
125974,9.24
125975,8.71
125976,14.025
125977,14.665
125978,8.205
125979,6.84
125980,8.135
125981,20.7
125982,12.495
125983,7.615
125984,11.76
125985,6.785
125986,8.635
125987,10.78
125988,10.82
125989,12.74
125990,9.42
125991,8.415
125992,11.105
125993,16.24
125994,6.86
125995,15.385
125996,11.35
125997,5.22
125998,11.72
125999,10.775
126000,4.84
126001,4.195
126002,13.035
126003,16.1
126004,5.8
126005,9.495
126006,13.63
126007,11.33
126008,10.775
126009,9.315
126010,6.27
126011,4.695
126012,10.645
126013,8.075
126014,9.135
126015,8.935
126016,11.01
126017,9.26
126018,12.07
126019,12.46
126020,5.435
126021,5.46
126022,16.29
126023,13.225
126024,11.44
126025,8.695
126026,7.61
126027,7.9
126028,11.885
126029,11.825
126030,9.32
126031,12.155
126032,10.915
126033,8.385
126034,10.815
126035,10.83
126036,13.395
126037,7.235
126038,9.42
126039,12.585
126040,10.1
126041,12.54
126042,11.59
126043,14.54
126044,5.895
126045,10.215
126046,12.995
126047,10.075
126048,6.925
126049,11.15
126050,18.815
126051,8.87
126052,15.33
126053,19.51
126054,4.85
126055,15.405
126056,13.85
126057,9.405
126058,9.46
126059,8.03
126060,7.95
126061,10.58
126062,10.31
126063,14.01
126064,7.745
126065,10.23
126066,15.765
126067,6.66
126068,6.96
126069,4.31
126070,10.7
126071,7.575
126072,12.56
126073,9.53
126074,9.215
126075,10.22
126076,7.045
126077,9.9
126078,10.435
126079,8.91
126080,9.905
126081,16.155
126082,9.14
126083,10.845
126084,10.845
126085,11.145
126086,9.975
126087,10.62
126088,8.01
126089,8.48
126090,3.67
126091,7.22
126092,12.195
126093,11.605
126094,10.71
126095,9.44
126096,11.32
126097,4.14
126098,11.38
126099,9.48
126100,9.68
126101,8.845
126102,11.46
126103,5.94
126104,13.4
126105,10.93
126106,10.87
126107,12.775
126108,8.23
126109,7.78
126110,10.865
126111,10.145
126112,9.655
126113,5.05
126114,8.115
126115,10.59
126116,13.62
126117,6.36
126118,9.25
126119,9.31
126120,9.59
126121,9.085
126122,6.075
126123,9.075
126124,12.645
126125,4.395
126126,7.865
126127,8.79
126128,9.75
126129,7.045
126130,9.205
126131,11.275
126132,10.605
126133,6.885
126134,12.265
126135,10.565
126136,7.045
126137,10.845
126138,12.615
126139,7.31
126140,9.53
126141,9.175
126142,15.52
126143,7.61
126144,11.87
126145,8.405
126146,11.395
126147,11.265
126148,11.935
126149,8.555
126150,5.92
126151,7.72
126152,4.785
126153,10.88
126154,10.705
126155,8.425
126156,12.02
126157,12.665
126158,6.66
126159,11.205
126160,9.615
126161,20.14
126162,6.73
126163,11.705
126164,10.39
126165,15.165
126166,11.475
126167,12.935
126168,6.895
126169,9.11
126170,10.46
126171,11.925
126172,10.69
126173,9.125
126174,11.735
126175,9.61
126176,11.995
126177,9.815
126178,8.37
126179,15.41
126180,11.535
126181,7.165
126182,7.255
126183,9.6
126184,10.355
126185,7.76
126186,10.745
126187,7.13
126188,6.745
126189,10.555
126190,7.74
126191,6.26
126192,9.185
126193,8.19
126194,11.015
126195,5.39
126196,4.605
126197,14.145
126198,5.32
126199,7.86
126200,12.39
126201,8.11
126202,9.62
126203,13.94
126204,8.83
126205,4.005
126206,12.885
126207,13.605
126208,9.505
126209,10.555
126210,12.92
126211,14.835
126212,11.26
126213,13.815
126214,4.715
126215,13.505
126216,5.65
126217,12.72
126218,11.1
126219,14.36
126220,10.83
126221,9.745
126222,8.24
126223,8.98
126224,7.825
126225,11.55
126226,12.85
126227,8.48
126228,11.44
126229,7.035
126230,13.255
126231,9.005
126232,6.55
126233,10.07
126234,7.885
126235,12.07
126236,9.26
126237,7.565
126238,18.545
126239,5.59
126240,18.065
126241,14.905
126242,9.325
126243,13.135
126244,10.48
126245,7.625
126246,6.5
126247,9.43
126248,10.83
126249,10.65
126250,13.36
126251,10.445
126252,8.99
126253,11.195
126254,11.875
126255,7.665
126256,9.42
126257,9.91
126258,12.695
126259,6.7
126260,12.16
126261,10.16
126262,11.97
126263,9.015
126264,16.725
126265,9.38
126266,10.51
126267,16.57
126268,11.535
126269,12.385
126270,15.385
126271,7.935
126272,9.705
126273,10.56
126274,10.155
126275,10.355
126276,10.55
126277,6.9
126278,10.75
126279,10.18
126280,9.67
126281,7.695
126282,12.645
126283,7.035
126284,9.33
126285,9.11
126286,15.94
126287,15.49
126288,11.015
126289,7.2
126290,10.515
126291,8.07
126292,8.13
126293,6.375
126294,11.12
126295,11.06
126296,9.25
126297,10.725
126298,11.005
126299,8.835
126300,9.045
126301,11.22
126302,12.24
126303,11.475
126304,9.385
126305,12.33
126306,11.485
126307,10.535
126308,10.705
126309,7.085
126310,11.935
126311,8.555
126312,12.755
126313,8.27
126314,12.46
126315,13.25
126316,7.245
126317,11.635
126318,9.835
126319,8.72
126320,7.275
126321,10.595
126322,9.77
126323,8.33
126324,10.57
126325,10.26
126326,9.45
126327,12.925
126328,14.57
126329,8.08
126330,13.815
126331,10.495
126332,13.325
126333,10.655
126334,8.985
126335,3.675
126336,9.075
126337,12.455
126338,9.625
126339,12.17
126340,11.13
126341,9.345
126342,7.015
126343,13.23
126344,9.395
126345,12.05
126346,4.695
126347,8.82
126348,12.02
126349,12.175
126350,13.145
126351,14.075
126352,7.97
126353,7.77
126354,12.075
126355,5.53
126356,9.49
126357,7.98
126358,14.185
126359,13.59
126360,12.55
126361,10.175
126362,9.575
126363,12.06
126364,9.655
126365,11.5
126366,13.735
126367,15.085
126368,11.64
126369,15.695
126370,9.69
126371,8.59
126372,8.895
126373,4.63
126374,14.51
126375,6.45
126376,6.855
126377,9.415
126378,6.69
126379,15.5
126380,9.585
126381,9.555
126382,10.87
126383,14.41
126384,12.005
126385,9.345
126386,9.175
126387,9.65
126388,15.55
126389,10.14
126390,10.985
126391,10.685
126392,7.69
126393,15.165
126394,10.41
126395,5.5
126396,8.4
126397,5.26
126398,10.935
126399,5.15
126400,11.05
126401,14.835
126402,11.325
126403,11.605
126404,12.705
126405,12.875
126406,13.335
126407,8.575
126408,11.38
126409,13.02
126410,8.855
126411,10.91
126412,11.57
126413,14.44
126414,12.135
126415,10.535
126416,10.845
126417,7.48
126418,8.86
126419,9.0
126420,8.16
126421,11.985
126422,9.265
126423,7.14
126424,10.13
126425,9.945
126426,11.885
126427,11.4
126428,10.3
126429,9.21
126430,9.225
126431,10.32
126432,10.8
126433,9.685
126434,9.775
126435,6.935
126436,4.75
126437,12.575
126438,14.42
126439,10.09
126440,11.805
126441,7.19
126442,13.945
126443,4.44
126444,14.515
126445,6.68
126446,7.29
126447,14.635
126448,13.025
126449,5.775
126450,12.165
126451,5.1
126452,10.01
126453,6.355
126454,9.78
126455,7.39
126456,4.02
126457,11.995
126458,10.795
126459,9.745
126460,9.0
126461,10.455
126462,8.735
126463,7.76
126464,5.48
126465,11.37
126466,11.165
126467,6.995
126468,11.73
126469,10.17
126470,14.16
126471,7.02
126472,8.81
126473,11.525
126474,15.695
126475,8.74
126476,7.585
126477,12.885
126478,11.695
126479,12.58
126480,9.78
126481,10.07
126482,10.695
126483,9.905
126484,8.465
126485,9.66
126486,10.35
126487,13.065
126488,10.19
126489,18.49
126490,8.315
126491,13.38
126492,14.81
126493,11.805
126494,10.04
126495,7.46
126496,11.47
126497,11.31
126498,7.155
126499,11.395
126500,10.105
126501,10.065
126502,8.67
126503,10.375
126504,5.585
126505,14.06
126506,12.78
126507,13.21
126508,10.05
126509,16.515
126510,9.66
126511,15.45
126512,12.7
126513,13.14
126514,14.04
126515,9.86
126516,11.245
126517,18.525
126518,9.005
126519,9.79
126520,9.995
126521,14.32
126522,9.905
126523,11.475
126524,8.77
126525,9.08
126526,9.945
126527,9.175
126528,8.5
126529,10.24
126530,11.29
126531,9.66
126532,10.03
126533,7.605
126534,8.82
126535,9.04
126536,11.07
126537,8.57
126538,9.875
126539,9.895
126540,12.16
126541,7.635
126542,10.035
126543,8.185
126544,8.615
126545,11.63
126546,5.845
126547,5.99
126548,8.835
126549,15.605
126550,7.95
126551,12.43
126552,8.165
126553,9.375
126554,14.23
126555,9.49
126556,10.99
126557,12.965
126558,11.65
126559,10.975
126560,10.24
126561,15.295
126562,9.67
126563,8.12
126564,9.29
126565,8.905
126566,12.725
126567,12.37
126568,18.82
126569,11.43
126570,11.3
126571,10.275
126572,6.41
126573,11.005
126574,4.355
126575,10.53
126576,10.165
126577,9.04
126578,13.365
126579,8.13
126580,15.42
126581,10.04
126582,6.69
126583,11.09
126584,14.255
126585,11.2
126586,12.335
126587,11.005
126588,5.895
126589,10.26
126590,4.35
126591,6.855
126592,7.465
126593,12.645
126594,6.28
126595,3.95
126596,10.945
126597,5.075
126598,12.115
126599,10.43
126600,10.39
126601,11.545
126602,10.88
126603,9.185
126604,9.395
126605,10.125
126606,8.8
126607,9.245
126608,8.385
126609,5.36
126610,9.605
126611,9.2
126612,7.345
126613,8.07
126614,12.09
126615,20.74
126616,10.85
126617,9.645
126618,8.015
126619,9.255
126620,14.69
126621,9.415
126622,9.45
126623,9.705
126624,9.23
126625,12.52
126626,9.6
126627,8.415
126628,11.98
126629,11.25
126630,11.24
126631,9.405
126632,4.305
126633,14.5
126634,9.32
126635,11.6
126636,7.395
126637,8.455
126638,6.705
126639,8.165
126640,4.995
126641,10.65
126642,15.695
126643,12.335
126644,15.75
126645,9.345
126646,7.875
126647,10.665
126648,10.395
126649,8.805
126650,10.235
126651,4.61
126652,7.14
126653,11.01
126654,5.175
126655,7.7
126656,7.245
126657,7.885
126658,6.705
126659,8.15
126660,11.08
126661,10.185
126662,8.415
126663,10.545
126664,9.505
126665,10.715
126666,11.12
126667,6.145
126668,11.285
126669,9.815
126670,11.085
126671,8.98
126672,9.38
126673,11.11
126674,16.6
126675,8.185
126676,11.705
126677,7.775
126678,5.985
126679,11.62
126680,7.08
126681,7.91
126682,6.78
126683,9.35
126684,11.51
126685,10.005
126686,6.27
126687,8.2
126688,11.775
126689,9.525
126690,9.695
126691,8.825
126692,9.495
126693,11.355
126694,4.78
126695,6.66
126696,9.505
126697,16.825
126698,12.35
126699,6.225
126700,8.47
126701,15.085
126702,7.845
126703,9.12
126704,13.28
126705,9.19
126706,11.065
126707,10.47
126708,9.925
126709,11.415
126710,10.465
126711,11.445
126712,13.915
126713,12.415
126714,13.09
126715,9.255
126716,10.04
126717,4.225
126718,4.59
126719,10.15
126720,11.11
126721,14.795
126722,7.995
126723,14.745
126724,11.03
126725,10.125
126726,9.87
126727,5.505
126728,9.935
126729,17.435
126730,10.9
126731,12.05
126732,11.65
126733,9.98
126734,10.675
126735,10.965
126736,9.87
126737,12.69
126738,10.875
126739,9.715
126740,9.225
126741,5.77
126742,7.575
126743,8.945
126744,8.045
126745,6.615
126746,10.745
126747,11.115
126748,10.33
126749,7.58
126750,9.795
126751,8.085
126752,10.675
126753,10.215
126754,10.545
126755,9.825
126756,12.7
126757,8.525
126758,10.435
126759,9.97
126760,11.205
126761,8.125
126762,3.99
126763,6.91
126764,12.63
126765,7.84
126766,12.51
126767,8.835
126768,9.055
126769,4.98
126770,12.17
126771,7.105
126772,10.45
126773,11.325
126774,10.665
126775,10.1
126776,13.295
126777,6.285
126778,12.165
126779,10.705
126780,16.16
126781,14.415
126782,9.36
126783,6.785
126784,11.56
126785,6.575
126786,17.205
126787,10.865
126788,11.745
126789,10.97
126790,8.505
126791,9.705
126792,11.53
126793,7.815
126794,5.855
126795,11.37
126796,9.59
126797,15.285
126798,9.68
126799,14.47
126800,15.36
126801,5.45
126802,5.465
126803,6.7
126804,8.375
126805,10.09
126806,8.415
126807,12.465
126808,10.415
126809,10.74
126810,15.765
126811,13.105
126812,14.68
126813,10.46
126814,6.4
126815,16.425
126816,11.06
126817,9.485
126818,11.65
126819,9.33
126820,9.395
126821,10.65
126822,11.175
126823,11.59
126824,8.435
126825,7.85
126826,8.1
126827,7.715
126828,12.885
126829,17.705
126830,10.625
126831,9.82
126832,6.38
126833,9.74
126834,8.955
126835,6.755
126836,7.89
126837,10.325
126838,4.065
126839,16.02
126840,13.99
126841,7.85
126842,8.895
126843,8.045
126844,9.175
126845,4.68
126846,10.435
126847,11.155
126848,12.24
126849,5.295
126850,10.28
126851,7.29
126852,8.155
126853,10.715
126854,6.02
126855,9.385
126856,7.01
126857,9.855
126858,9.99
126859,10.015
126860,9.265
126861,11.435
126862,9.475
126863,9.65
126864,12.99
126865,3.895
126866,7.745
126867,10.16
126868,9.505
126869,8.87
126870,13.49
126871,10.115
126872,14.3
126873,9.18
126874,8.455
126875,9.3
126876,12.065
126877,10.805
126878,9.965
126879,14.105
126880,9.825
126881,14.225
126882,6.965
126883,8.18
126884,10.535
126885,14.1
126886,9.005
126887,9.5
126888,13.93
126889,3.765
126890,9.265
126891,5.115
126892,10.705
126893,9.69
126894,14.19
126895,11.805
126896,14.56
126897,13.035
126898,9.805
126899,12.43
126900,15.395
126901,8.675
126902,10.46
126903,10.61
126904,6.715
126905,13.52
126906,9.555
126907,11.77
126908,12.445
126909,11.825
126910,11.88
126911,10.625
126912,9.745
126913,11.815
126914,10.35
126915,11.375
126916,7.76
126917,11.445
126918,10.58
126919,13.9
126920,10.11
126921,12.84
126922,12.3
126923,10.58
126924,8.51
126925,12.09
126926,12.235
126927,8.745
126928,7.875
126929,4.56
126930,9.8
126931,7.815
126932,11.38
126933,10.72
126934,7.105
126935,9.69
126936,7.41
126937,8.06
126938,15.3
126939,4.525
126940,12.04
126941,7.84
126942,8.795
126943,7.175
126944,11.91
126945,8.57
126946,5.475
126947,5.22
126948,15.27
126949,12.905
126950,10.39
126951,13.23
126952,6.605
126953,11.24
126954,8.85
126955,13.695
126956,6.77
126957,14.145
126958,9.675
126959,4.365
126960,7.65
126961,10.38
126962,13.86
126963,10.345
126964,11.71
126965,6.98
126966,8.24
126967,8.895
126968,13.73
126969,8.835
126970,9.57
126971,10.515
126972,14.965
126973,14.395
126974,10.895
126975,9.675
126976,10.04
126977,17.785
126978,16.175
126979,9.585
126980,13.445
126981,12.74
126982,13.37
126983,10.605
126984,10.935
126985,7.605
126986,12.495
126987,6.685
126988,10.205
126989,4.775
126990,4.535
126991,13.545
126992,12.265
126993,9.665
126994,9.365
126995,10.86
126996,9.315
126997,9.355
126998,9.57
126999,10.415
127000,6.985
127001,11.39
127002,15.455
127003,11.145
127004,10.54
127005,6.98
127006,11.43
127007,14.74
127008,10.31
127009,15.085
127010,11.675
127011,6.86
127012,8.285
127013,17.71
127014,11.455
127015,14.055
127016,9.125
127017,16.365
127018,15.455
127019,9.455
127020,13.67
127021,4.78
127022,9.52
127023,8.88
127024,12.28
127025,8.475
127026,9.82
127027,7.87
127028,15.51
127029,10.4
127030,13.875
127031,9.16
127032,10.625
127033,11.39
127034,14.74
127035,12.78
127036,7.14
127037,8.2
127038,10.325
127039,9.44
127040,12.9
127041,12.265
127042,13.98
127043,12.31
127044,10.66
127045,7.365
127046,12.315
127047,7.295
127048,11.155
127049,14.265
127050,6.85
127051,10.675
127052,5.23
127053,12.885
127054,9.335
127055,9.46
127056,9.21
127057,6.695
127058,6.095
127059,10.53
127060,10.275
127061,9.66
127062,15.335
127063,9.4
127064,9.615
127065,10.465
127066,12.3
127067,6.755
127068,9.435
127069,9.135
127070,17.685
127071,13.325
127072,10.63
127073,10.51
127074,17.08
127075,11.665
127076,17.605
127077,11.555
127078,7.25
127079,14.09
127080,14.015
127081,7.655
127082,13.715
127083,12.905
127084,15.565
127085,9.37
127086,12.67
127087,6.615
127088,10.585
127089,8.51
127090,6.83
127091,10.34
127092,11.3
127093,9.985
127094,6.54
127095,10.35
127096,14.235
127097,10.615
127098,15.125
127099,11.15
127100,10.865
127101,17.055
127102,14.4
127103,8.165
127104,11.355
127105,9.975
127106,8.265
127107,6.78
127108,10.17
127109,4.74
127110,7.315
127111,9.93
127112,11.315
127113,13.3
127114,10.225
127115,9.075
127116,10.46
127117,4.425
127118,8.205
127119,8.845
127120,12.09
127121,12.915
127122,9.335
127123,11.31
127124,7.175
127125,11.18
127126,13.13
127127,13.81
127128,6.355
127129,6.465
127130,9.175
127131,9.85
127132,11.74
127133,11.575
127134,7.125
127135,11.195
127136,11.23
127137,21.945
127138,10.89
127139,6.145
127140,7.61
127141,8.665
127142,6.71
127143,7.2
127144,13.61
127145,7.685
127146,7.35
127147,12.69
127148,9.46
127149,15.445
127150,10.325
127151,9.98
127152,9.755
127153,11.985
127154,10.755
127155,12.335
127156,14.67
127157,10.84
127158,6.61
127159,9.335
127160,9.305
127161,10.77
127162,8.985
127163,6.405
127164,8.325
127165,7.435
127166,11.96
127167,7.06
127168,10.83
127169,13.975
127170,9.33
127171,6.65
127172,10.565
127173,11.1
127174,14.66
127175,10.915
127176,8.695
127177,13.16
127178,10.825
127179,9.935
127180,17.95
127181,15.23
127182,9.33
127183,15.53
127184,7.205
127185,10.675
127186,7.55
127187,10.575
127188,7.125
127189,11.28
127190,10.9
127191,11.105
127192,9.77
127193,10.93
127194,8.04
127195,12.5
127196,11.185
127197,6.585
127198,7.435
127199,9.14
127200,10.755
127201,8.89
127202,10.82
127203,14.55
127204,9.275
127205,8.775
127206,11.7
127207,9.13
127208,10.72
127209,5.1
127210,12.71
127211,9.66
127212,11.935
127213,5.035
127214,9.425
127215,9.495
127216,8.13
127217,11.055
127218,10.425
127219,8.69
127220,4.38
127221,9.635
127222,8.625
127223,14.455
127224,10.59
127225,7.74
127226,13.525
127227,11.75
127228,8.05
127229,10.55
127230,13.87
127231,15.66
127232,12.925
127233,12.395
127234,3.955
127235,8.425
127236,6.475
127237,15.93
127238,11.685
127239,13.03
127240,10.13
127241,10.375
127242,12.055
127243,4.925
127244,11.74
127245,12.435
127246,8.515
127247,9.18
127248,9.17
127249,10.935
127250,6.795
127251,12.955
127252,10.995
127253,11.245
127254,9.08
127255,6.805
127256,9.455
127257,15.145
127258,5.16
127259,12.15
127260,7.48
127261,6.19
127262,6.51
127263,6.56
127264,9.725
127265,11.835
127266,17.42
127267,14.14
127268,7.315
127269,4.155
127270,8.47
127271,11.78
127272,11.34
127273,8.4
127274,9.535
127275,9.8
127276,10.71
127277,9.215
127278,9.67
127279,7.755
127280,10.435
127281,11.455
127282,11.205
127283,12.445
127284,15.285
127285,9.425
127286,8.445
127287,8.975
127288,10.55
127289,16.495
127290,11.08
127291,11.505
127292,11.95
127293,10.58
127294,10.305
127295,9.585
127296,6.575
127297,9.28
127298,12.275
127299,6.59
127300,8.64
127301,13.895
127302,11.08
127303,11.045
127304,12.2
127305,9.19
127306,11.325
127307,8.365
127308,6.24
127309,10.975
127310,7.375
127311,4.8
127312,13.9
127313,8.665
127314,10.485
127315,5.435
127316,5.89
127317,15.595
127318,9.32
127319,10.94
127320,16.96
127321,9.19
127322,8.08
127323,6.51
127324,4.92
127325,5.12
127326,6.545
127327,8.61
127328,11.465
127329,9.66
127330,11.59
127331,11.965
127332,10.755
127333,14.65
127334,10.965
127335,7.22
127336,9.685
127337,7.315
127338,9.495
127339,7.945
127340,9.1
127341,7.755
127342,8.555
127343,10.675
127344,10.615
127345,10.275
127346,9.14
127347,5.65
127348,13.705
127349,8.72
127350,6.37
127351,9.505
127352,14.315
127353,13.935
127354,10.62
127355,12.28
127356,11.65
127357,10.44
127358,8.72
127359,10.57
127360,10.27
127361,12.395
127362,11.31
127363,6.09
127364,12.715
127365,11.565
127366,11.675
127367,9.105
127368,11.11
127369,11.075
127370,11.095
127371,14.14
127372,13.21
127373,7.52
127374,11.835
127375,11.795
127376,7.98
127377,6.03
127378,13.6
127379,7.54
127380,11.81
127381,15.195
127382,10.86
127383,13.05
127384,11.605
127385,7.925
127386,15.495
127387,8.045
127388,5.425
127389,13.405
127390,8.98
127391,9.465
127392,8.75
127393,5.135
127394,16.97
127395,12.115
127396,10.945
127397,11.55
127398,16.19
127399,9.17
127400,16.145
127401,8.535
127402,13.04
127403,9.62
127404,10.675
127405,10.26
127406,8.975
127407,4.27
127408,11.265
127409,9.48
127410,9.57
127411,9.34
127412,9.78
127413,8.935
127414,10.29
127415,9.57
127416,11.085
127417,9.805
127418,12.185
127419,14.565
127420,4.045
127421,11.66
127422,9.645
127423,15.46
127424,10.37
127425,10.645
127426,10.055
127427,10.55
127428,11.765
127429,12.185
127430,5.005
127431,10.42
127432,9.965
127433,10.425
127434,9.4
127435,12.3
127436,9.065
127437,11.975
127438,14.15
127439,11.015
127440,9.02
127441,5.065
127442,4.92
127443,16.6
127444,16.8
127445,10.37
127446,11.415
127447,13.54
127448,11.57
127449,10.66
127450,9.985
127451,8.85
127452,10.1
127453,9.525
127454,7.115
127455,7.975
127456,19.34
127457,12.03
127458,18.255
127459,10.36
127460,8.695
127461,6.835
127462,6.17
127463,6.85
127464,14.505
127465,13.01
127466,4.145
127467,10.8
127468,9.975
127469,10.62
127470,17.3
127471,8.545
127472,9.32
127473,9.535
127474,9.5
127475,12.045
127476,4.79
127477,12.85
127478,11.66
127479,17.615
127480,11.2
127481,6.39
127482,12.6
127483,9.69
127484,10.83
127485,13.755
127486,11.22
127487,9.19
127488,9.955
127489,12.56
127490,7.945
127491,10.95
127492,10.575
127493,9.685
127494,8.44
127495,15.915
127496,9.005
127497,10.66
127498,7.11
127499,8.69
127500,14.135
127501,11.005
127502,10.495
127503,12.655
127504,8.175
127505,9.905
127506,6.89
127507,19.115
127508,11.01
127509,8.93
127510,7.32
127511,10.825
127512,11.53
127513,11.67
127514,10.755
127515,13.43
127516,11.41
127517,12.13
127518,7.31
127519,6.36
127520,9.15
127521,8.11
127522,6.465
127523,8.015
127524,12.53
127525,5.1
127526,10.09
127527,11.18
127528,15.575
127529,9.63
127530,10.655
127531,9.61
127532,18.9
127533,7.96
127534,9.185
127535,7.66
127536,11.405
127537,7.285
127538,7.34
127539,7.545
127540,9.375
127541,10.965
127542,9.84
127543,11.41
127544,13.09
127545,14.13
127546,6.005
127547,9.94
127548,15.295
127549,10.86
127550,7.52
127551,10.765
127552,11.19
127553,5.105
127554,9.505
127555,11.535
127556,11.935
127557,12.15
127558,10.76
127559,10.625
127560,11.555
127561,7.86
127562,16.665
127563,12.955
127564,8.78
127565,9.08
127566,9.28
127567,8.0
127568,11.02
127569,17.68
127570,17.515
127571,6.695
127572,14.995
127573,6.92
127574,11.94
127575,15.245
127576,12.035
127577,9.1
127578,9.055
127579,8.22
127580,8.815
127581,11.87
127582,10.555
127583,12.985
127584,9.405
127585,12.125
127586,7.31
127587,11.105
127588,15.62
127589,10.75
127590,8.85
127591,6.23
127592,5.845
127593,14.81
127594,9.25
127595,5.46
127596,14.605
127597,11.57
127598,10.185
127599,4.57
127600,12.155
127601,11.62
127602,5.01
127603,9.545
127604,8.075
127605,12.805
127606,9.485
127607,10.825
127608,5.91
127609,4.665
127610,10.78
127611,9.31
127612,8.87
127613,6.86
127614,14.565
127615,5.135
127616,12.885
127617,12.985
127618,11.605
127619,8.85
127620,10.815
127621,11.59
127622,9.93
127623,12.24
127624,10.515
127625,8.355
127626,11.17
127627,4.24
127628,7.095
127629,11.165
127630,16.26
127631,9.435
127632,8.09
127633,10.69
127634,7.15
127635,12.79
127636,9.625
127637,9.505
127638,15.065
127639,10.175
127640,10.57
127641,13.61
127642,10.735
127643,16.57
127644,6.68
127645,4.24
127646,12.82
127647,5.83
127648,8.465
127649,10.73
127650,10.385
127651,10.83
127652,14.265
127653,5.97
127654,10.56
127655,17.875
127656,10.385
127657,6.55
127658,15.59
127659,12.075
127660,8.39
127661,6.46
127662,14.165
127663,14.655
127664,9.16
127665,8.995
127666,9.685
127667,8.745
127668,5.685
127669,14.56
127670,16.26
127671,12.28
127672,9.285
127673,13.075
127674,8.315
127675,11.93
127676,12.0
127677,8.685
127678,13.13
127679,10.055
127680,14.515
127681,3.74
127682,3.925
127683,8.5
127684,12.905
127685,14.985
127686,16.905
127687,14.305
127688,9.195
127689,12.345
127690,10.29
127691,5.625
127692,12.325
127693,6.515
127694,10.525
127695,8.77
127696,12.245
127697,11.67
127698,6.905
127699,7.505
127700,10.04
127701,6.315
127702,6.55
127703,9.895
127704,5.4
127705,5.175
127706,9.35
127707,11.805
127708,7.445
127709,9.83
127710,6.945
127711,11.785
127712,11.775
127713,10.885
127714,12.24
127715,11.235
127716,10.375
127717,8.225
127718,7.985
127719,12.365
127720,8.465
127721,8.425
127722,9.96
127723,9.635
127724,3.99
127725,9.73
127726,10.46
127727,12.045
127728,9.615
127729,10.605
127730,6.685
127731,7.025
127732,13.405
127733,10.68
127734,11.19
127735,10.22
127736,7.54
127737,11.03
127738,7.905
127739,8.315
127740,9.13
127741,12.23
127742,10.33
127743,9.64
127744,8.32
127745,6.675
127746,12.45
127747,9.225
127748,8.59
127749,10.48
127750,12.645
127751,9.475
127752,6.585
127753,11.685
127754,10.55
127755,5.115
127756,9.945
127757,10.77
127758,3.9
127759,8.045
127760,11.295
127761,10.955
127762,9.71
127763,12.14
127764,11.605
127765,10.435
127766,15.995
127767,7.8
127768,10.675
127769,6.67
127770,7.21
127771,7.69
127772,10.32
127773,10.905
127774,6.665
127775,10.545
127776,10.14
127777,11.63
127778,11.325
127779,10.795
127780,7.24
127781,7.715
127782,8.425
127783,9.595
127784,6.045
127785,6.53
127786,9.835
127787,9.885
127788,14.02
127789,6.83
127790,6.88
127791,18.565
127792,10.92
127793,11.105
127794,10.47
127795,13.18
127796,10.225
127797,10.145
127798,11.98
127799,10.62
127800,8.81
127801,8.045
127802,10.265
127803,10.84
127804,6.585
127805,8.51
127806,8.3
127807,9.85
127808,6.82
127809,14.36
127810,14.99
127811,11.395
127812,4.895
127813,14.91
127814,9.405
127815,10.065
127816,11.575
127817,11.49
127818,9.715
127819,11.44
127820,14.645
127821,12.925
127822,13.12
127823,11.7
127824,6.56
127825,10.305
127826,9.03
127827,19.495
127828,11.8
127829,10.565
127830,10.025
127831,6.785
127832,14.915
127833,10.255
127834,9.06
127835,7.13
127836,13.07
127837,6.925
127838,7.295
127839,13.22
127840,9.455
127841,4.035
127842,15.98
127843,10.23
127844,10.92
127845,10.26
127846,10.895
127847,6.09
127848,10.41
127849,9.675
127850,7.2
127851,10.555
127852,14.62
127853,11.805
127854,6.005
127855,7.625
127856,6.275
127857,11.63
127858,5.2
127859,7.135
127860,11.69
127861,12.365
127862,7.975
127863,11.435
127864,10.13
127865,12.015
127866,10.14
127867,9.595
127868,9.2
127869,8.965
127870,9.82
127871,12.32
127872,4.775
127873,11.285
127874,10.55
127875,9.635
127876,14.225
127877,6.275
127878,7.81
127879,10.92
127880,12.78
127881,8.36
127882,12.095
127883,11.575
127884,14.435
127885,11.04
127886,15.315
127887,7.775
127888,16.395
127889,4.64
127890,6.305
127891,15.18
127892,7.595
127893,4.765
127894,7.665
127895,7.545
127896,7.605
127897,14.745
127898,5.535
127899,9.35
127900,10.845
127901,8.33
127902,10.485
127903,6.375
127904,6.315
127905,9.13
127906,17.935
127907,11.46
127908,11.03
127909,10.15
127910,9.895
127911,14.775
127912,8.74
127913,13.925
127914,12.005
127915,9.455
127916,19.185
127917,9.005
127918,16.53
127919,12.62
127920,10.475
127921,17.54
127922,11.185
127923,9.065
127924,10.555
127925,12.495
127926,8.21
127927,8.875
127928,10.61
127929,9.04
127930,12.765
127931,10.2
127932,9.74
127933,11.0
127934,10.435
127935,8.645
127936,14.63
127937,9.23
127938,5.335
127939,9.96
127940,9.435
127941,10.495
127942,10.475
127943,9.92
127944,9.945
127945,13.53
127946,12.585
127947,11.435
127948,12.255
127949,13.73
127950,11.035
127951,6.505
127952,19.215
127953,6.88
127954,11.425
127955,5.085
127956,10.33
127957,10.585
127958,10.365
127959,14.005
127960,9.615
127961,11.515
127962,9.255
127963,14.945
127964,10.665
127965,6.98
127966,14.02
127967,11.995
127968,15.455
127969,19.125
127970,11.595
127971,8.325
127972,7.87
127973,8.205
127974,7.12
127975,12.545
127976,9.355
127977,11.245
127978,10.985
127979,5.215
127980,7.51
127981,9.76
127982,8.285
127983,7.215
127984,7.54
127985,8.085
127986,10.565
127987,6.795
127988,7.735
127989,11.015
127990,11.245
127991,7.7
127992,10.005
127993,13.03
127994,8.98
127995,14.98
127996,7.09
127997,10.405
127998,11.08
127999,16.97
128000,11.325
128001,13.285
128002,10.925
128003,9.675
128004,12.77
128005,4.73
128006,8.255
128007,10.065
128008,9.225
128009,13.705
128010,12.12
128011,15.195
128012,7.145
128013,8.88
128014,9.095
128015,9.535
128016,10.865
128017,11.6
128018,12.17
128019,9.985
128020,13.325
128021,10.71
128022,9.035
128023,9.475
128024,9.795
128025,10.265
128026,7.485
128027,8.25
128028,7.875
128029,10.025
128030,7.06
128031,10.63
128032,14.745
128033,9.465
128034,13.275
128035,11.9
128036,8.915
128037,3.925
128038,13.315
128039,16.555
128040,10.075
128041,8.86
128042,12.31
128043,9.305
128044,8.65
128045,10.245
128046,5.105
128047,7.205
128048,10.545
128049,12.345
128050,11.045
128051,11.245
128052,7.155
128053,10.625
128054,11.015
128055,9.33
128056,9.245
128057,8.43
128058,11.245
128059,8.17
128060,8.615
128061,9.505
128062,7.695
128063,9.66
128064,12.955
128065,13.26
128066,9.16
128067,10.675
128068,15.755
128069,11.245
128070,11.035
128071,10.37
128072,10.925
128073,10.575
128074,7.565
128075,11.135
128076,9.46
128077,9.975
128078,9.405
128079,8.305
128080,7.215
128081,8.245
128082,6.595
128083,10.11
128084,9.43
128085,7.77
128086,11.835
128087,7.185
128088,6.825
128089,13.965
128090,11.77
128091,5.0
128092,16.455
128093,15.245
128094,10.09
128095,14.215
128096,6.57
128097,11.025
128098,6.68
128099,6.12
128100,13.695
128101,8.66
128102,12.585
128103,6.69
128104,6.655
128105,10.56
128106,10.61
128107,7.8
128108,7.235
128109,3.795
128110,11.76
128111,10.29
128112,10.695
128113,9.115
128114,8.7
128115,9.71
128116,9.74
128117,8.15
128118,12.97
128119,7.245
128120,5.77
128121,9.1
128122,10.92
128123,6.685
128124,14.245
128125,11.325
128126,10.465
128127,12.74
128128,7.295
128129,11.575
128130,5.225
128131,14.39
128132,10.53
128133,14.69
128134,11.775
128135,6.125
128136,6.745
128137,11.93
128138,6.895
128139,8.99
128140,8.655
128141,9.825
128142,9.32
128143,9.865
128144,8.82
128145,9.505
128146,16.65
128147,9.785
128148,8.1
128149,6.54
128150,10.845
128151,11.075
128152,10.49
128153,12.255
128154,11.67
128155,7.97
128156,9.48
128157,3.89
128158,13.405
128159,6.93
128160,5.395
128161,12.445
128162,9.71
128163,10.73
128164,10.25
128165,9.885
128166,4.275
128167,8.09
128168,12.355
128169,10.46
128170,10.48
128171,9.875
128172,10.79
128173,9.655
128174,8.465
128175,6.645
128176,6.68
128177,11.2
128178,7.565
128179,12.365
128180,15.96
128181,10.73
128182,8.9
128183,9.475
128184,14.32
128185,17.18
128186,12.495
128187,10.59
128188,11.635
128189,13.69
128190,9.13
128191,9.865
128192,10.695
128193,7.915
128194,7.035
128195,6.515
128196,10.235
128197,8.665
128198,5.72
128199,9.34
128200,18.555
128201,10.81
128202,9.43
128203,9.405
128204,8.98
128205,12.615
128206,12.295
128207,11.13
128208,13.5
128209,11.27
128210,11.89
128211,7.395
128212,13.185
128213,9.325
128214,7.445
128215,5.41
128216,7.785
128217,12.52
128218,6.855
128219,15.665
128220,11.78
128221,12.105
128222,7.32
128223,6.925
128224,12.73
128225,10.545
128226,14.26
128227,6.89
128228,9.145
128229,10.66
128230,10.925
128231,7.18
128232,6.145
128233,10.93
128234,9.88
128235,11.695
128236,14.1
128237,10.89
128238,10.415
128239,15.34
128240,9.98
128241,10.305
128242,6.26
128243,13.595
128244,9.35
128245,10.095
128246,11.215
128247,10.62
128248,7.56
128249,12.475
128250,11.12
128251,9.195
128252,9.55
128253,9.16
128254,14.735
128255,16.08
128256,9.995
128257,7.085
128258,10.72
128259,6.85
128260,12.07
128261,12.085
128262,10.74
128263,10.915
128264,6.515
128265,10.875
128266,6.51
128267,9.43
128268,10.465
128269,11.86
128270,11.315
128271,11.66
128272,11.535
128273,8.325
128274,11.82
128275,10.385
128276,7.725
128277,11.175
128278,8.125
128279,7.12
128280,17.105
128281,11.63
128282,10.765
128283,15.645
128284,4.075
128285,3.785
128286,9.98
128287,9.34
128288,6.52
128289,10.45
128290,11.435
128291,12.405
128292,13.555
128293,13.45
128294,11.305
128295,12.27
128296,13.035
128297,13.96
128298,10.15
128299,11.155
128300,10.87
128301,12.6
128302,8.28
128303,8.42
128304,7.73
128305,7.85
128306,10.875
128307,14.355
128308,11.865
128309,10.085
128310,10.93
128311,10.815
128312,8.025
128313,10.535
128314,13.44
128315,7.555
128316,16.09
128317,11.59
128318,10.725
128319,10.82
128320,10.99
128321,8.49
128322,9.74
128323,17.675
128324,6.995
128325,7.84
128326,13.495
128327,9.715
128328,11.44
128329,6.675
128330,8.445
128331,16.075
128332,5.565
128333,15.01
128334,7.35
128335,8.875
128336,9.085
128337,11.43
128338,7.98
128339,7.91
128340,10.5
128341,7.05
128342,8.905
128343,9.42
128344,10.555
128345,14.64
128346,8.41
128347,9.83
128348,8.405
128349,8.25
128350,11.97
128351,7.125
128352,11.475
128353,10.25
128354,5.63
128355,11.17
128356,7.615
128357,6.625
128358,8.26
128359,8.565
128360,10.18
128361,12.435
128362,10.665
128363,7.205
128364,10.165
128365,9.665
128366,10.555
128367,9.775
128368,9.41
128369,13.675
128370,14.675
128371,10.79
128372,11.11
128373,14.685
128374,11.745
128375,8.97
128376,17.465
128377,12.665
128378,6.8
128379,8.225
128380,6.915
128381,12.795
128382,3.99
128383,11.275
128384,14.115
128385,4.73
128386,9.19
128387,6.875
128388,11.305
128389,9.835
128390,6.94
128391,12.235
128392,5.9
128393,5.64
128394,10.22
128395,11.215
128396,12.525
128397,16.305
128398,9.095
128399,13.105
128400,9.255
128401,7.22
128402,8.5
128403,8.145
128404,6.68
128405,8.735
128406,14.175
128407,11.735
128408,10.005
128409,17.315
128410,4.385
128411,7.61
128412,10.93
128413,8.235
128414,6.33
128415,9.045
128416,10.225
128417,14.325
128418,10.77
128419,11.77
128420,5.32
128421,11.37
128422,11.905
128423,8.31
128424,9.65
128425,11.27
128426,10.68
128427,7.845
128428,11.51
128429,11.13
128430,7.97
128431,12.34
128432,9.585
128433,7.675
128434,7.17
128435,7.45
128436,14.46
128437,11.2
128438,10.98
128439,11.515
128440,7.94
128441,14.07
128442,11.225
128443,18.84
128444,6.245
128445,8.765
128446,11.61
128447,4.475
128448,13.96
128449,12.195
128450,10.5
128451,10.18
128452,12.4
128453,10.99
128454,7.655
128455,8.775
128456,11.645
128457,6.555
128458,7.965
128459,7.89
128460,7.255
128461,14.475
128462,9.845
128463,9.235
128464,5.97
128465,9.77
128466,11.995
128467,7.955
128468,10.795
128469,11.535
128470,10.91
128471,6.27
128472,9.63
128473,9.435
128474,14.52
128475,8.035
128476,10.11
128477,16.53
128478,9.145
128479,9.96
128480,11.43
128481,8.05
128482,9.7
128483,12.94
128484,5.395
128485,8.165
128486,9.59
128487,10.815
128488,11.325
128489,13.18
128490,15.395
128491,9.45
128492,14.945
128493,11.185
128494,11.805
128495,8.545
128496,10.615
128497,9.82
128498,6.335
128499,15.77
128500,10.395
128501,7.905
128502,5.345
128503,13.045
128504,9.09
128505,6.005
128506,11.365
128507,10.18
128508,13.385
128509,6.99
128510,5.985
128511,14.59
128512,9.955
128513,12.695
128514,10.245
128515,13.51
128516,9.535
128517,9.03
128518,14.08
128519,9.045
128520,9.98
128521,5.58
128522,5.785
128523,10.86
128524,7.73
128525,8.185
128526,9.225
128527,6.315
128528,9.785
128529,14.3
128530,9.7
128531,9.23
128532,8.605
128533,9.695
128534,10.71
128535,12.3
128536,11.98
128537,8.305
128538,15.065
128539,9.02
128540,7.9
128541,9.49
128542,8.93
128543,11.435
128544,10.365
128545,6.585
128546,7.895
128547,9.57
128548,10.195
128549,9.78
128550,9.305
128551,6.67
128552,6.69
128553,11.065
128554,10.47
128555,13.37
128556,10.69
128557,5.63
128558,7.105
128559,10.85
128560,11.21
128561,9.18
128562,5.355
128563,9.905
128564,18.735
128565,10.425
128566,7.93
128567,9.74
128568,9.02
128569,3.935
128570,9.44
128571,16.04
128572,8.88
128573,14.415
128574,10.91
128575,7.985
128576,10.915
128577,14.85
128578,6.71
128579,9.38
128580,11.43
128581,10.535
128582,4.34
128583,18.2
128584,9.055
128585,11.58
128586,9.41
128587,8.14
128588,8.19
128589,9.815
128590,10.77
128591,9.385
128592,10.66
128593,8.88
128594,8.22
128595,12.91
128596,8.21
128597,8.095
128598,6.77
128599,9.165
128600,7.155
128601,10.725
128602,10.06
128603,12.235
128604,10.26
128605,12.21
128606,5.39
128607,8.07
128608,11.565
128609,9.31
128610,8.82
128611,12.2
128612,9.41
128613,11.035
128614,6.85
128615,10.475
128616,9.625
128617,6.44
128618,13.28
128619,9.365
128620,12.33
128621,12.41
128622,12.83
128623,11.655
128624,6.78
128625,10.725
128626,9.46
128627,9.245
128628,10.095
128629,12.475
128630,10.75
128631,6.81
128632,11.15
128633,8.44
128634,12.77
128635,10.89
128636,9.445
128637,11.67
128638,7.755
128639,10.23
128640,9.675
128641,13.26
128642,17.96
128643,10.18
128644,7.89
128645,8.44
128646,18.09
128647,8.51
128648,12.065
128649,9.225
128650,10.855
128651,6.495
128652,14.19
128653,8.425
128654,11.215
128655,8.555
128656,4.735
128657,8.035
128658,10.025
128659,11.61
128660,10.87
128661,6.965
128662,15.905
128663,8.3
128664,9.0
128665,10.55
128666,17.23
128667,4.775
128668,16.09
128669,15.355
128670,8.55
128671,10.355
128672,10.34
128673,7.655
128674,10.59
128675,10.62
128676,19.885
128677,10.485
128678,16.365
128679,10.705
128680,11.4
128681,9.725
128682,7.29
128683,9.22
128684,8.55
128685,11.26
128686,11.185
128687,11.56
128688,8.99
128689,11.325
128690,5.295
128691,14.195
128692,10.755
128693,10.585
128694,9.155
128695,8.64
128696,14.0
128697,9.865
128698,10.845
128699,4.36
128700,4.765
128701,10.66
128702,13.105
128703,10.39
128704,4.98
128705,15.175
128706,6.705
128707,5.125
128708,12.915
128709,7.34
128710,11.64
128711,12.135
128712,6.73
128713,5.05
128714,7.92
128715,10.62
128716,9.705
128717,17.01
128718,12.86
128719,12.79
128720,18.74
128721,9.835
128722,8.5
128723,5.515
128724,10.83
128725,7.055
128726,7.61
128727,10.83
128728,14.33
128729,8.215
128730,8.515
128731,10.92
128732,7.895
128733,10.835
128734,7.82
128735,11.51
128736,11.095
128737,6.795
128738,5.085
128739,10.9
128740,9.13
128741,6.335
128742,15.98
128743,8.83
128744,9.375
128745,17.01
128746,15.515
128747,13.265
128748,7.93
128749,9.82
128750,7.765
128751,9.17
128752,14.27
128753,4.84
128754,10.665
128755,5.985
128756,13.955
128757,7.81
128758,9.59
128759,9.715
128760,7.05
128761,11.07
128762,7.05
128763,11.085
128764,7.17
128765,7.645
128766,10.755
128767,6.61
128768,12.255
128769,13.695
128770,15.865
128771,9.04
128772,13.04
128773,8.765
128774,9.97
128775,10.575
128776,10.68
128777,6.625
128778,8.82
128779,12.175
128780,9.52
128781,12.535
128782,12.5
128783,5.77
128784,8.01
128785,8.41
128786,13.54
128787,11.34
128788,13.75
128789,7.205
128790,10.665
128791,11.075
128792,10.595
128793,9.495
128794,8.915
128795,9.715
128796,9.375
128797,12.085
128798,9.28
128799,8.89
128800,11.435
128801,12.495
128802,9.475
128803,4.325
128804,10.875
128805,9.03
128806,8.98
128807,10.705
128808,10.44
128809,7.235
128810,9.805
128811,12.655
128812,13.135
128813,6.165
128814,10.3
128815,9.805
128816,14.205
128817,10.6
128818,9.795
128819,10.645
128820,9.585
128821,12.145
128822,10.345
128823,10.29
128824,12.89
128825,9.07
128826,9.05
128827,15.185
128828,9.355
128829,12.515
128830,18.16
128831,5.93
128832,11.65
128833,9.215
128834,9.695
128835,11.72
128836,17.17
128837,7.535
128838,7.46
128839,11.505
128840,4.3
128841,9.075
128842,6.535
128843,12.2
128844,9.465
128845,7.605
128846,6.82
128847,6.03
128848,10.24
128849,11.26
128850,6.475
128851,4.79
128852,7.88
128853,15.35
128854,13.02
128855,11.325
128856,10.73
128857,9.125
128858,12.3
128859,10.82
128860,12.28
128861,11.455
128862,9.495
128863,10.51
128864,5.44
128865,9.075
128866,9.405
128867,11.43
128868,9.69
128869,6.41
128870,8.48
128871,9.53
128872,12.76
128873,7.5
128874,11.66
128875,10.595
128876,5.01
128877,9.715
128878,9.12
128879,6.815
128880,10.75
128881,14.005
128882,10.93
128883,6.55
128884,10.815
128885,11.67
128886,7.01
128887,10.37
128888,9.335
128889,7.71
128890,13.935
128891,7.435
128892,4.38
128893,9.375
128894,11.46
128895,9.185
128896,12.78
128897,7.965
128898,14.005
128899,12.255
128900,7.785
128901,6.41
128902,10.6
128903,9.98
128904,8.4
128905,6.425
128906,12.415
128907,16.38
128908,11.675
128909,7.59
128910,9.385
128911,14.905
128912,14.055
128913,11.29
128914,9.35
128915,8.99
128916,9.19
128917,12.35
128918,11.135
128919,17.41
128920,9.58
128921,13.9
128922,9.27
128923,8.32
128924,11.575
128925,11.09
128926,9.02
128927,5.565
128928,10.975
128929,14.075
128930,9.995
128931,11.675
128932,16.15
128933,3.94
128934,16.09
128935,11.62
128936,8.875
128937,6.885
128938,7.03
128939,5.11
128940,11.525
128941,9.895
128942,7.985
128943,4.805
128944,7.805
128945,6.24
128946,11.49
128947,9.055
128948,9.72
128949,10.16
128950,11.625
128951,11.57
128952,12.17
128953,10.415
128954,10.01
128955,10.275
128956,18.215
128957,9.13
128958,8.95
128959,11.335
128960,10.85
128961,11.69
128962,11.205
128963,7.13
128964,11.105
128965,6.785
128966,4.765
128967,9.8
128968,8.54
128969,9.285
128970,9.2
128971,9.575
128972,12.745
128973,11.225
128974,11.17
128975,8.64
128976,13.25
128977,6.45
128978,6.165
128979,10.965
128980,14.175
128981,18.405
128982,10.985
128983,11.495
128984,10.135
128985,9.345
128986,8.905
128987,10.44
128988,8.345
128989,9.645
128990,13.065
128991,8.055
128992,11.355
128993,13.085
128994,13.59
128995,8.735
128996,6.705
128997,9.005
128998,8.615
128999,9.175
129000,9.37
129001,10.33
129002,8.21
129003,6.68
129004,9.8
129005,5.85
129006,8.79
129007,6.95
129008,14.18
129009,11.355
129010,5.245
129011,16.675
129012,8.15
129013,7.455
129014,12.075
129015,11.085
129016,14.905
129017,11.75
129018,9.6
129019,15.96
129020,11.775
129021,11.89
129022,4.87
129023,9.51
129024,12.59
129025,7.55
129026,8.68
129027,10.47
129028,10.045
129029,7.065
129030,6.43
129031,9.295
129032,4.84
129033,6.49
129034,8.925
129035,7.07
129036,6.67
129037,7.89
129038,15.885
129039,6.035
129040,7.815
129041,11.265
129042,12.815
129043,7.815
129044,11.555
129045,9.36
129046,9.89
129047,14.345
129048,9.64
129049,14.25
129050,7.29
129051,9.42
129052,4.785
129053,13.215
129054,10.61
129055,13.955
129056,7.175
129057,13.45
129058,7.615
129059,6.195
129060,12.165
129061,11.87
129062,11.24
129063,7.64
129064,9.79
129065,7.195
129066,11.635
129067,8.98
129068,9.075
129069,6.78
129070,6.8
129071,6.835
129072,9.05
129073,8.8
129074,12.13
129075,4.775
129076,13.13
129077,7.76
129078,9.3
129079,14.635
129080,6.945
129081,10.78
129082,4.055
129083,11.41
129084,10.635
129085,10.615
129086,6.63
129087,10.13
129088,10.465
129089,10.235
129090,9.485
129091,6.89
129092,12.115
129093,16.73
129094,9.43
129095,11.955
129096,10.245
129097,9.785
129098,10.125
129099,12.735
129100,8.555
129101,10.645
129102,9.47
129103,6.445
129104,10.13
129105,7.2
129106,7.08
129107,6.03
129108,9.095
129109,9.025
129110,5.845
129111,10.78
129112,10.87
129113,7.24
129114,10.85
129115,9.34
129116,16.54
129117,9.985
129118,10.985
129119,11.43
129120,8.92
129121,11.7
129122,8.04
129123,16.69
129124,9.86
129125,8.94
129126,11.33
129127,11.145
129128,9.24
129129,10.1
129130,12.705
129131,9.685
129132,7.16
129133,11.175
129134,17.92
129135,10.175
129136,11.485
129137,8.395
129138,6.7
129139,10.345
129140,9.19
129141,11.795
129142,10.44
129143,13.725
129144,13.015
129145,10.67
129146,9.985
129147,7.26
129148,9.865
129149,10.145
129150,19.215
129151,12.33
129152,10.255
129153,6.23
129154,11.27
129155,10.695
129156,10.465
129157,7.415
129158,6.465
129159,12.05
129160,16.345
129161,8.14
129162,7.165
129163,10.265
129164,10.445
129165,10.16
129166,8.64
129167,10.72
129168,6.31
129169,10.8
129170,9.07
129171,10.335
129172,10.05
129173,12.455
129174,12.115
129175,9.915
129176,9.01
129177,10.325
129178,11.675
129179,11.09
129180,9.23
129181,10.935
129182,10.365
129183,10.82
129184,7.645
129185,10.0
129186,14.825
129187,13.215
129188,8.145
129189,9.37
129190,10.845
129191,11.82
129192,9.965
129193,10.415
129194,7.99
129195,12.72
129196,10.415
129197,9.99
129198,9.575
129199,9.775
129200,14.72
129201,7.935
129202,7.14
129203,7.11
129204,11.01
129205,12.82
129206,8.09
129207,17.845
129208,12.83
129209,9.62
129210,7.735
129211,15.965
129212,12.475
129213,7.35
129214,9.74
129215,6.825
129216,15.58
129217,9.83
129218,7.765
129219,9.47
129220,17.06
129221,8.735
129222,7.965
129223,7.1
129224,8.53
129225,9.42
129226,5.545
129227,7.775
129228,11.645
129229,7.425
129230,8.415
129231,10.385
129232,10.105
129233,10.96
129234,8.565
129235,16.22
129236,11.68
129237,13.31
129238,12.02
129239,9.86
129240,7.94
129241,13.145
129242,10.815
129243,7.355
129244,8.525
129245,9.38
129246,12.295
129247,9.59
129248,7.09
129249,7.15
129250,7.425
129251,20.1
129252,13.145
129253,10.49
129254,7.44
129255,10.02
129256,15.225
129257,13.245
129258,8.915
129259,10.05
129260,16.15
129261,13.71
129262,12.73
129263,8.76
129264,3.935
129265,6.025
129266,10.36
129267,7.795
129268,10.96
129269,5.785
129270,10.26
129271,10.47
129272,10.975
129273,9.865
129274,6.505
129275,7.105
129276,7.015
129277,15.555
129278,10.985
129279,9.23
129280,10.24
129281,8.96
129282,10.085
129283,7.27
129284,8.585
129285,9.94
129286,7.465
129287,12.105
129288,9.76
129289,9.945
129290,12.18
129291,6.57
129292,12.665
129293,12.475
129294,12.485
129295,11.07
129296,13.71
129297,11.41
129298,6.99
129299,6.655
129300,8.98
129301,6.03
129302,10.845
129303,5.045
129304,13.43
129305,9.895
129306,4.675
129307,13.04
129308,11.755
129309,13.625
129310,12.32
129311,9.89
129312,13.01
129313,8.85
129314,4.925
129315,10.635
129316,14.905
129317,10.505
129318,11.215
129319,3.77
129320,5.93
129321,9.34
129322,4.765
129323,6.98
129324,14.67
129325,13.14
129326,11.965
129327,15.72
129328,12.59
129329,8.205
129330,10.77
129331,4.155
129332,12.065
129333,8.5
129334,11.12
129335,9.7
129336,7.925
129337,8.435
129338,10.8
129339,10.7
129340,14.28
129341,10.745
129342,7.1
129343,13.01
129344,10.75
129345,8.795
129346,10.095
129347,13.195
129348,11.105
129349,11.72
129350,12.03
129351,10.0
129352,12.095
129353,12.275
129354,10.32
129355,11.48
129356,6.88
129357,10.845
129358,10.47
129359,6.96
129360,12.105
129361,9.65
129362,6.875
129363,10.125
129364,8.84
129365,10.8
129366,9.55
129367,9.4
129368,10.135
129369,13.55
129370,11.405
129371,7.83
129372,6.7
129373,15.43
129374,8.025
129375,8.34
129376,8.94
129377,11.205
129378,10.315
129379,9.91
129380,9.475
129381,10.02
129382,10.845
129383,8.875
129384,10.74
129385,10.195
129386,7.61
129387,11.25
129388,14.83
129389,9.675
129390,9.47
129391,9.835
129392,9.825
129393,7.55
129394,7.595
129395,9.34
129396,4.355
129397,11.1
129398,8.315
129399,13.625
129400,11.63
129401,6.865
129402,8.375
129403,9.805
129404,12.715
129405,7.75
129406,17.205
129407,11.305
129408,10.665
129409,16.175
129410,10.65
129411,10.24
129412,7.61
129413,11.565
129414,6.12
129415,5.535
129416,9.795
129417,10.155
129418,5.785
129419,5.56
129420,14.945
129421,16.245
129422,10.345
129423,6.75
129424,11.19
129425,15.22
129426,10.495
129427,8.12
129428,10.375
129429,8.53
129430,6.68
129431,8.97
129432,10.295
129433,13.81
129434,14.565
129435,10.02
129436,13.38
129437,6.91
129438,8.625
129439,13.2
129440,8.73
129441,11.595
129442,12.505
129443,12.03
129444,11.85
129445,11.37
129446,11.33
129447,9.93
129448,13.3
129449,8.22
129450,4.59
129451,15.38
129452,13.59
129453,4.935
129454,3.67
129455,10.74
129456,12.895
129457,10.975
129458,11.5
129459,7.775
129460,8.255
129461,9.39
129462,17.03
129463,10.61
129464,13.595
129465,12.01
129466,10.34
129467,10.14
129468,12.04
129469,6.555
129470,7.57
129471,10.085
129472,5.89
129473,12.545
129474,7.81
129475,13.985
129476,6.935
129477,10.355
129478,10.85
129479,10.58
129480,11.405
129481,8.075
129482,10.04
129483,12.155
129484,9.75
129485,8.245
129486,12.675
129487,9.36
129488,9.395
129489,7.53
129490,6.65
129491,8.5
129492,13.97
129493,11.85
129494,14.095
129495,9.395
129496,9.71
129497,6.74
129498,6.32
129499,10.34
129500,9.185
129501,18.755
129502,8.21
129503,8.21
129504,12.52
129505,12.925
129506,6.59
129507,7.9
129508,5.015
129509,14.23
129510,10.705
129511,12.835
129512,8.695
129513,11.385
129514,11.86
129515,13.055
129516,8.925
129517,11.555
129518,9.275
129519,9.475
129520,14.385
129521,11.975
129522,14.03
129523,6.86
129524,14.72
129525,6.905
129526,13.585
129527,13.17
129528,9.665
129529,10.9
129530,10.67
129531,6.205
129532,6.23
129533,16.435
129534,14.74
129535,10.12
129536,8.375
129537,10.625
129538,6.67
129539,10.89
129540,9.64
129541,13.76
129542,5.745
129543,10.815
129544,10.95
129545,8.39
129546,6.3
129547,7.29
129548,8.57
129549,6.605
129550,6.76
129551,8.25
129552,7.91
129553,4.63
129554,9.225
129555,10.945
129556,15.225
129557,11.395
129558,10.755
129559,13.395
129560,13.68
129561,9.545
129562,12.23
129563,6.76
129564,7.77
129565,10.12
129566,9.035
129567,3.82
129568,10.8
129569,16.385
129570,10.155
129571,6.635
129572,15.335
129573,13.625
129574,9.15
129575,8.385
129576,8.085
129577,8.575
129578,12.075
129579,10.44
129580,10.465
129581,4.365
129582,10.005
129583,11.86
129584,11.83
129585,9.995
129586,8.95
129587,9.46
129588,11.17
129589,10.845
129590,14.76
129591,9.125
129592,6.485
129593,12.875
129594,11.085
129595,5.43
129596,6.805
129597,7.59
129598,10.055
129599,10.42
129600,13.935
129601,9.185
129602,10.405
129603,6.72
129604,8.165
129605,7.55
129606,10.54
129607,10.635
129608,7.155
129609,6.81
129610,10.115
129611,9.13
129612,10.205
129613,9.24
129614,9.74
129615,9.345
129616,15.16
129617,10.48
129618,7.805
129619,6.595
129620,8.125
129621,8.725
129622,10.785
129623,10.3
129624,8.18
129625,12.735
129626,7.22
129627,8.805
129628,16.265
129629,9.29
129630,3.82
129631,11.295
129632,11.8
129633,12.43
129634,10.565
129635,7.135
129636,11.305
129637,11.535
129638,11.72
129639,14.165
129640,10.695
129641,10.755
129642,6.66
129643,9.24
129644,10.98
129645,6.56
129646,7.685
129647,15.505
129648,13.65
129649,8.51
129650,14.395
129651,9.26
129652,11.35
129653,15.455
129654,8.775
129655,21.43
129656,9.365
129657,12.17
129658,6.51
129659,16.26
129660,14.48
129661,11.725
129662,11.635
129663,12.39
129664,6.09
129665,11.315
129666,18.405
129667,9.26
129668,9.62
129669,11.18
129670,9.965
129671,8.02
129672,10.525
129673,8.6
129674,5.1
129675,10.44
129676,10.35
129677,13.31
129678,8.005
129679,10.67
129680,12.58
129681,14.79
129682,15.195
129683,9.875
129684,10.85
129685,10.675
129686,9.715
129687,8.935
129688,7.28
129689,11.01
129690,7.975
129691,13.73
129692,9.61
129693,9.54
129694,10.925
129695,6.485
129696,10.34
129697,7.79
129698,8.4
129699,9.175
129700,6.415
129701,9.03
129702,6.78
129703,9.62
129704,7.635
129705,5.29
129706,3.365
129707,7.59
129708,10.785
129709,11.745
129710,8.295
129711,13.685
129712,10.645
129713,8.72
129714,10.905
129715,6.07
129716,13.39
129717,8.21
129718,7.96
129719,9.355
129720,5.305
129721,13.3
129722,8.3
129723,11.085
129724,8.415
129725,10.24
129726,3.665
129727,8.35
129728,16.025
129729,8.885
129730,9.77
129731,9.735
129732,11.555
129733,10.56
129734,6.965
129735,8.64
129736,9.685
129737,6.94
129738,7.105
129739,13.18
129740,8.995
129741,14.31
129742,16.47
129743,10.56
129744,13.43
129745,6.89
129746,10.3
129747,8.365
129748,6.62
129749,9.41
129750,13.59
129751,14.37
129752,7.625
129753,10.965
129754,7.98
129755,9.77
129756,9.105
129757,7.075
129758,9.695
129759,12.68
129760,15.265
129761,11.145
129762,10.195
129763,12.37
129764,13.07
129765,14.32
129766,11.175
129767,5.895
129768,10.8
129769,11.605
129770,12.595
129771,14.14
129772,11.335
129773,10.525
129774,7.055
129775,12.7
129776,8.32
129777,7.435
129778,6.785
129779,10.41
129780,10.02
129781,7.345
129782,9.995
129783,9.975
129784,10.09
129785,9.5
129786,6.305
129787,11.865
129788,7.505
129789,6.8
129790,10.735
129791,13.195
129792,11.47
129793,10.075
129794,11.46
129795,13.835
129796,7.39
129797,10.235
129798,7.565
129799,14.59
129800,6.21
129801,8.995
129802,11.03
129803,13.21
129804,13.13
129805,9.275
129806,15.295
129807,15.725
129808,13.1
129809,8.465
129810,13.22
129811,10.33
129812,10.5
129813,7.89
129814,12.205
129815,5.85
129816,10.61
129817,7.215
129818,10.705
129819,14.73
129820,12.37
129821,7.635
129822,16.14
129823,9.52
129824,10.885
129825,9.035
129826,8.13
129827,8.92
129828,7.8
129829,9.545
129830,11.125
129831,13.655
129832,16.225
129833,10.75
129834,15.07
129835,11.73
129836,9.16
129837,12.045
129838,9.505
129839,10.495
129840,10.57
129841,7.83
129842,7.055
129843,3.67
129844,13.24
129845,7.66
129846,6.0
129847,15.765
129848,11.99
129849,6.275
129850,7.225
129851,9.425
129852,11.415
129853,12.125
129854,10.55
129855,14.865
129856,6.85
129857,11.905
129858,9.015
129859,12.86
129860,12.655
129861,8.975
129862,8.48
129863,7.68
129864,11.335
129865,7.56
129866,11.55
129867,8.075
129868,9.245
129869,11.67
129870,10.555
129871,9.895
129872,14.53
129873,4.255
129874,6.38
129875,5.86
129876,13.1
129877,7.16
129878,10.59
129879,7.93
129880,11.955
129881,12.44
129882,3.745
129883,9.045
129884,11.62
129885,16.125
129886,8.555
129887,10.08
129888,11.415
129889,12.095
129890,16.62
129891,4.725
129892,11.015
129893,15.49
129894,9.07
129895,11.905
129896,10.435
129897,10.495
129898,13.69
129899,10.285
129900,9.61
129901,8.875
129902,10.89
129903,11.44
129904,11.315
129905,8.11
129906,10.915
129907,6.94
129908,5.355
129909,7.65
129910,4.77
129911,13.6
129912,12.665
129913,8.73
129914,11.485
129915,7.155
129916,4.705
129917,9.05
129918,10.465
129919,10.805
129920,10.375
129921,12.005
129922,11.64
129923,7.57
129924,12.125
129925,6.985
129926,9.455
129927,12.995
129928,12.815
129929,10.955
129930,10.61
129931,9.085
129932,7.43
129933,8.28
129934,13.48
129935,8.655
129936,9.19
129937,6.73
129938,13.345
129939,9.39
129940,7.595
129941,7.97
129942,10.135
129943,7.98
129944,6.915
129945,7.7
129946,12.415
129947,14.525
129948,9.6
129949,15.04
129950,9.16
129951,10.94
129952,4.935
129953,7.105
129954,10.755
129955,14.585
129956,8.49
129957,8.0
129958,7.635
129959,19.595
129960,13.595
129961,10.305
129962,11.455
129963,9.485
129964,11.615
129965,5.57
129966,8.81
129967,10.5
129968,7.03
129969,5.565
129970,7.98
129971,8.415
129972,11.37
129973,8.01
129974,12.245
129975,7.82
129976,12.035
129977,11.71
129978,8.925
129979,10.875
129980,10.2
129981,6.81
129982,17.85
129983,8.135
129984,10.93
129985,9.305
129986,7.23
129987,9.23
129988,10.76
129989,9.875
129990,9.785
129991,9.04
129992,11.115
129993,10.44
129994,8.365
129995,10.295
129996,10.435
129997,9.535
129998,12.655
129999,11.815
130000,8.665
130001,10.65
130002,9.0
130003,7.815
130004,5.8
130005,9.88
130006,15.205
130007,14.425
130008,10.25
130009,10.26
130010,5.54
130011,8.02
130012,16.915
130013,12.795
130014,13.515
130015,9.91
130016,5.16
130017,12.02
130018,6.64
130019,7.665
130020,10.885
130021,8.41
130022,8.47
130023,16.51
130024,10.425
130025,5.295
130026,11.28
130027,9.33
130028,6.885
130029,8.21
130030,10.6
130031,11.145
130032,11.38
130033,13.77
130034,6.465
130035,9.3
130036,11.31
130037,9.75
130038,10.31
130039,14.735
130040,12.425
130041,6.94
130042,11.32
130043,7.405
130044,7.215
130045,9.655
130046,12.0
130047,12.725
130048,14.44
130049,3.505
130050,10.725
130051,12.49
130052,12.235
130053,9.825
130054,4.825
130055,16.135
130056,11.095
130057,9.71
130058,11.3
130059,12.225
130060,4.405
130061,9.26
130062,10.335
130063,12.68
130064,7.09
130065,7.355
130066,8.015
130067,10.29
130068,8.93
130069,7.945
130070,6.245
130071,10.785
130072,9.905
130073,10.88
130074,6.615
130075,9.155
130076,6.945
130077,6.61
130078,7.735
130079,8.37
130080,6.65
130081,9.86
130082,10.795
130083,6.89
130084,8.78
130085,8.235
130086,7.805
130087,7.66
130088,13.735
130089,5.775
130090,5.86
130091,9.49
130092,6.475
130093,12.7
130094,9.445
130095,8.22
130096,9.165
130097,15.85
130098,9.14
130099,8.235
130100,8.085
130101,12.9
130102,7.425
130103,13.34
130104,10.53
130105,9.77
130106,6.85
130107,7.225
130108,6.555
130109,8.875
130110,7.25
130111,12.11
130112,16.15
130113,10.68
130114,9.26
130115,9.63
130116,7.095
130117,9.415
130118,10.475
130119,10.615
130120,5.18
130121,8.015
130122,10.26
130123,11.565
130124,9.2
130125,16.905
130126,10.465
130127,10.9
130128,8.745
130129,10.755
130130,10.3
130131,16.235
130132,8.665
130133,8.34
130134,10.445
130135,9.4
130136,12.77
130137,5.615
130138,11.235
130139,15.08
130140,6.84
130141,10.855
130142,4.665
130143,10.725
130144,6.965
130145,9.235
130146,10.0
130147,19.315
130148,10.305
130149,11.0
130150,8.385
130151,10.6
130152,11.43
130153,11.18
130154,12.11
130155,9.895
130156,8.05
130157,6.105
130158,11.945
130159,12.605
130160,16.675
130161,10.385
130162,10.695
130163,9.59
130164,12.06
130165,10.645
130166,7.04
130167,7.65
130168,12.12
130169,16.19
130170,11.275
130171,16.715
130172,6.69
130173,10.77
130174,13.48
130175,8.53
130176,10.59
130177,13.45
130178,11.79
130179,13.12
130180,10.775
130181,10.945
130182,7.495
130183,12.465
130184,10.78
130185,10.515
130186,12.58
130187,11.32
130188,15.985
130189,8.755
130190,7.75
130191,11.35
130192,6.975
130193,12.31
130194,7.935
130195,8.595
130196,7.455
130197,9.205
130198,8.025
130199,10.98
130200,10.97
130201,8.85
130202,10.955
130203,8.915
130204,13.1
130205,12.775
130206,10.575
130207,12.05
130208,6.385
130209,6.265
130210,11.325
130211,10.16
130212,10.29
130213,8.25
130214,10.345
130215,4.665
130216,7.9
130217,11.63
130218,6.705
130219,10.51
130220,11.085
130221,10.26
130222,11.05
130223,12.31
130224,8.345
130225,7.36
130226,12.98
130227,9.87
130228,4.075
130229,10.755
130230,9.405
130231,9.915
130232,15.295
130233,9.86
130234,8.9
130235,10.155
130236,10.925
130237,15.0
130238,5.4
130239,7.115
130240,9.36
130241,12.945
130242,6.145
130243,11.945
130244,8.32
130245,9.115
130246,9.34
130247,12.455
130248,13.645
130249,10.975
130250,10.98
130251,6.525
130252,12.325
130253,13.805
130254,8.82
130255,6.545
130256,9.735
130257,10.64
130258,12.075
130259,11.545
130260,4.775
130261,11.02
130262,9.585
130263,4.925
130264,8.925
130265,10.94
130266,10.795
130267,8.875
130268,5.01
130269,11.445
130270,9.805
130271,10.875
130272,15.895
130273,10.695
130274,11.86
130275,6.445
130276,10.41
130277,7.025
130278,11.985
130279,10.28
130280,7.675
130281,10.565
130282,14.625
130283,7.985
130284,10.355
130285,8.415
130286,7.305
130287,9.895
130288,3.92
130289,10.785
130290,6.735
130291,8.635
130292,5.4
130293,6.905
130294,6.87
130295,9.405
130296,11.955
130297,9.795
130298,14.08
130299,10.73
130300,16.065
130301,9.715
130302,7.655
130303,10.485
130304,14.83
130305,10.625
130306,6.205
130307,5.735
130308,11.405
130309,8.855
130310,6.88
130311,11.445
130312,12.555
130313,14.05
130314,6.65
130315,10.98
130316,12.085
130317,7.275
130318,11.14
130319,10.025
130320,10.48
130321,9.735
130322,6.885
130323,12.65
130324,8.325
130325,4.855
130326,11.725
130327,17.69
130328,10.42
130329,8.945
130330,7.83
130331,9.95
130332,12.095
130333,8.575
130334,11.975
130335,14.065
130336,11.105
130337,10.775
130338,16.825
130339,6.635
130340,9.14
130341,5.295
130342,6.815
130343,15.37
130344,8.71
130345,12.24
130346,10.315
130347,9.38
130348,10.9
130349,5.97
130350,10.52
130351,13.245
130352,7.265
130353,12.67
130354,16.655
130355,10.235
130356,14.425
130357,13.11
130358,10.075
130359,6.645
130360,11.24
130361,9.97
130362,9.09
130363,4.33
130364,5.995
130365,9.045
130366,13.2
130367,12.26
130368,14.4
130369,10.335
130370,14.31
130371,10.9
130372,8.465
130373,11.05
130374,9.54
130375,6.665
130376,9.245
130377,6.4
130378,9.41
130379,7.115
130380,10.525
130381,16.525
130382,11.825
130383,5.025
130384,12.435
130385,16.375
130386,9.785
130387,13.29
130388,11.36
130389,13.68
130390,11.945
130391,8.665
130392,15.705
130393,10.58
130394,11.585
130395,11.585
130396,10.025
130397,10.97
130398,15.605
130399,11.545
130400,13.825
130401,8.26
130402,5.97
130403,12.56
130404,14.33
130405,7.13
130406,6.3
130407,6.585
130408,9.77
130409,4.725
130410,11.48
130411,9.335
130412,9.55
130413,13.35
130414,13.795
130415,11.72
130416,3.94
130417,14.705
130418,11.69
130419,13.485
130420,10.875
130421,11.005
130422,12.885
130423,8.33
130424,7.18
130425,8.345
130426,11.445
130427,16.86
130428,9.465
130429,7.3
130430,6.93
130431,8.245
130432,14.305
130433,8.715
130434,6.575
130435,7.495
130436,6.15
130437,15.705
130438,3.79
130439,9.265
130440,7.175
130441,9.945
130442,8.755
130443,4.84
130444,7.165
130445,9.18
130446,11.14
130447,6.03
130448,9.67
130449,15.46
130450,15.05
130451,14.185
130452,11.88
130453,11.41
130454,11.86
130455,10.405
130456,6.595
130457,8.085
130458,15.015
130459,10.6
130460,10.635
130461,13.915
130462,11.755
130463,6.685
130464,9.98
130465,8.825
130466,18.365
130467,8.135
130468,8.325
130469,9.44
130470,15.125
130471,9.395
130472,6.935
130473,11.365
130474,11.13
130475,14.52
130476,14.56
130477,13.425
130478,8.385
130479,9.85
130480,9.045
130481,4.97
130482,9.46
130483,7.33
130484,9.125
130485,11.585
130486,11.79
130487,10.645
130488,6.825
130489,9.11
130490,5.135
130491,6.79
130492,5.095
130493,12.005
130494,8.21
130495,21.385
130496,5.005
130497,10.28
130498,10.81
130499,11.19
130500,10.92
130501,11.305
130502,10.01
130503,10.42
130504,6.79
130505,14.84
130506,11.595
130507,5.21
130508,14.27
130509,11.875
130510,8.52
130511,11.07
130512,7.14
130513,10.16
130514,10.77
130515,9.24
130516,14.28
130517,8.86
130518,7.94
130519,12.165
130520,5.255
130521,11.575
130522,9.75
130523,10.15
130524,11.485
130525,5.465
130526,7.86
130527,11.53
130528,10.63
130529,11.26
130530,8.97
130531,14.31
130532,9.62
130533,8.92
130534,10.295
130535,9.715
130536,12.645
130537,10.22
130538,13.09
130539,13.16
130540,10.22
130541,7.525
130542,7.02
130543,15.55
130544,10.935
130545,6.045
130546,7.555
130547,13.93
130548,15.46
130549,11.59
130550,12.865
130551,9.54
130552,6.76
130553,13.095
130554,4.83
130555,10.625
130556,11.08
130557,11.53
130558,4.23
130559,12.945
130560,6.95
130561,16.64
130562,9.57
130563,4.47
130564,8.21
130565,11.785
130566,11.925
130567,7.955
130568,13.22
130569,10.915
130570,13.11
130571,8.6
130572,5.74
130573,13.635
130574,11.61
130575,11.305
130576,9.735
130577,11.135
130578,9.31
130579,9.465
130580,8.41
130581,7.825
130582,10.485
130583,14.505
130584,10.715
130585,5.47
130586,10.2
130587,7.485
130588,6.715
130589,8.62
130590,14.55
130591,13.55
130592,12.18
130593,7.695
130594,6.6
130595,13.31
130596,7.835
130597,9.275
130598,6.08
130599,7.375
130600,7.455
130601,7.72
130602,10.785
130603,12.64
130604,11.805
130605,10.97
130606,8.41
130607,9.87
130608,9.36
130609,8.945
130610,9.38
130611,7.96
130612,12.28
130613,10.245
130614,7.94
130615,14.19
130616,5.5
130617,8.855
130618,14.975
130619,11.24
130620,11.24
130621,12.75
130622,10.175
130623,5.465
130624,14.415
130625,10.005
130626,10.245
130627,9.68
130628,10.505
130629,11.15
130630,8.14
130631,12.055
130632,9.7
130633,6.12
130634,5.66
130635,10.385
130636,10.435
130637,11.265
130638,11.705
130639,11.185
130640,11.025
130641,10.78
130642,8.045
130643,6.715
130644,6.905
130645,4.5
130646,17.765
130647,5.875
130648,11.31
130649,7.415
130650,8.29
130651,8.31
130652,8.08
130653,6.24
130654,8.705
130655,5.775
130656,5.075
130657,5.195
130658,9.6
130659,10.52
130660,5.845
130661,7.72
130662,7.785
130663,5.73
130664,6.18
130665,6.92
130666,14.71
130667,10.51
130668,7.095
130669,10.72
130670,12.8
130671,10.1
130672,11.47
130673,8.665
130674,10.005
130675,9.465
130676,8.89
130677,11.305
130678,11.925
130679,7.85
130680,9.635
130681,13.3
130682,10.305
130683,10.29
130684,9.89
130685,9.515
130686,12.055
130687,6.64
130688,7.935
130689,14.62
130690,11.5
130691,10.695
130692,9.25
130693,10.21
130694,6.79
130695,9.385
130696,8.07
130697,11.65
130698,6.92
130699,9.855
130700,3.92
130701,10.585
130702,9.075
130703,12.97
130704,11.25
130705,10.1
130706,12.57
130707,9.82
130708,8.04
130709,5.53
130710,3.79
130711,10.68
130712,6.395
130713,13.055
130714,17.635
130715,9.055
130716,15.375
130717,16.365
130718,11.785
130719,10.755
130720,7.115
130721,12.31
130722,11.675
130723,9.825
130724,13.415
130725,8.085
130726,13.97
130727,10.57
130728,10.675
130729,7.57
130730,10.525
130731,6.75
130732,7.25
130733,11.26
130734,9.305
130735,12.845
130736,11.425
130737,8.985
130738,11.7
130739,12.99
130740,6.715
130741,9.845
130742,3.965
130743,10.435
130744,9.69
130745,11.095
130746,5.29
130747,11.24
130748,9.94
130749,14.75
130750,12.585
130751,3.63
130752,9.085
130753,8.615
130754,17.215
130755,11.825
130756,12.24
130757,12.77
130758,10.795
130759,9.125
130760,10.235
130761,10.515
130762,6.815
130763,9.005
130764,16.835
130765,11.395
130766,7.38
130767,16.515
130768,8.665
130769,11.045
130770,10.94
130771,11.51
130772,12.71
130773,10.455
130774,14.6
130775,14.22
130776,11.575
130777,6.415
130778,9.49
130779,9.57
130780,6.705
130781,11.82
130782,7.74
130783,9.3
130784,4.91
130785,13.1
130786,8.49
130787,14.75
130788,18.425
130789,6.83
130790,6.7
130791,6.685
130792,10.495
130793,7.03
130794,10.55
130795,12.435
130796,10.275
130797,11.585
130798,8.46
130799,10.455
130800,8.945
130801,9.315
130802,8.95
130803,10.02
130804,8.785
130805,7.245
130806,6.745
130807,14.395
130808,12.625
130809,14.465
130810,8.39
130811,9.485
130812,9.045
130813,5.24
130814,11.455
130815,12.535
130816,11.71
130817,13.94
130818,5.63
130819,10.645
130820,16.745
130821,13.92
130822,8.345
130823,6.66
130824,14.79
130825,8.1
130826,9.45
130827,12.18
130828,5.665
130829,15.485
130830,4.65
130831,8.365
130832,10.65
130833,11.045
130834,8.275
130835,11.65
130836,13.85
130837,10.01
130838,9.59
130839,4.65
130840,10.845
130841,5.085
130842,12.28
130843,9.49
130844,11.24
130845,18.53
130846,6.87
130847,4.86
130848,6.67
130849,8.625
130850,8.905
130851,14.28
130852,5.99
130853,8.18
130854,14.09
130855,13.8
130856,12.39
130857,10.67
130858,9.91
130859,7.99
130860,11.765
130861,9.79
130862,11.515
130863,13.08
130864,10.805
130865,9.97
130866,13.21
130867,4.6
130868,9.28
130869,10.54
130870,11.48
130871,10.05
130872,12.585
130873,11.18
130874,13.365
130875,12.925
130876,6.8
130877,9.665
130878,4.23
130879,15.5
130880,10.47
130881,13.065
130882,3.78
130883,9.365
130884,14.04
130885,9.065
130886,11.81
130887,14.05
130888,7.07
130889,7.03
130890,8.925
130891,10.43
130892,9.81
130893,15.105
130894,8.86
130895,11.35
130896,12.115
130897,12.155
130898,14.905
130899,10.95
130900,17.145
130901,10.12
130902,10.955
130903,15.73
130904,12.5
130905,11.62
130906,11.995
130907,4.48
130908,6.305
130909,11.15
130910,11.325
130911,10.145
130912,7.98
130913,13.59
130914,13.015
130915,8.06
130916,11.145
130917,8.9
130918,10.185
130919,10.765
130920,10.005
130921,9.455
130922,11.545
130923,11.045
130924,18.04
130925,8.835
130926,6.165
130927,10.575
130928,11.235
130929,6.625
130930,12.54
130931,13.265
130932,9.015
130933,11.5
130934,16.56
130935,7.965
130936,6.28
130937,7.755
130938,10.0
130939,9.29
130940,11.415
130941,10.62
130942,10.01
130943,15.89
130944,7.3
130945,10.045
130946,11.37
130947,9.34
130948,14.785
130949,6.71
130950,5.175
130951,7.555
130952,8.215
130953,11.2
130954,12.54
130955,11.505
130956,8.005
130957,7.37
130958,12.55
130959,7.325
130960,10.805
130961,4.135
130962,10.385
130963,13.025
130964,6.695
130965,8.095
130966,13.36
130967,8.555
130968,11.185
130969,7.525
130970,9.215
130971,12.765
130972,10.17
130973,8.51
130974,11.65
130975,8.875
130976,8.36
130977,7.14
130978,11.255
130979,14.855
130980,7.22
130981,8.305
130982,9.22
130983,11.085
130984,10.525
130985,5.94
130986,15.105
130987,5.985
130988,7.525
130989,10.415
130990,7.025
130991,7.985
130992,9.54
130993,12.08
130994,9.66
130995,7.695
130996,9.89
130997,13.095
130998,10.815
130999,8.26
131000,10.47
131001,15.595
131002,8.345
131003,10.79
131004,6.185
131005,10.3
131006,6.855
131007,11.675
131008,11.15
131009,11.985
131010,6.735
131011,9.52
131012,16.75
131013,5.37
131014,13.45
131015,11.485
131016,10.795
131017,6.73
131018,15.13
131019,10.455
131020,9.135
131021,14.14
131022,10.385
131023,7.715
131024,10.93
131025,8.755
131026,7.39
131027,13.555
131028,6.75
131029,9.025
131030,11.85
131031,9.19
131032,12.995
131033,8.305
131034,10.365
131035,11.955
131036,10.7
131037,11.39
131038,8.36
131039,11.42
131040,9.065
131041,9.635
131042,10.53
131043,10.58
131044,8.205
131045,10.57
131046,10.555
131047,4.625
131048,13.705
131049,14.725
131050,10.815
131051,6.335
131052,10.695
131053,13.05
131054,10.625
131055,10.73
131056,10.82
131057,7.965
131058,12.56
131059,9.445
131060,11.665
131061,9.29
131062,9.95
131063,10.11
131064,13.85
131065,9.57
131066,12.705
131067,9.535
131068,11.845
131069,12.18
131070,8.14
131071,9.28
131072,12.09
131073,9.48
131074,14.055
131075,8.435
131076,9.065
131077,9.795
131078,10.74
131079,4.215
131080,7.905
131081,9.215
131082,14.285
131083,5.615
131084,16.27
131085,11.675
131086,10.615
131087,9.165
131088,8.825
131089,6.8
131090,15.89
131091,8.95
131092,10.77
131093,10.335
131094,9.89
131095,6.12
131096,7.7
131097,13.425
131098,8.575
131099,14.48
131100,3.905
131101,7.77
131102,9.66
131103,11.155
131104,12.02
131105,7.865
131106,6.97
131107,15.47
131108,10.32
131109,13.97
131110,6.245
131111,14.825
131112,10.695
131113,9.415
131114,9.045
131115,12.84
131116,9.725
131117,7.495
131118,3.8
131119,10.065
131120,6.63
131121,10.56
131122,8.675
131123,12.535
131124,11.555
131125,14.395
131126,8.965
131127,8.7
131128,11.535
131129,11.22
131130,7.445
131131,13.72
131132,10.395
131133,7.41
131134,5.21
131135,10.2
131136,6.35
131137,13.63
131138,10.405
131139,13.125
131140,10.62
131141,10.095
131142,5.2
131143,13.49
131144,14.865
131145,9.31
131146,10.9
131147,7.2
131148,8.37
131149,9.21
131150,8.075
131151,11.235
131152,9.845
131153,8.045
131154,4.15
131155,4.93
131156,5.05
131157,10.84
131158,11.265
131159,11.995
131160,10.495
131161,8.01
131162,11.85
131163,10.655
131164,11.315
131165,8.865
131166,10.725
131167,13.765
131168,11.425
131169,11.48
131170,5.95
131171,15.4
131172,10.545
131173,15.91
131174,9.95
131175,6.315
131176,14.64
131177,10.04
131178,8.385
131179,14.265
131180,10.45
131181,14.33
131182,15.755
131183,6.95
131184,8.225
131185,10.64
131186,6.85
131187,9.15
131188,14.955
131189,10.38
131190,8.91
131191,10.735
131192,9.275
131193,10.43
131194,9.335
131195,8.81
131196,12.745
131197,13.165
131198,8.31
131199,10.935
131200,12.705
131201,11.94
131202,11.89
131203,10.565
131204,10.025
131205,11.605
131206,6.84
131207,7.665
131208,6.595
131209,6.235
131210,9.46
131211,14.495
131212,9.17
131213,10.105
131214,11.84
131215,9.85
131216,10.46
131217,11.0
131218,9.955
131219,11.0
131220,7.765
131221,9.215
131222,10.5
131223,8.295
131224,10.915
131225,12.88
131226,11.195
131227,9.185
131228,11.085
131229,11.04
131230,4.57
131231,6.39
131232,7.015
131233,15.105
131234,9.39
131235,12.945
131236,9.885
131237,9.83
131238,11.09
131239,14.62
131240,12.535
131241,9.685
131242,9.24
131243,11.19
131244,9.985
131245,11.475
131246,10.035
131247,11.51
131248,10.08
131249,10.75
131250,7.965
131251,13.48
131252,11.98
131253,11.08
131254,15.76
131255,11.485
131256,14.345
131257,8.895
131258,5.48
131259,10.625
131260,13.325
131261,14.06
131262,9.125
131263,10.145
131264,8.51
131265,10.935
131266,10.475
131267,10.485
131268,6.995
131269,10.875
131270,10.61
131271,20.895
131272,9.56
131273,12.085
131274,12.73
131275,9.785
131276,13.76
131277,7.625
131278,7.145
131279,10.175
131280,8.96
131281,13.855
131282,10.335
131283,10.125
131284,13.705
131285,12.23
131286,4.145
131287,14.915
131288,10.61
131289,9.43
131290,10.89
131291,11.15
131292,10.855
131293,12.885
131294,6.355
131295,9.23
131296,8.41
131297,10.475
131298,9.04
131299,9.76
131300,11.37
131301,11.545
131302,15.095
131303,5.7
131304,11.61
131305,10.375
131306,6.975
131307,8.225
131308,6.04
131309,10.36
131310,12.68
131311,11.0
131312,10.35
131313,9.1
131314,6.065
131315,8.285
131316,10.52
131317,14.455
131318,13.455
131319,8.085
131320,10.59
131321,6.525
131322,13.79
131323,11.3
131324,11.145
131325,11.385
131326,10.675
131327,6.525
131328,10.235
131329,10.905
131330,11.625
131331,8.115
131332,13.06
131333,9.505
131334,10.36
131335,6.83
131336,8.26
131337,11.675
131338,11.635
131339,10.695
131340,11.075
131341,9.315
131342,12.19
131343,7.175
131344,10.885
131345,14.095
131346,11.015
131347,14.605
131348,13.52
131349,9.64
131350,10.615
131351,11.7
131352,9.365
131353,7.07
131354,9.805
131355,14.255
131356,12.84
131357,6.88
131358,10.735
131359,10.745
131360,11.975
131361,9.4
131362,6.96
131363,5.305
131364,8.265
131365,15.295
131366,9.935
131367,14.745
131368,12.875
131369,10.22
131370,8.11
131371,10.32
131372,13.61
131373,17.26
131374,10.01
131375,8.575
131376,9.98
131377,11.985
131378,12.52
131379,11.35
131380,10.125
131381,11.17
131382,3.91
131383,10.92
131384,11.865
131385,16.16
131386,10.485
131387,6.36
131388,8.355
131389,8.07
131390,5.04
131391,15.19
131392,8.845
131393,9.315
131394,10.56
131395,7.95
131396,8.885
131397,13.88
131398,10.99
131399,9.435
131400,12.975
131401,9.585
131402,11.375
131403,6.97
131404,13.17
131405,9.81
131406,12.485
131407,10.845
131408,9.37
131409,10.67
131410,13.765
131411,8.395
131412,6.33
131413,10.635
131414,12.205
131415,7.655
131416,10.81
131417,13.575
131418,5.485
131419,7.535
131420,11.835
131421,9.66
131422,7.35
131423,20.065
131424,4.925
131425,6.42
131426,10.82
131427,6.685
131428,7.41
131429,9.405
131430,10.165
131431,10.405
131432,11.8
131433,11.65
131434,10.925
131435,7.955
131436,9.86
131437,10.845
131438,9.785
131439,9.075
131440,17.67
131441,10.625
131442,11.07
131443,12.625
131444,11.83
131445,9.235
131446,10.575
131447,10.135
131448,10.3
131449,13.43
131450,7.22
131451,9.71
131452,7.575
131453,9.59
131454,7.92
131455,10.875
131456,11.105
131457,9.16
131458,11.15
131459,10.85
131460,8.025
131461,5.23
131462,9.93
131463,9.41
131464,11.825
131465,9.67
131466,8.08
131467,10.595
131468,9.235
131469,13.495
131470,10.47
131471,12.395
131472,6.255
131473,13.645
131474,9.605
131475,12.04
131476,8.3
131477,6.54
131478,9.09
131479,10.5
131480,9.8
131481,12.98
131482,8.845
131483,12.05
131484,10.29
131485,9.115
131486,10.565
131487,9.325
131488,11.945
131489,8.245
131490,12.38
131491,9.7
131492,13.175
131493,16.99
131494,15.14
131495,6.6
131496,8.275
131497,9.12
131498,6.63
131499,18.435
131500,13.275
131501,7.01
131502,10.945
131503,14.405
131504,7.195
131505,12.98
131506,9.04
131507,3.995
131508,5.955
131509,11.43
131510,14.885
131511,11.115
131512,8.035
131513,10.36
131514,10.17
131515,10.47
131516,7.75
131517,15.035
131518,7.81
131519,9.41
131520,8.185
131521,8.33
131522,8.745
131523,13.05
131524,5.63
131525,12.24
131526,11.985
131527,7.885
131528,11.3
131529,9.05
131530,10.385
131531,16.255
131532,12.02
131533,10.48
131534,5.83
131535,8.895
131536,9.745
131537,6.325
131538,8.67
131539,15.2
131540,9.6
131541,12.8
131542,10.895
131543,8.775
131544,11.425
131545,11.75
131546,8.81
131547,17.04
131548,13.475
131549,10.315
131550,13.09
131551,9.99
131552,9.32
131553,7.31
131554,8.975
131555,10.255
131556,10.61
131557,9.715
131558,11.455
131559,12.26
131560,8.545
131561,9.885
131562,7.065
131563,10.935
131564,9.215
131565,10.6
131566,10.69
131567,10.335
131568,18.125
131569,11.825
131570,8.91
131571,10.28
131572,9.785
131573,10.13
131574,14.52
131575,5.56
131576,17.585
131577,8.355
131578,6.91
131579,9.6
131580,10.81
131581,12.14
131582,13.015
131583,8.115
131584,14.925
131585,14.025
131586,12.34
131587,7.025
131588,10.36
131589,10.445
131590,7.79
131591,5.955
131592,11.875
131593,7.73
131594,15.56
131595,9.94
131596,11.62
131597,8.685
131598,8.36
131599,9.6
131600,12.7
131601,13.095
131602,11.565
131603,4.49
131604,10.28
131605,13.335
131606,12.815
131607,11.99
131608,6.27
131609,13.285
131610,7.905
131611,20.465
131612,8.94
131613,13.545
131614,9.73
131615,5.505
131616,11.16
131617,10.36
131618,8.94
131619,6.555
131620,14.07
131621,14.04
131622,6.55
131623,10.655
131624,14.795
131625,9.33
131626,12.94
131627,8.995
131628,9.335
131629,14.905
131630,12.885
131631,15.905
131632,7.935
131633,11.04
131634,8.995
131635,10.86
131636,12.315
131637,10.35
131638,12.225
131639,10.565
131640,12.6
131641,13.16
131642,13.61
131643,9.68
131644,10.24
131645,8.88
131646,9.365
131647,10.29
131648,12.465
131649,5.41
131650,4.03
131651,10.98
131652,9.145
131653,13.95
131654,11.48
131655,8.16
131656,10.56
131657,8.335
131658,13.58
131659,7.845
131660,13.86
131661,10.6
131662,10.48
131663,10.025
131664,7.855
131665,11.16
131666,8.405
131667,10.785
131668,11.95
131669,5.71
131670,7.985
131671,6.56
131672,11.445
131673,10.695
131674,10.695
131675,10.775
131676,4.915
131677,7.465
131678,14.615
131679,12.24
131680,11.525
131681,10.28
131682,5.45
131683,14.98
131684,15.14
131685,8.03
131686,15.145
131687,9.965
131688,9.675
131689,7.84
131690,12.16
131691,14.865
131692,14.64
131693,6.555
131694,12.205
131695,15.425
131696,9.77
131697,10.325
131698,8.475
131699,15.225
131700,8.24
131701,8.415
131702,6.085
131703,8.1
131704,8.225
131705,3.905
131706,9.69
131707,15.555
131708,13.075
131709,10.295
131710,8.86
131711,10.715
131712,10.895
131713,11.425
131714,9.38
131715,8.125
131716,6.47
131717,8.22
131718,7.77
131719,10.0
131720,3.7
131721,7.1
131722,9.22
131723,11.605
131724,13.38
131725,9.855
131726,9.83
131727,6.245
131728,11.675
131729,8.86
131730,7.84
131731,9.94
131732,11.52
131733,9.39
131734,8.435
131735,11.22
131736,13.77
131737,10.54
131738,10.73
131739,9.29
131740,10.85
131741,6.23
131742,7.915
131743,10.785
131744,9.785
131745,11.455
131746,9.16
131747,14.535
131748,6.68
131749,11.12
131750,13.815
131751,10.815
131752,4.365
131753,10.62
131754,7.815
131755,8.695
131756,12.65
131757,10.02
131758,7.955
131759,10.325
131760,9.21
131761,9.74
131762,8.305
131763,6.615
131764,10.435
131765,13.115
131766,10.62
131767,8.42
131768,14.21
131769,12.23
131770,11.915
131771,19.025
131772,8.715
131773,10.865
131774,12.305
131775,10.19
131776,10.63
131777,13.725
131778,11.585
131779,10.62
131780,11.72
131781,7.52
131782,13.3
131783,9.45
131784,9.505
131785,12.06
131786,12.235
131787,11.13
131788,11.175
131789,6.62
131790,6.88
131791,16.045
131792,5.475
131793,8.33
131794,5.63
131795,11.745
131796,11.19
131797,6.74
131798,10.77
131799,9.42
131800,11.565
131801,6.21
131802,9.48
131803,6.93
131804,10.755
131805,8.075
131806,6.8
131807,14.765
131808,8.905
131809,10.3
131810,8.2
131811,11.83
131812,9.24
131813,13.47
131814,9.26
131815,20.78
131816,7.52
131817,7.07
131818,10.33
131819,10.155
131820,9.75
131821,10.095
131822,7.265
131823,11.38
131824,11.715
131825,10.625
131826,9.47
131827,9.61
131828,5.735
131829,8.985
131830,15.035
131831,8.31
131832,16.03
131833,8.345
131834,9.995
131835,5.76
131836,8.54
131837,10.87
131838,9.54
131839,6.385
131840,4.405
131841,12.38
131842,17.805
131843,8.43
131844,11.94
131845,13.78
131846,9.57
131847,12.7
131848,12.4
131849,10.51
131850,6.73
131851,7.42
131852,6.47
131853,10.51
131854,5.27
131855,4.865
131856,8.235
131857,10.805
131858,11.48
131859,5.965
131860,9.45
131861,7.87
131862,9.05
131863,7.315
131864,8.99
131865,6.535
131866,10.32
131867,18.46
131868,9.035
131869,10.665
131870,10.62
131871,5.5
131872,7.98
131873,9.335
131874,10.615
131875,5.905
131876,7.44
131877,10.835
131878,6.91
131879,10.5
131880,9.09
131881,8.63
131882,7.68
131883,15.88
131884,13.135
131885,10.695
131886,8.675
131887,6.55
131888,8.045
131889,11.915
131890,11.65
131891,5.785
131892,13.565
131893,7.235
131894,5.57
131895,13.945
131896,12.365
131897,9.93
131898,14.225
131899,10.3
131900,11.47
131901,7.31
131902,7.33
131903,9.965
131904,12.345
131905,11.025
131906,12.355
131907,11.13
131908,11.44
131909,9.43
131910,6.385
131911,7.775
131912,8.23
131913,14.365
131914,10.49
131915,10.65
131916,9.05
131917,8.925
131918,9.415
131919,9.945
131920,14.09
131921,9.915
131922,12.96
131923,11.925
131924,8.485
131925,8.08
131926,6.995
131927,10.12
131928,9.935
131929,10.27
131930,18.165
131931,9.8
131932,11.92
131933,10.035
131934,11.04
131935,11.155
131936,10.425
131937,5.76
131938,9.485
131939,13.72
131940,9.23
131941,7.63
131942,8.125
131943,14.02
131944,15.12
131945,9.5
131946,11.965
131947,10.805
131948,13.39
131949,8.845
131950,9.37
131951,10.765
131952,10.945
131953,18.76
131954,7.97
131955,9.205
131956,4.535
131957,9.24
131958,11.84
131959,12.455
131960,9.745
131961,13.385
131962,12.265
131963,6.61
131964,10.66
131965,9.9
131966,5.915
131967,11.08
131968,11.84
131969,5.1
131970,3.95
131971,13.015
131972,10.735
131973,11.315
131974,8.05
131975,9.995
131976,6.79
131977,10.3
131978,12.365
131979,7.4
131980,8.145
131981,11.255
131982,11.735
131983,11.85
131984,8.78
131985,17.255
131986,7.725
131987,7.885
131988,10.81
131989,10.34
131990,11.625
131991,9.53
131992,13.065
131993,7.14
131994,9.03
131995,10.55
131996,12.085
131997,8.19
131998,13.29
131999,8.37
132000,11.11
132001,9.82
132002,9.955
132003,9.325
132004,14.295
132005,12.455
132006,12.125
132007,18.325
132008,11.795
132009,6.595
132010,8.41
132011,6.96
132012,12.3
132013,13.105
132014,5.6
132015,10.855
132016,11.06
132017,4.19
132018,10.135
132019,8.995
132020,6.97
132021,17.11
132022,9.47
132023,8.335
132024,9.04
132025,6.955
132026,10.995
132027,10.195
132028,14.555
132029,9.885
132030,14.57
132031,11.58
132032,6.035
132033,15.38
132034,11.33
132035,9.945
132036,10.895
132037,9.93
132038,8.765
132039,10.58
132040,14.65
132041,9.705
132042,8.695
132043,9.875
132044,11.27
132045,17.405
132046,10.125
132047,9.185
132048,9.755
132049,7.13
132050,12.245
132051,8.85
132052,8.925
132053,9.68
132054,10.965
132055,6.5
132056,10.17
132057,8.02
132058,12.905
132059,10.59
132060,7.435
132061,7.86
132062,8.905
132063,13.52
132064,10.87
132065,9.52
132066,10.48
132067,11.325
132068,6.46
132069,9.45
132070,11.305
132071,6.935
132072,5.28
132073,5.775
132074,4.48
132075,10.195
132076,13.275
132077,9.14
132078,11.32
132079,4.15
132080,13.785
132081,10.935
132082,9.86
132083,9.55
132084,10.955
132085,7.53
132086,8.105
132087,9.21
132088,10.98
132089,6.17
132090,8.37
132091,8.06
132092,5.76
132093,16.63
132094,8.645
132095,6.525
132096,14.29
132097,8.54
132098,5.975
132099,10.625
132100,12.02
132101,9.885
132102,11.22
132103,11.005
132104,7.895
132105,10.46
132106,13.1
132107,10.695
132108,9.38
132109,10.79
132110,9.42
132111,8.525
132112,11.225
132113,13.875
132114,9.065
132115,17.89
132116,11.245
132117,9.675
132118,7.41
132119,11.73
132120,11.09
132121,13.8
132122,9.65
132123,10.375
132124,13.835
132125,9.395
132126,9.285
132127,9.735
132128,10.615
132129,6.855
132130,10.445
132131,11.195
132132,12.57
132133,9.47
132134,16.02
132135,8.905
132136,9.48
132137,12.23
132138,10.15
132139,5.175
132140,11.075
132141,6.33
132142,12.1
132143,10.625
132144,9.29
132145,7.705
132146,8.295
132147,12.0
132148,10.085
132149,12.31
132150,11.75
132151,6.31
132152,7.14
132153,10.155
132154,9.88
132155,8.08
132156,10.315
132157,12.41
132158,11.985
132159,5.74
132160,11.8
132161,11.025
132162,17.045
132163,14.68
132164,7.32
132165,10.635
132166,10.395
132167,17.555
132168,10.325
132169,9.855
132170,13.495
132171,12.185
132172,10.015
132173,5.5
132174,10.305
132175,11.175
132176,9.355
132177,11.055
132178,9.64
132179,10.61
132180,11.49
132181,10.49
132182,10.525
132183,10.445
132184,7.565
132185,4.785
132186,6.545
132187,15.465
132188,8.275
132189,10.965
132190,10.73
132191,11.22
132192,10.58
132193,9.135
132194,12.795
132195,10.4
132196,10.575
132197,9.845
132198,7.76
132199,9.78
132200,10.01
132201,6.66
132202,8.31
132203,4.64
132204,9.655
132205,14.025
132206,14.395
132207,10.315
132208,14.43
132209,14.975
132210,7.565
132211,9.52
132212,13.125
132213,10.49
132214,9.595
132215,7.7
132216,4.42
132217,8.425
132218,13.19
132219,11.31
132220,9.945
132221,11.015
132222,13.865
132223,6.575
132224,7.3
132225,11.505
132226,8.85
132227,13.275
132228,4.43
132229,8.27
132230,10.465
132231,8.57
132232,10.625
132233,10.925
132234,10.105
132235,7.415
132236,8.15
132237,6.73
132238,10.685
132239,11.03
132240,10.2
132241,8.92
132242,9.995
132243,12.375
132244,14.485
132245,5.82
132246,12.8
132247,7.56
132248,10.095
132249,8.3
132250,14.245
132251,9.095
132252,9.025
132253,19.73
132254,11.73
132255,7.165
132256,11.41
132257,9.11
132258,6.565
132259,4.915
132260,15.7
132261,8.655
132262,8.54
132263,6.695
132264,10.555
132265,10.405
132266,10.93
132267,3.7
132268,8.9
132269,11.77
132270,4.145
132271,10.615
132272,10.315
132273,9.415
132274,11.16
132275,9.68
132276,11.06
132277,12.7
132278,22.025
132279,10.895
132280,17.895
132281,13.845
132282,9.39
132283,6.965
132284,10.945
132285,11.45
132286,10.36
132287,10.635
132288,6.235
132289,14.56
132290,11.27
132291,13.625
132292,8.89
132293,11.205
132294,14.465
132295,11.99
132296,10.47
132297,10.365
132298,11.375
132299,10.68
132300,6.835
132301,11.82
132302,9.86
132303,7.935
132304,8.1
132305,12.145
132306,10.93
132307,10.855
132308,10.455
132309,4.57
132310,14.13
132311,10.44
132312,9.075
132313,11.825
132314,9.65
132315,15.44
132316,11.795
132317,11.885
132318,12.47
132319,15.485
132320,11.525
132321,9.525
132322,8.41
132323,10.01
132324,14.845
132325,8.205
132326,7.39
132327,10.84
132328,10.645
132329,7.845
132330,10.635
132331,6.695
132332,11.435
132333,6.46
132334,15.805
132335,11.76
132336,11.24
132337,7.575
132338,9.745
132339,13.27
132340,5.655
132341,6.775
132342,8.46
132343,12.105
132344,10.8
132345,9.35
132346,12.67
132347,8.445
132348,10.765
132349,11.125
132350,8.62
132351,6.92
132352,10.15
132353,10.585
132354,11.5
132355,10.865
132356,7.235
132357,9.615
132358,8.445
132359,7.36
132360,6.275
132361,9.165
132362,10.46
132363,3.7
132364,10.66
132365,4.87
132366,4.665
132367,8.35
132368,10.23
132369,12.825
132370,7.225
132371,11.775
132372,9.76
132373,5.275
132374,7.225
132375,14.845
132376,13.2
132377,10.735
132378,10.72
132379,12.35
132380,11.41
132381,13.41
132382,6.82
132383,7.205
132384,6.895
132385,9.265
132386,8.375
132387,11.945
132388,7.54
132389,11.265
132390,12.795
132391,10.67
132392,8.085
132393,8.93
132394,9.665
132395,13.835
132396,7.865
132397,10.97
132398,11.535
132399,10.13
132400,9.425
132401,12.275
132402,8.165
132403,14.605
132404,11.11
132405,11.93
132406,11.365
132407,11.42
132408,5.875
132409,7.935
132410,11.15
132411,13.205
132412,13.78
132413,8.035
132414,13.395
132415,12.535
132416,8.885
132417,16.575
132418,11.255
132419,6.37
132420,11.455
132421,11.41
132422,5.8
132423,9.045
132424,9.26
132425,8.37
132426,6.875
132427,14.68
132428,5.685
132429,10.1
132430,12.435
132431,8.335
132432,15.46
132433,8.665
132434,11.105
132435,9.285
132436,11.895
132437,10.07
132438,9.01
132439,11.865
132440,15.02
132441,11.26
132442,9.035
132443,11.82
132444,9.49
132445,9.595
132446,10.295
132447,12.605
132448,5.995
132449,12.88
132450,16.435
132451,11.96
132452,10.34
132453,9.555
132454,11.875
132455,10.495
132456,6.805
132457,15.245
132458,8.72
132459,10.325
132460,11.465
132461,14.315
132462,11.47
132463,9.205
132464,8.77
132465,11.645
132466,5.14
132467,8.745
132468,10.925
132469,11.685
132470,10.92
132471,13.38
132472,9.22
132473,14.91
132474,12.87
132475,5.135
132476,8.47
132477,6.69
132478,6.69
132479,9.35
132480,9.84
132481,9.205
132482,8.25
132483,11.56
132484,9.11
132485,11.055
132486,9.355
132487,15.895
132488,7.805
132489,12.995
132490,12.475
132491,9.47
132492,15.995
132493,5.56
132494,6.32
132495,13.2
132496,5.325
132497,6.825
132498,9.44
132499,10.615
132500,7.81
132501,9.065
132502,7.505
132503,10.02
132504,11.335
132505,9.075
132506,9.935
132507,10.31
132508,9.965
132509,10.97
132510,11.28
132511,10.91
132512,8.495
132513,9.61
132514,5.83
132515,10.27
132516,11.71
132517,14.07
132518,7.745
132519,8.41
132520,13.395
132521,11.36
132522,7.345
132523,7.27
132524,5.485
132525,10.86
132526,13.095
132527,9.9
132528,13.925
132529,4.125
132530,13.545
132531,6.715
132532,14.55
132533,14.17
132534,4.745
132535,7.9
132536,12.315
132537,11.16
132538,9.715
132539,5.57
132540,13.615
132541,9.905
132542,13.045
132543,11.565
132544,10.935
132545,11.34
132546,10.925
132547,14.035
132548,10.47
132549,5.945
132550,8.72
132551,13.325
132552,4.595
132553,10.06
132554,8.335
132555,7.78
132556,10.48
132557,11.85
132558,6.06
132559,6.515
132560,9.845
132561,7.385
132562,10.37
132563,7.345
132564,14.21
132565,8.28
132566,9.89
132567,12.485
132568,8.635
132569,11.995
132570,11.89
132571,5.355
132572,10.415
132573,11.065
132574,9.43
132575,13.435
132576,8.32
132577,9.185
132578,12.425
132579,10.735
132580,12.42
132581,9.745
132582,11.075
132583,12.955
132584,9.49
132585,5.815
132586,12.4
132587,9.215
132588,12.51
132589,9.995
132590,10.91
132591,10.465
132592,12.89
132593,9.735
132594,10.1
132595,9.56
132596,8.09
132597,6.815
132598,13.5
132599,11.215
132600,14.195
132601,12.54
132602,6.795
132603,11.755
132604,16.055
132605,9.255
132606,9.455
132607,13.24
132608,12.96
132609,9.045
132610,13.11
132611,10.845
132612,3.425
132613,11.695
132614,4.515
132615,10.145
132616,10.87
132617,11.645
132618,5.045
132619,6.67
132620,6.24
132621,8.75
132622,11.485
132623,9.34
132624,12.905
132625,10.41
132626,5.125
132627,11.88
132628,8.13
132629,18.225
132630,14.27
132631,19.58
132632,5.52
132633,8.38
132634,11.685
132635,12.785
132636,9.705
132637,10.11
132638,9.265
132639,9.26
132640,13.02
132641,12.62
132642,8.47
132643,11.42
132644,7.21
132645,9.6
132646,14.56
132647,10.91
132648,10.585
132649,10.765
132650,9.7
132651,7.855
132652,8.145
132653,9.985
132654,14.305
132655,9.135
132656,11.285
132657,10.965
132658,11.785
132659,10.33
132660,6.525
132661,10.63
132662,13.155
132663,10.08
132664,7.455
132665,10.425
132666,9.785
132667,9.155
132668,8.715
132669,7.97
132670,9.125
132671,15.125
132672,3.57
132673,6.985
132674,11.505
132675,7.975
132676,7.575
132677,8.15
132678,14.41
132679,9.135
132680,8.22
132681,9.58
132682,10.115
132683,9.24
132684,12.6
132685,7.2
132686,8.48
132687,16.57
132688,11.195
132689,13.135
132690,9.2
132691,11.325
132692,10.345
132693,10.56
132694,8.805
132695,10.17
132696,7.895
132697,10.175
132698,8.25
132699,15.41
132700,12.98
132701,15.955
132702,6.1
132703,7.985
132704,10.34
132705,15.615
132706,11.515
132707,18.455
132708,10.79
132709,12.285
132710,11.77
132711,6.99
132712,11.635
132713,11.375
132714,10.84
132715,15.625
132716,6.995
132717,5.63
132718,9.875
132719,9.95
132720,9.985
132721,9.785
132722,9.545
132723,10.34
132724,9.02
132725,9.03
132726,6.16
132727,12.785
132728,9.295
132729,9.655
132730,6.775
132731,7.005
132732,8.165
132733,16.225
132734,11.385
132735,8.855
132736,11.45
132737,11.585
132738,12.96
132739,15.655
132740,8.645
132741,8.065
132742,13.69
132743,8.355
132744,8.015
132745,9.445
132746,9.79
132747,8.035
132748,12.025
132749,9.815
132750,8.2
132751,6.87
132752,9.35
132753,10.375
132754,13.53
132755,10.245
132756,14.295
132757,6.655
132758,8.45
132759,7.325
132760,4.525
132761,7.99
132762,8.19
132763,11.4
132764,11.635
132765,12.17
132766,9.04
132767,6.905
132768,11.65
132769,6.745
132770,10.275
132771,10.52
132772,7.07
132773,11.46
132774,5.43
132775,9.925
132776,6.86
132777,10.455
132778,10.595
132779,5.795
132780,12.475
132781,13.855
132782,8.145
132783,14.465
132784,9.31
132785,9.195
132786,4.905
132787,12.47
132788,14.88
132789,17.185
132790,11.325
132791,8.27
132792,8.515
132793,7.255
132794,9.29
132795,10.495
132796,11.58
132797,5.615
132798,9.045
132799,17.455
132800,9.8
132801,6.83
132802,4.565
132803,7.565
132804,10.88
132805,10.805
132806,10.655
132807,6.77
132808,6.4
132809,11.72
132810,6.95
132811,10.065
132812,9.04
132813,11.225
132814,10.795
132815,10.985
132816,10.965
132817,9.34
132818,13.82
132819,13.46
132820,4.925
132821,8.785
132822,9.11
132823,12.0
132824,7.095
132825,15.53
132826,11.625
132827,11.665
132828,8.885
132829,10.36
132830,11.0
132831,12.78
132832,11.235
132833,10.49
132834,10.12
132835,10.055
132836,10.36
132837,9.655
132838,4.785
132839,5.605
132840,11.47
132841,10.35
132842,6.42
132843,8.925
132844,8.495
132845,5.855
132846,9.1
132847,12.905
132848,7.545
132849,10.005
132850,6.45
132851,6.085
132852,16.055
132853,9.775
132854,7.115
132855,6.795
132856,9.345
132857,10.535
132858,8.01
132859,7.47
132860,9.09
132861,8.06
132862,5.04
132863,8.68
132864,12.545
132865,11.22
132866,6.835
132867,10.545
132868,9.365
132869,7.025
132870,11.625
132871,9.015
132872,9.85
132873,10.385
132874,10.675
132875,9.09
132876,9.31
132877,11.14
132878,4.615
132879,11.395
132880,14.4
132881,9.4
132882,10.19
132883,14.3
132884,13.64
132885,12.46
132886,11.87
132887,8.39
132888,12.35
132889,7.185
132890,10.51
132891,6.585
132892,7.03
132893,11.08
132894,12.82
132895,11.19
132896,10.195
132897,11.13
132898,9.805
132899,12.86
132900,11.07
132901,10.265
132902,11.805
132903,10.545
132904,11.665
132905,11.125
132906,6.775
132907,10.62
132908,16.215
132909,10.67
132910,9.64
132911,12.03
132912,13.585
132913,12.905
132914,10.83
132915,11.06
132916,11.055
132917,8.28
132918,9.205
132919,10.915
132920,13.35
132921,7.89
132922,8.12
132923,6.47
132924,9.345
132925,12.385
132926,9.22
132927,9.15
132928,9.45
132929,7.485
132930,14.525
132931,7.775
132932,12.325
132933,5.165
132934,8.775
132935,7.55
132936,10.785
132937,11.755
132938,8.965
132939,6.495
132940,9.135
132941,15.975
132942,5.005
132943,10.115
132944,9.73
132945,10.425
132946,9.19
132947,9.06
132948,9.14
132949,8.245
132950,9.88
132951,9.87
132952,12.09
132953,9.065
132954,6.3
132955,13.9
132956,10.99
132957,10.08
132958,10.88
132959,8.675
132960,12.245
132961,9.775
132962,14.765
132963,9.075
132964,17.265
132965,6.83
132966,15.025
132967,10.745
132968,9.47
132969,7.94
132970,15.63
132971,13.3
132972,5.68
132973,11.835
132974,11.35
132975,9.39
132976,8.58
132977,16.03
132978,7.25
132979,6.835
132980,10.5
132981,9.245
132982,10.315
132983,7.22
132984,10.71
132985,8.8
132986,9.31
132987,4.665
132988,9.465
132989,10.545
132990,12.525
132991,9.44
132992,9.605
132993,11.63
132994,6.615
132995,17.525
132996,4.6
132997,13.08
132998,7.92
132999,12.115
133000,10.54
133001,9.71
133002,13.785
133003,10.995
133004,11.505
133005,11.235
133006,11.295
133007,10.65
133008,10.815
133009,10.66
133010,4.135
133011,9.35
133012,18.935
133013,6.24
133014,6.875
133015,9.215
133016,5.3
133017,5.975
133018,10.535
133019,11.13
133020,10.92
133021,10.575
133022,9.375
133023,9.09
133024,4.775
133025,16.35
133026,10.01
133027,9.01
133028,8.675
133029,7.01
133030,14.775
133031,12.47
133032,11.725
133033,15.675
133034,9.635
133035,10.29
133036,7.1
133037,10.45
133038,9.945
133039,9.915
133040,9.44
133041,9.67
133042,3.745
133043,6.95
133044,13.625
133045,12.33
133046,8.95
133047,9.62
133048,14.835
133049,12.07
133050,12.755
133051,16.125
133052,15.035
133053,7.95
133054,3.58
133055,13.505
133056,6.455
133057,19.42
133058,14.075
133059,9.105
133060,9.62
133061,3.675
133062,13.045
133063,4.755
133064,6.775
133065,8.095
133066,9.59
133067,5.94
133068,14.65
133069,11.49
133070,14.045
133071,9.06
133072,10.84
133073,8.535
133074,9.34
133075,9.385
133076,11.235
133077,8.405
133078,8.37
133079,9.625
133080,3.8
133081,11.48
133082,5.55
133083,10.8
133084,10.515
133085,13.0
133086,10.375
133087,6.2
133088,7.345
133089,10.965
133090,12.47
133091,8.865
133092,11.35
133093,10.82
133094,5.2
133095,9.265
133096,15.47
133097,14.58
133098,9.58
133099,10.91
133100,6.18
133101,12.27
133102,13.105
133103,9.225
133104,12.005
133105,10.74
133106,9.515
133107,7.065
133108,11.025
133109,10.25
133110,10.455
133111,4.465
133112,12.69
133113,6.88
133114,10.375
133115,8.165
133116,7.33
133117,9.66
133118,15.345
133119,15.135
133120,7.65
133121,11.07
133122,9.41
133123,10.595
133124,8.435
133125,16.255
133126,11.855
133127,6.145
133128,11.515
133129,13.005
133130,9.475
133131,11.275
133132,10.89
133133,9.085
133134,8.43
133135,7.015
133136,7.885
133137,5.695
133138,5.72
133139,10.105
133140,6.165
133141,5.39
133142,11.0
133143,9.72
133144,10.38
133145,10.675
133146,3.915
133147,4.75
133148,16.04
133149,7.94
133150,4.31
133151,16.29
133152,12.77
133153,7.63
133154,10.5
133155,11.28
133156,10.32
133157,6.325
133158,11.635
133159,6.095
133160,8.96
133161,8.97
133162,9.85
133163,9.3
133164,5.66
133165,6.105
133166,10.505
133167,9.205
133168,6.825
133169,11.325
133170,9.82
133171,12.68
133172,11.44
133173,11.29
133174,11.115
133175,3.775
133176,9.11
133177,12.025
133178,9.775
133179,7.305
133180,6.64
133181,10.54
133182,7.895
133183,8.455
133184,10.295
133185,14.03
133186,9.465
133187,7.435
133188,11.72
133189,5.61
133190,9.75
133191,14.46
133192,6.89
133193,5.07
133194,7.43
133195,9.36
133196,7.455
133197,12.655
133198,9.895
133199,8.16
133200,9.75
133201,9.38
133202,10.665
133203,9.025
133204,9.035
133205,11.69
133206,6.03
133207,8.315
133208,12.725
133209,9.09
133210,10.16
133211,9.72
133212,10.565
133213,16.01
133214,17.15
133215,10.935
133216,6.815
133217,10.2
133218,6.32
133219,11.89
133220,13.615
133221,9.885
133222,9.28
133223,11.975
133224,4.73
133225,10.015
133226,13.065
133227,7.5
133228,7.685
133229,8.29
133230,9.305
133231,10.985
133232,14.74
133233,8.02
133234,9.26
133235,15.09
133236,6.485
133237,6.75
133238,7.115
133239,10.78
133240,6.99
133241,9.375
133242,8.0
133243,13.335
133244,10.395
133245,9.32
133246,9.725
133247,10.23
133248,6.885
133249,14.125
133250,8.135
133251,10.855
133252,8.88
133253,10.41
133254,11.46
133255,7.3
133256,7.395
133257,9.46
133258,5.57
133259,14.92
133260,4.9
133261,9.54
133262,11.225
133263,14.23
133264,16.4
133265,9.96
133266,9.81
133267,11.855
133268,10.035
133269,5.29
133270,7.89
133271,9.94
133272,11.14
133273,7.97
133274,11.21
133275,8.575
133276,14.885
133277,16.56
133278,6.68
133279,7.905
133280,7.18
133281,10.67
133282,8.075
133283,6.625
133284,10.11
133285,10.34
133286,13.335
133287,12.67
133288,5.285
133289,18.475
133290,9.29
133291,13.41
133292,15.125
133293,9.9
133294,5.4
133295,7.65
133296,8.915
133297,8.43
133298,5.01
133299,10.395
133300,8.04
133301,5.86
133302,9.615
133303,7.09
133304,14.71
133305,6.985
133306,7.325
133307,4.745
133308,9.06
133309,15.885
133310,11.89
133311,10.385
133312,12.945
133313,9.76
133314,19.58
133315,9.45
133316,9.285
133317,10.75
133318,10.16
133319,15.3
133320,10.765
133321,6.085
133322,9.265
133323,14.465
133324,11.505
133325,10.305
133326,9.31
133327,10.5
133328,16.31
133329,6.64
133330,8.615
133331,10.21
133332,10.335
133333,7.005
133334,11.985
133335,16.72
133336,15.515
133337,11.54
133338,7.67
133339,10.35
133340,9.05
133341,15.355
133342,7.895
133343,8.17
133344,11.65
133345,6.895
133346,14.355
133347,13.55
133348,11.055
133349,8.735
133350,9.3
133351,8.17
133352,8.015
133353,5.905
133354,11.595
133355,8.33
133356,12.19
133357,13.095
133358,11.48
133359,12.06
133360,5.15
133361,8.95
133362,11.67
133363,4.055
133364,10.31
133365,7.415
133366,16.01
133367,10.54
133368,6.66
133369,4.8
133370,10.45
133371,6.885
133372,11.045
133373,11.53
133374,12.21
133375,10.555
133376,8.305
133377,10.57
133378,7.895
133379,8.02
133380,12.06
133381,7.585
133382,10.67
133383,11.52
133384,10.92
133385,13.06
133386,6.64
133387,10.285
133388,9.89
133389,11.565
133390,10.27
133391,13.175
133392,11.14
133393,9.025
133394,10.155
133395,10.35
133396,11.525
133397,9.7
133398,12.51
133399,9.55
133400,11.795
133401,10.13
133402,9.5
133403,14.55
133404,10.415
133405,11.1
133406,8.21
133407,10.005
133408,10.86
133409,13.355
133410,8.17
133411,9.51
133412,3.68
133413,19.375
133414,8.64
133415,9.525
133416,7.19
133417,9.425
133418,12.96
133419,9.53
133420,10.74
133421,11.285
133422,8.785
133423,12.785
133424,6.8
133425,6.945
133426,11.715
133427,8.045
133428,9.735
133429,9.05
133430,8.565
133431,8.34
133432,10.68
133433,10.97
133434,12.335
133435,15.66
133436,10.42
133437,13.235
133438,10.77
133439,9.825
133440,10.62
133441,14.91
133442,10.265
133443,5.175
133444,10.28
133445,7.685
133446,10.775
133447,11.135
133448,11.505
133449,18.965
133450,11.49
133451,7.27
133452,10.015
133453,11.27
133454,12.485
133455,10.82
133456,10.41
133457,7.375
133458,10.185
133459,8.92
133460,7.235
133461,12.585
133462,9.96
133463,11.46
133464,11.16
133465,13.585
133466,6.715
133467,8.23
133468,9.28
133469,3.57
133470,9.42
133471,12.49
133472,8.275
133473,10.75
133474,10.24
133475,11.475
133476,17.53
133477,9.25
133478,11.51
133479,14.855
133480,8.88
133481,8.625
133482,7.84
133483,16.12
133484,11.8
133485,11.775
133486,10.85
133487,10.295
133488,8.365
133489,11.8
133490,11.405
133491,11.025
133492,10.25
133493,7.96
133494,10.26
133495,14.82
133496,8.35
133497,9.34
133498,7.15
133499,13.4
133500,10.435
133501,10.745
133502,10.135
133503,19.53
133504,10.945
133505,10.45
133506,10.55
133507,10.875
133508,10.395
133509,11.065
133510,10.785
133511,8.715
133512,11.11
133513,9.68
133514,10.535
133515,9.16
133516,5.965
133517,8.33
133518,9.895
133519,7.37
133520,11.19
133521,11.41
133522,8.295
133523,6.895
133524,9.125
133525,14.755
133526,9.665
133527,11.395
133528,10.485
133529,11.505
133530,7.795
133531,11.295
133532,9.805
133533,9.625
133534,10.445
133535,10.635
133536,10.7
133537,9.105
133538,12.4
133539,9.81
133540,11.755
133541,12.005
133542,6.82
133543,9.775
133544,11.29
133545,5.55
133546,9.625
133547,9.32
133548,4.37
133549,8.52
133550,8.545
133551,10.425
133552,11.59
133553,9.065
133554,7.225
133555,6.55
133556,5.41
133557,12.445
133558,7.615
133559,13.01
133560,15.165
133561,8.03
133562,8.915
133563,9.11
133564,6.71
133565,11.1
133566,11.33
133567,12.475
133568,6.935
133569,11.395
133570,9.65
133571,11.945
133572,6.855
133573,19.945
133574,7.38
133575,7.34
133576,11.49
133577,10.31
133578,11.005
133579,8.425
133580,8.785
133581,9.77
133582,14.24
133583,11.715
133584,14.9
133585,14.56
133586,13.975
133587,5.745
133588,10.925
133589,10.42
133590,9.055
133591,7.08
133592,8.45
133593,13.18
133594,11.725
133595,13.055
133596,11.46
133597,11.405
133598,8.72
133599,6.595
133600,14.11
133601,14.625
133602,8.135
133603,14.11
133604,13.07
133605,6.12
133606,10.88
133607,12.58
133608,8.695
133609,9.845
133610,6.665
133611,13.24
133612,10.4
133613,9.33
133614,17.945
133615,10.0
133616,5.35
133617,7.695
133618,8.29
133619,10.125
133620,12.07
133621,9.08
133622,12.49
133623,6.095
133624,7.455
133625,6.39
133626,9.3
133627,19.165
133628,5.04
133629,9.275
133630,9.48
133631,8.92
133632,8.74
133633,12.07
133634,9.925
133635,10.865
133636,12.01
133637,7.195
133638,6.62
133639,10.675
133640,14.78
133641,6.25
133642,9.58
133643,7.06
133644,7.22
133645,6.865
133646,7.13
133647,7.325
133648,11.485
133649,8.1
133650,11.805
133651,11.17
133652,4.52
133653,10.425
133654,7.4
133655,8.45
133656,12.675
133657,8.43
133658,10.4
133659,11.225
133660,8.65
133661,14.14
133662,7.05
133663,5.24
133664,11.96
133665,10.755
133666,7.345
133667,8.335
133668,6.925
133669,8.475
133670,11.285
133671,7.875
133672,9.21
133673,9.41
133674,14.62
133675,7.13
133676,12.235
133677,8.81
133678,9.51
133679,9.965
133680,9.42
133681,6.055
133682,11.76
133683,9.455
133684,4.76
133685,12.085
133686,14.495
133687,10.015
133688,9.655
133689,15.335
133690,10.695
133691,9.545
133692,6.83
133693,16.62
133694,9.925
133695,9.265
133696,13.925
133697,8.855
133698,9.485
133699,17.095
133700,10.905
133701,16.545
133702,7.91
133703,11.95
133704,8.13
133705,15.585
133706,10.965
133707,13.06
133708,14.14
133709,9.405
133710,9.5
133711,11.29
133712,18.455
133713,7.84
133714,4.75
133715,10.305
133716,8.545
133717,7.455
133718,9.815
133719,9.21
133720,11.97
133721,15.815
133722,7.455
133723,9.175
133724,15.05
133725,10.265
133726,10.845
133727,10.385
133728,16.915
133729,15.02
133730,10.44
133731,5.95
133732,11.885
133733,10.39
133734,7.2
133735,10.56
133736,7.4
133737,4.7
133738,5.535
133739,11.915
133740,10.545
133741,10.235
133742,10.37
133743,13.01
133744,9.285
133745,5.905
133746,8.74
133747,8.585
133748,10.745
133749,7.69
133750,10.675
133751,10.3
133752,9.255
133753,6.89
133754,6.825
133755,10.72
133756,9.84
133757,9.22
133758,5.31
133759,15.335
133760,6.65
133761,7.945
133762,9.455
133763,18.165
133764,10.375
133765,7.415
133766,8.715
133767,9.315
133768,8.015
133769,14.95
133770,13.86
133771,11.895
133772,8.16
133773,18.775
133774,7.51
133775,10.325
133776,9.27
133777,6.84
133778,15.445
133779,6.575
133780,10.455
133781,7.24
133782,10.84
133783,8.16
133784,10.47
133785,10.96
133786,12.635
133787,13.46
133788,15.665
133789,7.89
133790,10.83
133791,6.675
133792,10.655
133793,13.69
133794,17.42
133795,5.65
133796,16.06
133797,6.565
133798,9.435
133799,5.63
133800,9.165
133801,7.375
133802,12.575
133803,9.26
133804,6.625
133805,10.25
133806,11.73
133807,11.46
133808,12.495
133809,10.855
133810,11.71
133811,6.895
133812,8.955
133813,14.045
133814,4.53
133815,14.535
133816,19.655
133817,15.74
133818,11.63
133819,10.185
133820,6.75
133821,8.095
133822,5.745
133823,6.985
133824,13.38
133825,11.34
133826,11.23
133827,15.32
133828,7.36
133829,8.775
133830,9.53
133831,11.045
133832,11.74
133833,8.835
133834,7.155
133835,11.175
133836,11.615
133837,9.5
133838,11.7
133839,10.585
133840,16.685
133841,10.9
133842,7.035
133843,10.64
133844,6.91
133845,6.55
133846,8.935
133847,10.17
133848,11.365
133849,10.765
133850,7.295
133851,15.42
133852,11.81
133853,14.31
133854,8.205
133855,6.94
133856,5.845
133857,16.24
133858,11.505
133859,12.605
133860,11.86
133861,10.66
133862,9.49
133863,15.345
133864,11.295
133865,7.895
133866,11.45
133867,5.875
133868,11.935
133869,4.805
133870,7.89
133871,10.355
133872,14.385
133873,8.015
133874,8.0
133875,10.825
133876,10.345
133877,3.6
133878,14.035
133879,9.565
133880,8.06
133881,16.675
133882,7.75
133883,11.485
133884,11.3
133885,8.505
133886,14.74
133887,11.065
133888,9.07
133889,9.22
133890,4.81
133891,10.13
133892,9.78
133893,11.725
133894,9.52
133895,13.3
133896,7.145
133897,7.16
133898,10.245
133899,9.9
133900,8.36
133901,14.885
133902,9.725
133903,8.08
133904,7.12
133905,8.325
133906,9.395
133907,9.9
133908,11.95
133909,11.68
133910,10.775
133911,6.805
133912,10.89
133913,6.81
133914,7.045
133915,16.64
133916,9.345
133917,10.59
133918,16.28
133919,10.44
133920,8.765
133921,8.4
133922,9.105
133923,12.06
133924,11.8
133925,11.93
133926,9.53
133927,9.345
133928,7.49
133929,8.56
133930,12.215
133931,14.105
133932,9.82
133933,8.21
133934,8.02
133935,10.215
133936,4.855
133937,6.32
133938,14.3
133939,17.035
133940,10.23
133941,13.555
133942,8.665
133943,5.31
133944,19.865
133945,15.295
133946,9.89
133947,8.335
133948,9.32
133949,10.855
133950,6.795
133951,8.37
133952,10.615
133953,6.35
133954,10.07
133955,10.325
133956,11.25
133957,10.065
133958,10.445
133959,10.91
133960,8.575
133961,11.045
133962,11.84
133963,17.67
133964,9.205
133965,7.115
133966,13.475
133967,6.81
133968,13.71
133969,8.635
133970,5.07
133971,11.98
133972,9.21
133973,17.53
133974,12.71
133975,4.855
133976,6.69
133977,7.05
133978,6.825
133979,11.08
133980,11.91
133981,8.255
133982,9.735
133983,9.01
133984,14.31
133985,14.2
133986,6.925
133987,13.84
133988,3.98
133989,10.795
133990,10.555
133991,10.19
133992,9.735
133993,6.855
133994,11.61
133995,10.465
133996,8.925
133997,10.2
133998,4.67
133999,10.8
134000,6.77
134001,10.275
134002,9.045
134003,8.095
134004,7.8
134005,15.7
134006,6.425
134007,14.11
134008,5.35
134009,7.425
134010,10.08
134011,8.735
134012,4.165
134013,10.06
134014,8.47
134015,5.14
134016,10.545
134017,8.7
134018,8.505
134019,10.725
134020,17.9
134021,9.205
134022,11.665
134023,14.265
134024,15.54
134025,11.27
134026,10.52
134027,13.35
134028,9.315
134029,11.425
134030,5.335
134031,8.425
134032,10.985
134033,4.415
134034,6.835
134035,10.065
134036,12.225
134037,6.765
134038,11.655
134039,9.05
134040,4.7
134041,10.395
134042,14.33
134043,13.925
134044,8.845
134045,9.19
134046,13.76
134047,7.485
134048,6.67
134049,11.99
134050,5.015
134051,8.575
134052,11.975
134053,9.915
134054,9.72
134055,12.68
134056,12.6
134057,6.98
134058,10.985
134059,4.225
134060,7.26
134061,9.06
134062,11.505
134063,10.0
134064,11.96
134065,12.43
134066,10.565
134067,12.175
134068,6.825
134069,9.8
134070,5.605
134071,10.835
134072,7.535
134073,12.01
134074,14.15
134075,13.57
134076,11.475
134077,7.845
134078,9.5
134079,7.445
134080,9.9
134081,9.74
134082,10.72
134083,6.155
134084,8.28
134085,12.0
134086,9.715
134087,16.295
134088,16.015
134089,12.215
134090,8.51
134091,7.215
134092,9.29
134093,11.59
134094,8.345
134095,11.585
134096,10.515
134097,11.155
134098,11.165
134099,7.29
134100,14.375
134101,6.835
134102,10.575
134103,14.81
134104,12.865
134105,9.885
134106,16.19
134107,11.8
134108,11.79
134109,8.345
134110,8.765
134111,11.405
134112,10.625
134113,9.175
134114,11.88
134115,12.72
134116,8.495
134117,13.835
134118,13.255
134119,10.075
134120,6.385
134121,9.39
134122,10.215
134123,11.895
134124,17.945
134125,6.725
134126,16.545
134127,6.78
134128,10.53
134129,7.94
134130,10.935
134131,5.705
134132,10.675
134133,7.615
134134,9.525
134135,9.8
134136,4.775
134137,8.38
134138,8.765
134139,10.025
134140,10.035
134141,12.895
134142,12.475
134143,10.545
134144,9.27
134145,10.81
134146,7.86
134147,7.535
134148,13.505
134149,12.37
134150,13.865
134151,9.07
134152,13.26
134153,12.385
134154,10.34
134155,8.675
134156,11.315
134157,18.54
134158,12.0
134159,9.515
134160,8.31
134161,6.355
134162,16.9
134163,11.065
134164,9.26
134165,9.62
134166,11.46
134167,7.98
134168,11.105
134169,11.475
134170,13.815
134171,18.695
134172,15.325
134173,11.455
134174,6.66
134175,10.48
134176,11.475
134177,9.84
134178,11.68
134179,4.06
134180,9.975
134181,12.455
134182,7.92
134183,8.805
134184,8.4
134185,13.615
134186,3.585
134187,11.78
134188,9.405
134189,7.455
134190,7.14
134191,6.68
134192,10.13
134193,8.565
134194,16.9
134195,9.005
134196,12.895
134197,11.595
134198,7.335
134199,14.575
134200,8.575
134201,12.26
134202,10.55
134203,6.52
134204,12.365
134205,16.19
134206,4.79
134207,9.355
134208,11.75
134209,9.13
134210,11.5
134211,12.735
134212,8.02
134213,6.22
134214,13.39
134215,9.18
134216,6.725
134217,11.13
134218,9.905
134219,12.53
134220,14.955
134221,11.91
134222,7.735
134223,13.37
134224,11.54
134225,6.53
134226,9.22
134227,7.955
134228,9.195
134229,10.865
134230,10.12
134231,10.09
134232,18.635
134233,11.95
134234,9.045
134235,9.01
134236,13.615
134237,12.23
134238,5.18
134239,11.645
134240,11.605
134241,13.29
134242,6.86
134243,7.96
134244,11.005
134245,10.11
134246,8.34
134247,8.47
134248,12.605
134249,6.44
134250,12.905
134251,7.05
134252,11.205
134253,11.075
134254,14.74
134255,6.735
134256,15.38
134257,6.67
134258,9.38
134259,15.955
134260,6.465
134261,14.42
134262,8.69
134263,9.2
134264,10.72
134265,9.66
134266,11.015
134267,9.09
134268,10.745
134269,13.36
134270,11.045
134271,12.555
134272,10.935
134273,10.31
134274,11.375
134275,15.6
134276,10.605
134277,9.74
134278,10.345
134279,7.815
134280,10.9
134281,10.565
134282,10.93
134283,9.455
134284,10.7
134285,11.415
134286,9.065
134287,9.6
134288,12.015
134289,9.11
134290,13.25
134291,10.185
134292,10.535
134293,8.825
134294,8.1
134295,7.685
134296,9.77
134297,8.235
134298,11.72
134299,12.65
134300,9.615
134301,8.855
134302,11.76
134303,8.11
134304,11.385
134305,7.36
134306,5.4
134307,9.985
134308,12.995
134309,9.65
134310,8.77
134311,10.545
134312,10.805
134313,9.26
134314,9.425
134315,11.61
134316,9.505
134317,9.365
134318,10.67
134319,7.495
134320,4.925
134321,5.79
134322,7.82
134323,11.615
134324,8.12
134325,13.45
134326,9.885
134327,11.27
134328,8.39
134329,9.335
134330,9.165
134331,9.085
134332,8.81
134333,11.275
134334,8.6
134335,11.03
134336,10.01
134337,9.545
134338,11.87
134339,10.885
134340,8.075
134341,14.81
134342,6.045
134343,11.435
134344,3.835
134345,10.455
134346,4.935
134347,4.085
134348,7.97
134349,8.265
134350,13.19
134351,12.275
134352,6.705
134353,7.685
134354,7.645
134355,8.355
134356,8.88
134357,8.675
134358,13.05
134359,4.915
134360,16.45
134361,10.855
134362,9.825
134363,12.0
134364,7.9
134365,3.93
134366,10.225
134367,10.38
134368,8.435
134369,8.98
134370,12.235
134371,12.38
134372,13.73
134373,7.895
134374,12.11
134375,10.515
134376,12.755
134377,6.21
134378,8.105
134379,10.89
134380,14.31
134381,12.595
134382,11.685
134383,9.32
134384,9.995
134385,9.355
134386,13.335
134387,8.265
134388,15.19
134389,9.61
134390,9.145
134391,11.895
134392,6.485
134393,8.44
134394,8.075
134395,7.285
134396,6.935
134397,8.78
134398,5.425
134399,15.165
134400,10.42
134401,6.44
134402,8.91
134403,8.095
134404,12.725
134405,8.88
134406,11.465
134407,9.755
134408,10.145
134409,11.7
134410,9.025
134411,12.155
134412,7.845
134413,10.875
134414,8.11
134415,11.21
134416,8.49
134417,6.67
134418,11.1
134419,7.48
134420,7.02
134421,17.65
134422,9.77
134423,11.3
134424,6.09
134425,6.805
134426,11.245
134427,10.34
134428,20.635
134429,5.975
134430,8.23
134431,7.885
134432,4.945
134433,13.59
134434,10.545
134435,8.09
134436,11.61
134437,13.74
134438,8.595
134439,10.31
134440,9.325
134441,9.335
134442,9.705
134443,14.5
134444,8.17
134445,9.555
134446,10.64
134447,18.185
134448,15.815
134449,8.075
134450,16.545
134451,10.9
134452,4.995
134453,11.24
134454,10.605
134455,11.33
134456,16.835
134457,9.425
134458,15.48
134459,13.845
134460,8.66
134461,12.42
134462,7.945
134463,6.83
134464,14.14
134465,10.825
134466,9.965
134467,11.2
134468,6.6
134469,10.15
134470,6.2
134471,15.485
134472,4.895
134473,14.615
134474,10.14
134475,9.885
134476,8.28
134477,7.82
134478,7.81
134479,9.545
134480,11.675
134481,9.45
134482,7.355
134483,8.255
134484,7.57
134485,10.52
134486,14.915
134487,9.1
134488,9.695
134489,10.985
134490,11.51
134491,13.715
134492,7.825
134493,14.74
134494,13.7
134495,15.98
134496,4.99
134497,11.185
134498,8.25
134499,8.935
134500,9.995
134501,9.28
134502,8.69
134503,6.805
134504,6.415
134505,9.645
134506,8.125
134507,13.18
134508,9.67
134509,9.54
134510,10.06
134511,6.72
134512,10.075
134513,8.95
134514,6.715
134515,10.545
134516,6.89
134517,12.05
134518,11.66
134519,5.73
134520,5.1
134521,12.17
134522,11.835
134523,13.77
134524,8.805
134525,12.435
134526,10.77
134527,10.455
134528,9.91
134529,10.665
134530,9.86
134531,6.805
134532,13.995
134533,6.11
134534,12.855
134535,10.17
134536,4.89
134537,11.91
134538,13.845
134539,8.465
134540,5.165
134541,8.585
134542,11.68
134543,11.28
134544,9.925
134545,9.855
134546,15.895
134547,10.17
134548,12.4
134549,11.48
134550,12.275
134551,6.995
134552,7.13
134553,9.35
134554,8.285
134555,11.05
134556,9.145
134557,11.52
134558,12.455
134559,4.05
134560,9.035
134561,11.615
134562,5.795
134563,8.705
134564,11.68
134565,6.4
134566,10.61
134567,6.765
134568,9.905
134569,10.53
134570,13.55
134571,9.86
134572,9.44
134573,10.555
134574,10.995
134575,11.84
134576,13.07
134577,10.52
134578,8.545
134579,10.675
134580,5.195
134581,9.52
134582,13.405
134583,10.78
134584,8.765
134585,11.775
134586,13.6
134587,10.715
134588,6.855
134589,12.035
134590,13.615
134591,10.47
134592,8.12
134593,10.05
134594,9.555
134595,7.64
134596,9.4
134597,9.31
134598,11.83
134599,6.885
134600,6.255
134601,13.73
134602,10.405
134603,8.885
134604,14.525
134605,10.685
134606,10.51
134607,9.4
134608,5.13
134609,6.82
134610,9.14
134611,15.595
134612,5.93
134613,11.055
134614,9.745
134615,11.885
134616,10.665
134617,18.9
134618,11.115
134619,10.285
134620,4.515
134621,12.4
134622,16.235
134623,8.39
134624,12.415
134625,10.485
134626,12.675
134627,7.82
134628,8.025
134629,10.305
134630,7.465
134631,10.7
134632,10.76
134633,6.765
134634,11.885
134635,11.195
134636,9.125
134637,10.555
134638,6.99
134639,10.505
134640,9.39
134641,8.59
134642,8.675
134643,10.965
134644,11.32
134645,10.635
134646,10.935
134647,10.69
134648,11.875
134649,15.915
134650,9.745
134651,7.01
134652,10.655
134653,11.51
134654,9.57
134655,9.44
134656,10.615
134657,9.47
134658,13.435
134659,8.16
134660,10.04
134661,8.1
134662,9.26
134663,13.085
134664,11.69
134665,8.675
134666,6.23
134667,8.86
134668,13.525
134669,11.26
134670,10.62
134671,8.97
134672,9.725
134673,11.415
134674,11.955
134675,11.815
134676,10.22
134677,10.535
134678,11.175
134679,6.16
134680,12.26
134681,10.36
134682,11.955
134683,13.215
134684,11.09
134685,9.45
134686,10.24
134687,16.415
134688,8.05
134689,8.905
134690,7.34
134691,11.255
134692,8.1
134693,13.54
134694,12.615
134695,7.51
134696,8.75
134697,10.075
134698,9.55
134699,12.145
134700,10.645
134701,9.16
134702,12.555
134703,10.635
134704,6.765
134705,12.43
134706,8.315
134707,8.76
134708,8.645
134709,10.715
134710,10.645
134711,11.825
134712,11.155
134713,10.285
134714,9.14
134715,11.75
134716,15.77
134717,9.92
134718,12.41
134719,5.48
134720,12.095
134721,13.255
134722,16.22
134723,6.535
134724,9.24
134725,8.13
134726,8.49
134727,10.75
134728,11.205
134729,15.065
134730,13.905
134731,10.745
134732,8.065
134733,8.15
134734,6.16
134735,11.445
134736,12.82
134737,13.15
134738,11.58
134739,7.975
134740,10.51
134741,15.375
134742,11.31
134743,13.49
134744,9.55
134745,11.725
134746,10.495
134747,15.54
134748,10.435
134749,9.19
134750,10.345
134751,13.45
134752,10.78
134753,10.55
134754,16.93
134755,9.67
134756,8.215
134757,6.33
134758,10.18
134759,7.505
134760,6.565
134761,12.39
134762,7.665
134763,10.695
134764,5.165
134765,9.33
134766,12.66
134767,14.645
134768,11.135
134769,10.815
134770,11.02
134771,8.14
134772,10.715
134773,9.46
134774,10.345
134775,10.155
134776,8.83
134777,13.25
134778,7.325
134779,11.32
134780,6.795
134781,7.83
134782,11.1
134783,12.375
134784,8.62
134785,10.05
134786,8.405
134787,8.23
134788,10.56
134789,9.505
134790,17.44
134791,7.835
134792,4.88
134793,10.005
134794,11.225
134795,13.865
134796,5.56
134797,9.705
134798,11.15
134799,10.815
134800,5.015
134801,10.105
134802,11.11
134803,8.26
134804,8.205
134805,8.88
134806,15.505
134807,8.065
134808,7.88
134809,9.11
134810,6.42
134811,9.63
134812,12.375
134813,10.48
134814,6.635
134815,4.875
134816,10.17
134817,6.825
134818,13.49
134819,14.605
134820,10.805
134821,9.98
134822,9.235
134823,11.765
134824,10.32
134825,16.6
134826,12.025
134827,14.325
134828,8.8
134829,15.845
134830,19.33
134831,10.13
134832,9.075
134833,9.86
134834,9.02
134835,10.4
134836,8.46
134837,14.03
134838,10.73
134839,13.565
134840,15.635
134841,10.47
134842,8.37
134843,8.835
134844,6.06
134845,11.31
134846,10.37
134847,11.19
134848,6.27
134849,8.28
134850,13.41
134851,10.31
134852,10.05
134853,10.03
134854,7.87
134855,6.7
134856,14.925
134857,5.37
134858,15.905
134859,14.56
134860,6.78
134861,5.44
134862,9.385
134863,11.755
134864,17.715
134865,6.755
134866,9.095
134867,10.93
134868,15.99
134869,9.39
134870,10.13
134871,9.705
134872,13.825
134873,10.33
134874,10.5
134875,12.575
134876,8.52
134877,13.845
134878,15.375
134879,7.585
134880,12.09
134881,5.42
134882,12.14
134883,12.835
134884,7.91
134885,14.415
134886,17.7
134887,13.0
134888,12.07
134889,11.795
134890,10.075
134891,7.3
134892,11.0
134893,6.14
134894,14.845
134895,12.35
134896,9.955
134897,4.825
134898,15.22
134899,14.535
134900,7.535
134901,6.945
134902,17.96
134903,13.735
134904,12.57
134905,11.22
134906,10.67
134907,14.27
134908,12.66
134909,15.235
134910,7.995
134911,12.65
134912,5.865
134913,12.67
134914,9.125
134915,13.255
134916,13.945
134917,11.315
134918,9.665
134919,10.555
134920,11.195
134921,11.45
134922,9.685
134923,9.48
134924,6.6
134925,8.92
134926,13.22
134927,8.38
134928,9.075
134929,12.715
134930,10.14
134931,7.68
134932,6.71
134933,11.16
134934,8.395
134935,9.755
134936,18.95
134937,9.56
134938,4.86
134939,9.85
134940,9.28
134941,10.72
134942,10.26
134943,13.395
134944,11.905
134945,10.42
134946,7.245
134947,10.195
134948,16.51
134949,6.655
134950,11.425
134951,21.125
134952,8.925
134953,4.32
134954,7.085
134955,9.205
134956,13.855
134957,7.295
134958,9.6
134959,10.76
134960,5.64
134961,8.955
134962,11.335
134963,9.53
134964,10.67
134965,15.15
134966,7.105
134967,6.64
134968,13.8
134969,11.13
134970,7.92
134971,9.215
134972,7.09
134973,10.785
134974,7.69
134975,15.03
134976,7.925
134977,11.77
134978,7.37
134979,11.335
134980,10.95
134981,7.275
134982,10.735
134983,6.715
134984,9.205
134985,9.115
134986,9.55
134987,10.705
134988,16.44
134989,5.99
134990,8.11
134991,10.145
134992,10.88
134993,10.91
134994,12.41
134995,13.53
134996,4.685
134997,11.24
134998,11.535
134999,9.69
135000,10.715
135001,12.585
135002,8.915
135003,10.855
135004,7.69
135005,10.135
135006,14.03
135007,10.67
135008,8.295
135009,4.0
135010,4.06
135011,9.19
135012,10.31
135013,11.12
135014,6.81
135015,11.16
135016,9.53
135017,11.28
135018,6.19
135019,8.575
135020,10.885
135021,11.53
135022,9.61
135023,8.765
135024,11.39
135025,8.475
135026,7.695
135027,4.485
135028,13.36
135029,11.435
135030,6.425
135031,10.715
135032,8.525
135033,11.52
135034,9.82
135035,5.975
135036,8.815
135037,9.3
135038,8.62
135039,8.575
135040,8.83
135041,10.76
135042,8.86
135043,13.505
135044,8.76
135045,10.315
135046,9.635
135047,14.05
135048,9.22
135049,6.775
135050,7.915
135051,11.62
135052,11.345
135053,6.8
135054,12.81
135055,9.47
135056,10.02
135057,6.46
135058,13.51
135059,7.425
135060,9.72
135061,10.515
135062,9.39
135063,17.36
135064,8.925
135065,9.125
135066,10.12
135067,11.62
135068,11.445
135069,11.37
135070,9.7
135071,7.92
135072,7.985
135073,7.86
135074,9.72
135075,11.95
135076,9.535
135077,12.11
135078,6.12
135079,13.89
135080,10.485
135081,12.055
135082,8.765
135083,10.69
135084,8.09
135085,8.84
135086,10.105
135087,12.555
135088,13.545
135089,9.44
135090,11.585
135091,7.99
135092,11.94
135093,11.85
135094,11.295
135095,9.065
135096,9.91
135097,7.41
135098,6.755
135099,11.59
135100,11.765
135101,11.71
135102,7.89
135103,10.99
135104,14.565
135105,8.825
135106,10.725
135107,6.815
135108,12.04
135109,11.065
135110,4.525
135111,8.165
135112,10.0
135113,9.99
135114,6.74
135115,7.735
135116,6.625
135117,7.56
135118,15.165
135119,9.875
135120,14.525
135121,13.08
135122,9.985
135123,12.595
135124,7.48
135125,11.675
135126,8.73
135127,9.815
135128,12.2
135129,13.525
135130,10.18
135131,11.905
135132,6.855
135133,6.975
135134,11.725
135135,8.515
135136,13.375
135137,9.625
135138,16.91
135139,10.53
135140,11.79
135141,10.995
135142,9.05
135143,6.6
135144,15.855
135145,9.34
135146,16.195
135147,11.08
135148,9.72
135149,10.355
135150,6.585
135151,10.96
135152,6.52
135153,11.235
135154,10.305
135155,10.925
135156,4.64
135157,9.53
135158,7.315
135159,8.165
135160,9.98
135161,9.62
135162,12.0
135163,9.17
135164,11.79
135165,9.825
135166,8.355
135167,11.095
135168,7.825
135169,8.83
135170,10.56
135171,11.845
135172,14.135
135173,12.04
135174,11.68
135175,6.65
135176,9.44
135177,18.08
135178,10.175
135179,6.83
135180,7.675
135181,14.345
135182,14.155
135183,10.66
135184,9.435
135185,10.375
135186,5.165
135187,9.715
135188,17.39
135189,8.81
135190,8.125
135191,11.51
135192,10.155
135193,6.61
135194,10.37
135195,11.525
135196,11.795
135197,13.125
135198,6.705
135199,7.915
135200,11.465
135201,9.72
135202,7.215
135203,12.14
135204,9.595
135205,11.75
135206,4.585
135207,9.575
135208,9.455
135209,10.525
135210,13.4
135211,13.165
135212,11.09
135213,6.715
135214,8.62
135215,14.705
135216,10.53
135217,9.92
135218,10.015
135219,9.35
135220,7.85
135221,12.43
135222,11.575
135223,18.26
135224,17.055
135225,9.545
135226,9.33
135227,4.62
135228,13.695
135229,10.645
135230,11.76
135231,4.32
135232,11.215
135233,10.405
135234,14.015
135235,11.225
135236,11.095
135237,11.28
135238,9.845
135239,11.54
135240,6.265
135241,10.87
135242,16.46
135243,7.02
135244,9.26
135245,10.585
135246,11.28
135247,12.945
135248,7.55
135249,16.39
135250,9.865
135251,14.53
135252,4.535
135253,9.625
135254,11.035
135255,13.0
135256,7.66
135257,12.165
135258,9.39
135259,14.145
135260,12.08
135261,12.08
135262,7.77
135263,12.395
135264,3.97
135265,8.885
135266,4.175
135267,10.01
135268,8.03
135269,6.0
135270,8.265
135271,12.55
135272,8.96
135273,8.41
135274,6.555
135275,9.025
135276,12.125
135277,5.565
135278,12.46
135279,8.145
135280,10.975
135281,12.835
135282,8.43
135283,7.39
135284,10.995
135285,11.25
135286,10.83
135287,13.215
135288,10.035
135289,8.25
135290,4.745
135291,9.465
135292,10.635
135293,10.115
135294,11.875
135295,6.375
135296,10.06
135297,11.69
135298,10.295
135299,8.815
135300,4.985
135301,8.09
135302,9.06
135303,10.61
135304,13.82
135305,13.265
135306,12.22
135307,11.35
135308,10.955
135309,10.815
135310,14.12
135311,11.845
135312,19.67
135313,11.825
135314,7.94
135315,10.745
135316,14.73
135317,9.34
135318,10.665
135319,12.555
135320,13.545
135321,11.93
135322,12.755
135323,9.24
135324,9.545
135325,11.895
135326,12.205
135327,11.185
135328,7.34
135329,8.03
135330,4.945
135331,7.57
135332,16.64
135333,14.825
135334,9.075
135335,11.055
135336,11.03
135337,9.655
135338,4.77
135339,11.755
135340,7.705
135341,12.285
135342,10.37
135343,11.505
135344,5.855
135345,10.875
135346,14.46
135347,15.955
135348,8.35
135349,10.87
135350,9.93
135351,9.91
135352,6.71
135353,14.14
135354,10.115
135355,12.33
135356,7.69
135357,14.705
135358,11.335
135359,9.265
135360,8.685
135361,6.795
135362,10.96
135363,5.31
135364,11.115
135365,15.31
135366,10.81
135367,10.475
135368,12.045
135369,13.2
135370,8.2
135371,6.71
135372,8.35
135373,14.995
135374,7.895
135375,12.73
135376,5.945
135377,11.275
135378,12.31
135379,10.485
135380,14.41
135381,8.62
135382,13.315
135383,9.925
135384,15.045
135385,14.99
135386,11.755
135387,11.775
135388,15.445
135389,5.535
135390,9.225
135391,5.305
135392,10.355
135393,8.39
135394,12.26
135395,14.22
135396,8.46
135397,11.305
135398,20.395
135399,11.945
135400,6.795
135401,10.06
135402,10.97
135403,10.54
135404,10.02
135405,6.145
135406,15.825
135407,13.04
135408,5.365
135409,18.895
135410,7.18
135411,5.225
135412,11.65
135413,9.665
135414,9.39
135415,11.715
135416,10.545
135417,10.985
135418,9.595
135419,10.895
135420,8.615
135421,11.395
135422,10.165
135423,10.44
135424,10.71
135425,7.275
135426,11.125
135427,10.685
135428,12.19
135429,11.32
135430,11.74
135431,12.915
135432,9.765
135433,10.985
135434,9.74
135435,11.53
135436,6.385
135437,4.975
135438,8.73
135439,7.165
135440,9.36
135441,11.48
135442,11.555
135443,15.475
135444,13.98
135445,11.775
135446,6.165
135447,10.225
135448,10.3
135449,8.35
135450,11.105
135451,11.775
135452,11.35
135453,11.285
135454,15.275
135455,7.875
135456,12.33
135457,8.125
135458,10.815
135459,11.405
135460,9.69
135461,13.155
135462,6.545
135463,8.71
135464,8.38
135465,8.405
135466,15.955
135467,12.98
135468,5.08
135469,11.285
135470,6.215
135471,17.25
135472,15.26
135473,9.53
135474,7.21
135475,11.375
135476,10.95
135477,7.795
135478,7.47
135479,9.44
135480,8.045
135481,11.46
135482,14.495
135483,4.57
135484,11.785
135485,6.665
135486,9.34
135487,9.44
135488,12.88
135489,10.735
135490,11.255
135491,7.075
135492,9.75
135493,7.255
135494,6.69
135495,7.255
135496,12.695
135497,12.34
135498,6.77
135499,9.895
135500,15.19
135501,9.445
135502,11.45
135503,11.815
135504,12.87
135505,9.595
135506,9.91
135507,12.875
135508,17.335
135509,13.02
135510,6.855
135511,11.495
135512,14.69
135513,8.86
135514,9.25
135515,5.935
135516,10.885
135517,11.14
135518,14.605
135519,10.895
135520,11.09
135521,4.205
135522,9.95
135523,12.36
135524,10.68
135525,10.885
135526,10.945
135527,15.365
135528,5.09
135529,12.255
135530,15.37
135531,11.59
135532,6.95
135533,4.965
135534,13.64
135535,10.275
135536,4.215
135537,7.91
135538,9.56
135539,10.625
135540,4.75
135541,11.285
135542,4.105
135543,5.785
135544,10.845
135545,9.69
135546,9.72
135547,9.095
135548,11.405
135549,10.735
135550,7.005
135551,10.755
135552,11.205
135553,6.55
135554,9.565
135555,13.355
135556,10.55
135557,15.825
135558,8.37
135559,10.645
135560,9.265
135561,11.5
135562,5.17
135563,6.3
135564,12.575
135565,9.13
135566,15.655
135567,11.575
135568,9.3
135569,9.77
135570,9.4
135571,9.96
135572,11.335
135573,5.905
135574,6.985
135575,10.645
135576,11.56
135577,9.59
135578,10.0
135579,8.365
135580,10.815
135581,16.495
135582,13.285
135583,9.6
135584,11.83
135585,5.83
135586,4.565
135587,11.465
135588,10.795
135589,9.23
135590,14.66
135591,9.665
135592,5.215
135593,11.675
135594,10.07
135595,9.82
135596,7.175
135597,10.53
135598,8.13
135599,8.735
135600,14.725
135601,8.64
135602,10.465
135603,11.575
135604,7.95
135605,18.28
135606,12.515
135607,13.285
135608,9.215
135609,10.92
135610,14.285
135611,3.805
135612,13.965
135613,10.745
135614,9.78
135615,12.305
135616,8.44
135617,9.23
135618,13.68
135619,9.225
135620,10.46
135621,15.145
135622,7.095
135623,12.995
135624,12.225
135625,17.845
135626,11.06
135627,10.26
135628,8.545
135629,9.545
135630,8.035
135631,11.005
135632,7.425
135633,12.52
135634,12.0
135635,9.26
135636,11.4
135637,8.995
135638,6.705
135639,8.695
135640,7.85
135641,9.385
135642,12.865
135643,7.605
135644,8.325
135645,13.115
135646,10.355
135647,11.03
135648,6.88
135649,11.815
135650,8.575
135651,15.285
135652,9.385
135653,18.015
135654,10.75
135655,12.4
135656,11.18
135657,13.93
135658,9.35
135659,10.215
135660,12.365
135661,12.725
135662,9.35
135663,12.395
135664,10.66
135665,12.19
135666,8.945
135667,8.08
135668,15.6
135669,4.94
135670,9.36
135671,14.005
135672,15.955
135673,8.01
135674,14.205
135675,14.035
135676,10.52
135677,14.975
135678,11.155
135679,10.64
135680,7.465
135681,13.085
135682,18.035
135683,8.97
135684,8.04
135685,13.65
135686,10.39
135687,7.635
135688,6.555
135689,10.06
135690,11.065
135691,7.05
135692,10.255
135693,7.91
135694,11.66
135695,9.55
135696,10.24
135697,6.87
135698,10.345
135699,11.105
135700,10.22
135701,6.575
135702,8.725
135703,4.19
135704,12.535
135705,15.375
135706,14.89
135707,9.1
135708,15.12
135709,9.32
135710,5.43
135711,8.945
135712,10.63
135713,9.475
135714,11.23
135715,10.145
135716,13.45
135717,11.205
135718,9.65
135719,8.075
135720,10.94
135721,8.375
135722,12.275
135723,9.785
135724,4.8
135725,11.17
135726,9.535
135727,9.345
135728,11.79
135729,6.94
135730,10.225
135731,14.505
135732,8.025
135733,4.82
135734,12.45
135735,8.66
135736,8.065
135737,6.8
135738,9.255
135739,6.285
135740,11.415
135741,10.635
135742,10.12
135743,10.095
135744,9.245
135745,11.915
135746,7.89
135747,15.11
135748,18.455
135749,6.83
135750,10.1
135751,9.675
135752,12.635
135753,8.99
135754,11.225
135755,8.43
135756,10.54
135757,11.705
135758,7.605
135759,9.79
135760,9.615
135761,10.72
135762,10.795
135763,11.21
135764,15.66
135765,8.97
135766,9.8
135767,12.7
135768,9.935
135769,7.8
135770,7.56
135771,14.4
135772,11.57
135773,9.54
135774,9.15
135775,13.05
135776,13.36
135777,12.565
135778,8.735
135779,13.76
135780,10.21
135781,7.39
135782,7.95
135783,9.17
135784,10.875
135785,10.28
135786,10.31
135787,8.165
135788,6.475
135789,9.34
135790,12.33
135791,12.03
135792,15.885
135793,13.75
135794,9.085
135795,10.27
135796,9.29
135797,10.205
135798,13.31
135799,9.61
135800,12.52
135801,11.03
135802,10.315
135803,4.845
135804,12.425
135805,15.04
135806,10.16
135807,11.465
135808,11.335
135809,13.21
135810,9.195
135811,17.2
135812,10.56
135813,8.31
135814,10.18
135815,13.065
135816,10.82
135817,10.255
135818,6.835
135819,10.68
135820,11.52
135821,14.46
135822,11.87
135823,9.855
135824,11.175
135825,6.7
135826,7.845
135827,8.995
135828,9.84
135829,7.52
135830,10.665
135831,17.73
135832,14.825
135833,10.785
135834,11.0
135835,8.105
135836,9.31
135837,6.735
135838,10.815
135839,4.845
135840,9.52
135841,11.465
135842,10.135
135843,7.445
135844,6.82
135845,19.38
135846,10.395
135847,8.24
135848,14.045
135849,10.435
135850,8.745
135851,7.2
135852,10.065
135853,8.835
135854,18.425
135855,10.98
135856,11.76
135857,9.455
135858,7.845
135859,6.475
135860,11.4
135861,6.635
135862,7.83
135863,6.855
135864,11.13
135865,6.455
135866,10.15
135867,7.72
135868,8.6
135869,11.895
135870,11.245
135871,7.765
135872,13.585
135873,9.68
135874,10.035
135875,14.24
135876,7.015
135877,12.865
135878,10.58
135879,8.62
135880,10.605
135881,9.64
135882,3.965
135883,11.51
135884,10.925
135885,11.505
135886,9.235
135887,9.37
135888,7.525
135889,10.235
135890,10.92
135891,19.63
135892,11.71
135893,8.77
135894,17.23
135895,9.095
135896,4.995
135897,7.09
135898,10.76
135899,14.165
135900,8.905
135901,12.34
135902,7.61
135903,10.09
135904,7.735
135905,13.075
135906,3.625
135907,5.395
135908,8.21
135909,9.29
135910,7.945
135911,11.43
135912,10.455
135913,11.795
135914,11.285
135915,9.2
135916,7.72
135917,14.305
135918,15.79
135919,9.155
135920,5.285
135921,5.315
135922,11.36
135923,12.365
135924,11.36
135925,18.785
135926,9.48
135927,17.265
135928,9.115
135929,7.2
135930,6.785
135931,15.48
135932,6.775
135933,10.34
135934,11.79
135935,14.73
135936,11.435
135937,7.375
135938,7.845
135939,10.96
135940,6.095
135941,10.385
135942,7.765
135943,9.75
135944,6.175
135945,10.1
135946,10.41
135947,10.125
135948,10.065
135949,10.135
135950,7.915
135951,11.505
135952,10.425
135953,6.79
135954,9.58
135955,8.415
135956,7.045
135957,7.34
135958,15.985
135959,5.13
135960,6.11
135961,11.655
135962,8.855
135963,11.265
135964,6.6
135965,9.485
135966,11.15
135967,6.595
135968,11.795
135969,9.35
135970,9.23
135971,7.46
135972,10.585
135973,9.935
135974,13.78
135975,9.67
135976,7.35
135977,6.275
135978,10.355
135979,11.145
135980,6.335
135981,9.625
135982,6.655
135983,7.965
135984,11.475
135985,19.23
135986,9.835
135987,10.98
135988,11.975
135989,9.95
135990,10.565
135991,10.96
135992,10.53
135993,6.91
135994,13.415
135995,7.78
135996,9.635
135997,9.645
135998,9.815
135999,3.79
136000,10.475
136001,8.195
136002,12.15
136003,10.535
136004,7.685
136005,11.93
136006,15.945
136007,12.155
136008,3.645
136009,12.315
136010,15.615
136011,9.95
136012,13.295
136013,9.825
136014,11.815
136015,10.625
136016,11.1
136017,11.79
136018,10.475
136019,6.23
136020,5.89
136021,5.895
136022,9.415
136023,7.44
136024,16.79
136025,12.075
136026,9.37
136027,9.99
136028,11.49
136029,6.03
136030,12.395
136031,10.225
136032,9.81
136033,12.48
136034,6.02
136035,12.08
136036,9.2
136037,8.18
136038,9.035
136039,10.3
136040,13.715
136041,13.275
136042,8.905
136043,10.755
136044,5.92
136045,14.365
136046,8.345
136047,10.15
136048,9.125
136049,11.17
136050,6.53
136051,10.48
136052,10.645
136053,19.27
136054,9.205
136055,9.735
136056,6.63
136057,6.915
136058,11.53
136059,6.79
136060,8.07
136061,6.055
136062,12.955
136063,12.28
136064,10.675
136065,9.81
136066,9.555
136067,5.1
136068,10.87
136069,9.07
136070,7.195
136071,11.11
136072,3.93
136073,7.045
136074,6.74
136075,6.44
136076,12.31
136077,9.755
136078,6.71
136079,8.46
136080,10.445
136081,12.805
136082,9.41
136083,20.225
136084,10.325
136085,9.7
136086,11.18
136087,7.88
136088,9.275
136089,20.02
136090,11.045
136091,8.825
136092,7.935
136093,16.87
136094,14.745
136095,18.315
136096,10.62
136097,12.355
136098,9.41
136099,8.125
136100,9.945
136101,6.935
136102,10.595
136103,6.37
136104,9.285
136105,6.455
136106,15.325
136107,8.4
136108,12.815
136109,10.4
136110,13.825
136111,13.055
136112,8.095
136113,10.495
136114,10.615
136115,12.87
136116,8.625
136117,10.675
136118,9.635
136119,11.19
136120,6.325
136121,10.245
136122,9.255
136123,3.96
136124,11.0
136125,14.03
136126,8.09
136127,9.855
136128,6.605
136129,11.83
136130,11.45
136131,11.635
136132,11.63
136133,14.2
136134,15.67
136135,5.325
136136,7.345
136137,10.93
136138,9.93
136139,7.19
136140,9.735
136141,9.29
136142,11.85
136143,8.345
136144,10.125
136145,6.25
136146,7.18
136147,18.19
136148,10.59
136149,11.51
136150,5.625
136151,4.0
136152,16.055
136153,10.49
136154,9.805
136155,11.83
136156,8.815
136157,7.655
136158,9.895
136159,10.56
136160,6.23
136161,12.325
136162,9.965
136163,9.88
136164,9.325
136165,9.815
136166,15.815
136167,8.28
136168,8.455
136169,9.695
136170,7.41
136171,8.805
136172,7.97
136173,9.165
136174,13.675
136175,13.2
136176,11.19
136177,12.58
136178,11.66
136179,11.655
136180,10.075
136181,6.95
136182,9.395
136183,10.69
136184,9.44
136185,6.95
136186,11.61
136187,10.485
136188,6.045
136189,18.57
136190,10.71
136191,8.625
136192,5.04
136193,6.97
136194,9.85
136195,10.475
136196,14.795
136197,12.815
136198,9.785
136199,10.765
136200,11.805
136201,4.565
136202,6.8
136203,8.855
136204,8.55
136205,7.18
136206,12.785
136207,12.68
136208,12.145
136209,5.65
136210,10.495
136211,17.745
136212,8.325
136213,8.09
136214,10.01
136215,12.715
136216,12.625
136217,16.835
136218,12.145
136219,11.04
136220,7.215
136221,10.465
136222,7.645
136223,8.75
136224,12.94
136225,9.23
136226,12.215
136227,13.17
136228,13.18
136229,12.135
136230,10.585
136231,10.07
136232,10.86
136233,14.625
136234,9.105
136235,4.95
136236,7.22
136237,7.46
136238,12.24
136239,4.905
136240,9.905
136241,11.135
136242,10.485
136243,6.83
136244,9.74
136245,9.91
136246,7.96
136247,11.08
136248,10.955
136249,3.955
136250,13.93
136251,9.905
136252,14.215
136253,12.18
136254,9.5
136255,6.725
136256,12.775
136257,10.135
136258,14.31
136259,8.03
136260,10.005
136261,8.48
136262,10.025
136263,7.235
136264,7.115
136265,15.07
136266,6.945
136267,12.41
136268,11.98
136269,11.33
136270,12.415
136271,10.755
136272,9.355
136273,10.85
136274,14.86
136275,10.895
136276,14.26
136277,14.765
136278,11.71
136279,11.55
136280,9.85
136281,12.635
136282,5.775
136283,12.0
136284,9.555
136285,15.925
136286,9.925
136287,11.58
136288,10.225
136289,15.44
136290,10.39
136291,13.515
136292,8.68
136293,8.655
136294,6.46
136295,10.34
136296,4.615
136297,6.92
136298,10.715
136299,11.565
136300,7.24
136301,11.515
136302,6.955
136303,20.36
136304,7.1
136305,12.65
136306,7.505
136307,10.365
136308,15.85
136309,10.97
136310,9.025
136311,5.07
136312,9.425
136313,10.27
136314,11.27
136315,8.35
136316,15.745
136317,8.6
136318,9.065
136319,11.545
136320,8.1
136321,8.775
136322,10.79
136323,5.515
136324,10.275
136325,7.25
136326,7.96
136327,8.68
136328,8.515
136329,20.295
136330,8.27
136331,5.99
136332,12.66
136333,10.965
136334,20.67
136335,8.59
136336,12.75
136337,13.47
136338,13.915
136339,9.3
136340,9.77
136341,9.03
136342,7.645
136343,10.75
136344,6.69
136345,7.125
136346,11.33
136347,11.005
136348,11.805
136349,9.41
136350,8.35
136351,10.905
136352,7.005
136353,9.35
136354,10.895
136355,10.415
136356,5.0
136357,9.225
136358,9.535
136359,10.335
136360,12.715
136361,9.525
136362,9.025
136363,10.3
136364,12.2
136365,11.12
136366,10.635
136367,13.05
136368,10.18
136369,13.55
136370,19.945
136371,17.52
136372,10.995
136373,13.83
136374,13.62
136375,9.64
136376,7.925
136377,4.21
136378,10.61
136379,10.54
136380,12.025
136381,10.795
136382,13.775
136383,7.34
136384,11.995
136385,15.045
136386,10.67
136387,8.89
136388,9.56
136389,13.135
136390,8.765
136391,12.575
136392,14.35
136393,9.83
136394,11.17
136395,9.195
136396,10.665
136397,6.495
136398,10.48
136399,12.72
136400,11.39
136401,10.645
136402,9.95
136403,8.21
136404,9.88
136405,9.9
136406,9.525
136407,9.43
136408,9.8
136409,6.615
136410,11.105
136411,6.84
136412,10.465
136413,5.56
136414,6.725
136415,11.06
136416,12.675
136417,7.39
136418,8.22
136419,9.87
136420,11.39
136421,9.535
136422,13.265
136423,13.4
136424,10.515
136425,9.105
136426,5.97
136427,9.925
136428,12.585
136429,11.88
136430,11.485
136431,11.67
136432,13.605
136433,12.56
136434,9.225
136435,8.425
136436,9.82
136437,9.0
136438,7.21
136439,11.875
136440,9.555
136441,11.505
136442,8.165
136443,8.25
136444,10.99
136445,9.88
136446,5.89
136447,11.97
136448,9.885
136449,11.365
136450,7.95
136451,6.005
136452,14.67
136453,9.26
136454,10.63
136455,4.735
136456,10.615
136457,13.86
136458,8.995
136459,14.48
136460,9.335
136461,8.03
136462,10.82
136463,12.065
136464,10.11
136465,10.31
136466,7.44
136467,11.08
136468,9.505
136469,8.65
136470,10.44
136471,9.05
136472,10.065
136473,11.945
136474,11.595
136475,6.585
136476,7.47
136477,9.52
136478,7.66
136479,5.755
136480,8.46
136481,10.36
136482,11.1
136483,8.115
136484,6.79
136485,10.24
136486,9.58
136487,11.12
136488,13.795
136489,8.635
136490,11.11
136491,11.4
136492,11.07
136493,11.88
136494,10.69
136495,7.88
136496,14.045
136497,10.335
136498,10.035
136499,11.525
136500,9.195
136501,6.665
136502,10.41
136503,7.79
136504,10.065
136505,9.28
136506,7.845
136507,13.41
136508,13.815
136509,9.1
136510,11.615
136511,7.355
136512,10.045
136513,9.565
136514,12.905
136515,14.355
136516,10.405
136517,10.635
136518,13.24
136519,11.33
136520,11.36
136521,9.13
136522,7.155
136523,9.37
136524,15.02
136525,12.145
136526,13.365
136527,10.33
136528,10.085
136529,11.875
136530,16.86
136531,7.545
136532,10.6
136533,4.695
136534,5.98
136535,13.6
136536,10.9
136537,9.61
136538,7.015
136539,10.145
136540,9.38
136541,12.435
136542,10.375
136543,7.065
136544,7.275
136545,14.895
136546,8.285
136547,10.34
136548,10.895
136549,9.315
136550,9.69
136551,9.47
136552,9.87
136553,9.935
136554,10.685
136555,10.945
136556,12.03
136557,8.915
136558,15.515
136559,10.965
136560,8.105
136561,9.52
136562,7.895
136563,10.42
136564,9.97
136565,10.095
136566,14.495
136567,16.76
136568,8.765
136569,9.035
136570,11.75
136571,14.7
136572,9.965
136573,10.895
136574,17.18
136575,6.79
136576,14.84
136577,9.725
136578,9.62
136579,11.475
136580,13.655
136581,4.885
136582,9.65
136583,8.54
136584,15.955
136585,11.59
136586,8.15
136587,7.03
136588,13.28
136589,11.41
136590,7.66
136591,13.045
136592,11.88
136593,12.865
136594,10.53
136595,11.815
136596,10.42
136597,9.36
136598,16.65
136599,10.715
136600,4.28
136601,11.765
136602,7.995
136603,9.52
136604,15.065
136605,14.995
136606,11.425
136607,10.675
136608,11.205
136609,16.1
136610,8.515
136611,8.58
136612,7.66
136613,8.82
136614,6.13
136615,12.385
136616,9.825
136617,12.575
136618,6.375
136619,11.1
136620,10.37
136621,10.99
136622,11.185
136623,8.265
136624,16.175
136625,11.435
136626,8.55
136627,10.38
136628,13.775
136629,8.095
136630,11.845
136631,9.365
136632,10.62
136633,8.23
136634,11.545
136635,8.735
136636,16.1
136637,9.37
136638,11.825
136639,9.39
136640,7.995
136641,11.94
136642,15.525
136643,13.045
136644,9.125
136645,10.52
136646,5.805
136647,14.025
136648,8.44
136649,7.375
136650,12.325
136651,10.435
136652,9.765
136653,10.1
136654,10.195
136655,6.21
136656,10.78
136657,6.91
136658,10.21
136659,10.8
136660,4.025
136661,12.675
136662,6.23
136663,14.715
136664,8.51
136665,7.91
136666,10.885
136667,10.26
136668,11.68
136669,13.73
136670,11.575
136671,11.33
136672,10.305
136673,6.355
136674,11.03
136675,9.785
136676,7.99
136677,11.415
136678,9.42
136679,8.675
136680,7.95
136681,9.855
136682,10.62
136683,10.15
136684,9.25
136685,6.22
136686,10.25
136687,13.67
136688,12.415
136689,12.085
136690,8.16
136691,10.475
136692,7.0
136693,9.065
136694,13.77
136695,13.205
136696,10.585
136697,8.545
136698,6.5
136699,11.005
136700,9.57
136701,8.52
136702,8.025
136703,5.54
136704,6.03
136705,5.945
136706,7.42
136707,10.59
136708,21.49
136709,7.83
136710,11.56
136711,13.96
136712,8.255
136713,4.02
136714,9.54
136715,12.76
136716,6.33
136717,11.77
136718,8.305
136719,9.625
136720,14.01
136721,10.7
136722,9.455
136723,8.265
136724,14.755
136725,7.95
136726,16.245
136727,11.25
136728,9.15
136729,12.155
136730,9.05
136731,13.725
136732,14.355
136733,10.29
136734,10.305
136735,10.14
136736,10.37
136737,7.895
136738,10.465
136739,8.465
136740,15.855
136741,12.065
136742,8.56
136743,9.75
136744,10.72
136745,11.26
136746,9.56
136747,11.89
136748,5.115
136749,5.24
136750,9.6
136751,10.485
136752,9.845
136753,11.17
136754,6.775
136755,11.83
136756,8.895
136757,13.145
136758,15.65
136759,11.07
136760,12.23
136761,12.895
136762,10.355
136763,8.815
136764,6.475
136765,8.015
136766,14.11
136767,9.89
136768,6.48
136769,9.5
136770,6.93
136771,12.73
136772,10.995
136773,15.16
136774,6.665
136775,10.76
136776,9.625
136777,9.515
136778,9.13
136779,7.875
136780,10.715
136781,12.82
136782,10.815
136783,11.09
136784,10.13
136785,8.005
136786,14.045
136787,5.23
136788,5.23
136789,9.345
136790,6.405
136791,10.24
136792,10.04
136793,8.81
136794,15.01
136795,11.05
136796,12.2
136797,8.34
136798,12.75
136799,16.42
136800,10.285
136801,11.12
136802,7.075
136803,13.685
136804,5.445
136805,11.075
136806,8.08
136807,9.06
136808,6.77
136809,8.945
136810,8.115
136811,12.79
136812,10.515
136813,11.73
136814,12.375
136815,10.335
136816,9.315
136817,13.265
136818,17.005
136819,7.88
136820,18.7
136821,13.57
136822,10.215
136823,17.9
136824,8.89
136825,15.52
136826,15.42
136827,11.02
136828,17.745
136829,10.79
136830,11.675
136831,12.22
136832,6.395
136833,10.16
136834,6.225
136835,10.155
136836,5.555
136837,9.915
136838,8.975
136839,9.605
136840,10.785
136841,9.415
136842,8.325
136843,6.05
136844,17.11
136845,12.52
136846,9.735
136847,8.27
136848,6.695
136849,9.015
136850,11.05
136851,8.135
136852,11.075
136853,8.215
136854,11.3
136855,7.325
136856,10.275
136857,9.96
136858,10.685
136859,14.67
136860,5.76
136861,7.995
136862,8.65
136863,12.11
136864,17.555
136865,9.75
136866,13.88
136867,9.44
136868,9.19
136869,11.615
136870,9.245
136871,11.985
136872,9.065
136873,9.85
136874,6.23
136875,8.08
136876,12.58
136877,20.495
136878,10.305
136879,14.7
136880,9.655
136881,13.185
136882,8.34
136883,17.975
136884,8.825
136885,11.05
136886,9.945
136887,7.195
136888,16.1
136889,8.895
136890,15.255
136891,12.38
136892,9.835
136893,8.085
136894,6.755
136895,6.82
136896,5.37
136897,12.76
136898,6.565
136899,8.75
136900,7.305
136901,9.985
136902,10.715
136903,10.12
136904,11.6
136905,12.34
136906,13.085
136907,4.845
136908,4.075
136909,6.09
136910,8.665
136911,11.9
136912,10.515
136913,12.91
136914,10.085
136915,12.2
136916,6.955
136917,10.29
136918,11.34
136919,10.115
136920,8.725
136921,11.0
136922,9.83
136923,9.365
136924,11.02
136925,4.775
136926,8.535
136927,6.595
136928,10.495
136929,10.805
136930,11.845
136931,17.01
136932,6.16
136933,9.2
136934,7.74
136935,8.345
136936,9.685
136937,9.34
136938,6.84
136939,5.11
136940,13.995
136941,9.52
136942,8.29
136943,11.375
136944,17.395
136945,11.59
136946,5.3
136947,10.465
136948,12.805
136949,11.81
136950,11.3
136951,8.26
136952,9.98
136953,10.045
136954,12.8
136955,9.8
136956,8.755
136957,9.17
136958,7.385
136959,10.65
136960,13.275
136961,7.9
136962,8.555
136963,13.34
136964,7.97
136965,9.095
136966,10.305
136967,11.47
136968,6.24
136969,9.565
136970,9.585
136971,5.77
136972,7.93
136973,11.275
136974,10.775
136975,9.0
136976,7.325
136977,7.68
136978,9.05
136979,7.83
136980,9.695
136981,10.58
136982,11.37
136983,16.05
136984,9.545
136985,6.59
136986,9.915
136987,9.685
136988,7.035
136989,12.67
136990,14.3
136991,10.78
136992,10.025
136993,10.45
136994,9.285
136995,10.4
136996,8.345
136997,11.805
136998,5.325
136999,10.415
137000,10.965
137001,12.805
137002,10.34
137003,7.755
137004,16.935
137005,6.905
137006,12.675
137007,7.295
137008,9.31
137009,15.01
137010,12.88
137011,6.28
137012,17.01
137013,10.4
137014,4.23
137015,6.555
137016,10.56
137017,11.37
137018,7.965
137019,12.435
137020,6.74
137021,9.08
137022,7.05
137023,9.985
137024,12.115
137025,10.88
137026,10.455
137027,10.145
137028,7.18
137029,8.515
137030,10.1
137031,15.12
137032,7.075
137033,8.665
137034,7.705
137035,10.035
137036,9.275
137037,6.88
137038,10.885
137039,10.68
137040,9.78
137041,12.145
137042,11.365
137043,5.91
137044,7.12
137045,12.545
137046,10.32
137047,10.355
137048,11.515
137049,11.165
137050,7.895
137051,5.07
137052,8.2
137053,9.665
137054,10.6
137055,11.45
137056,6.7
137057,8.915
137058,10.985
137059,9.815
137060,10.695
137061,8.88
137062,13.98
137063,10.82
137064,6.345
137065,7.625
137066,15.49
137067,7.695
137068,9.655
137069,9.195
137070,10.46
137071,11.51
137072,12.74
137073,9.845
137074,8.665
137075,7.67
137076,8.575
137077,10.41
137078,8.045
137079,5.385
137080,11.97
137081,9.22
137082,13.19
137083,9.26
137084,11.995
137085,10.95
137086,12.845
137087,12.905
137088,8.925
137089,14.44
137090,11.85
137091,16.035
137092,16.405
137093,10.715
137094,9.415
137095,11.405
137096,21.43
137097,6.67
137098,12.54
137099,10.49
137100,10.855
137101,8.6
137102,9.475
137103,8.765
137104,13.83
137105,10.92
137106,6.65
137107,4.875
137108,8.84
137109,10.16
137110,15.245
137111,10.795
137112,5.08
137113,16.32
137114,5.165
137115,5.455
137116,6.64
137117,10.81
137118,8.77
137119,11.575
137120,9.895
137121,8.57
137122,16.405
137123,10.85
137124,6.955
137125,8.83
137126,14.2
137127,7.88
137128,10.555
137129,12.285
137130,9.82
137131,10.44
137132,11.075
137133,10.245
137134,8.875
137135,11.055
137136,12.155
137137,9.525
137138,8.38
137139,11.95
137140,8.655
137141,13.68
137142,8.595
137143,8.445
137144,11.93
137145,14.095
137146,6.935
137147,16.99
137148,12.255
137149,7.79
137150,8.375
137151,7.855
137152,9.12
137153,13.865
137154,9.835
137155,10.12
137156,10.405
137157,10.335
137158,9.05
137159,10.215
137160,6.805
137161,10.215
137162,10.75
137163,11.835
137164,13.585
137165,8.77
137166,5.805
137167,9.09
137168,9.51
137169,12.15
137170,15.36
137171,11.16
137172,11.565
137173,5.91
137174,6.54
137175,9.83
137176,7.26
137177,11.375
137178,8.79
137179,10.255
137180,11.455
137181,9.46
137182,8.6
137183,10.93
137184,10.4
137185,6.845
137186,10.475
137187,9.74
137188,15.395
137189,12.545
137190,6.81
137191,9.295
137192,7.165
137193,12.35
137194,10.38
137195,6.215
137196,9.66
137197,10.95
137198,4.035
137199,10.475
137200,10.01
137201,10.07
137202,16.055
137203,7.715
137204,10.315
137205,9.835
137206,7.865
137207,10.265
137208,9.95
137209,14.545
137210,10.135
137211,12.66
137212,8.385
137213,7.19
137214,11.705
137215,10.49
137216,12.2
137217,9.59
137218,9.715
137219,12.55
137220,9.085
137221,10.39
137222,16.135
137223,10.91
137224,11.66
137225,11.725
137226,10.21
137227,6.985
137228,9.645
137229,5.36
137230,18.11
137231,13.875
137232,8.165
137233,4.12
137234,7.185
137235,7.6
137236,6.12
137237,10.11
137238,12.065
137239,6.32
137240,8.23
137241,11.285
137242,9.625
137243,10.34
137244,10.17
137245,10.65
137246,11.13
137247,9.49
137248,6.605
137249,6.97
137250,16.505
137251,8.39
137252,14.145
137253,6.175
137254,7.575
137255,11.295
137256,9.205
137257,6.78
137258,6.98
137259,6.765
137260,10.46
137261,10.26
137262,9.61
137263,6.565
137264,11.575
137265,9.555
137266,14.515
137267,12.045
137268,6.495
137269,12.88
137270,10.145
137271,9.115
137272,8.595
137273,11.205
137274,11.64
137275,5.72
137276,8.475
137277,7.66
137278,9.88
137279,9.435
137280,4.265
137281,7.88
137282,10.955
137283,9.605
137284,10.59
137285,10.87
137286,12.68
137287,11.085
137288,10.59
137289,8.055
137290,8.52
137291,10.73
137292,10.62
137293,14.775
137294,8.145
137295,10.22
137296,9.475
137297,8.98
137298,5.12
137299,4.61
137300,6.395
137301,8.21
137302,11.62
137303,8.005
137304,7.13
137305,6.3
137306,7.805
137307,5.935
137308,6.46
137309,11.875
137310,12.045
137311,9.265
137312,4.92
137313,14.835
137314,13.895
137315,9.845
137316,13.61
137317,10.19
137318,9.52
137319,10.4
137320,7.715
137321,10.765
137322,10.755
137323,9.645
137324,15.105
137325,14.655
137326,10.54
137327,10.015
137328,15.225
137329,10.59
137330,8.95
137331,14.75
137332,10.725
137333,8.03
137334,7.91
137335,8.2
137336,6.42
137337,8.27
137338,12.395
137339,11.825
137340,8.02
137341,7.235
137342,9.205
137343,8.905
137344,11.23
137345,12.605
137346,9.65
137347,10.85
137348,8.5
137349,10.825
137350,5.875
137351,6.5
137352,9.395
137353,8.935
137354,9.405
137355,12.22
137356,9.385
137357,15.2
137358,8.295
137359,11.44
137360,10.135
137361,11.565
137362,10.87
137363,13.3
137364,7.39
137365,17.515
137366,11.65
137367,8.485
137368,5.99
137369,6.65
137370,9.13
137371,10.135
137372,10.82
137373,14.665
137374,5.625
137375,11.785
137376,8.035
137377,6.685
137378,10.49
137379,13.32
137380,13.37
137381,14.02
137382,8.775
137383,11.635
137384,7.44
137385,9.7
137386,10.01
137387,9.65
137388,10.575
137389,10.0
137390,9.165
137391,6.95
137392,11.905
137393,9.165
137394,6.43
137395,14.135
137396,7.595
137397,5.59
137398,11.575
137399,9.34
137400,6.655
137401,15.405
137402,12.49
137403,12.88
137404,10.94
137405,9.755
137406,10.77
137407,19.785
137408,14.5
137409,11.29
137410,9.64
137411,6.92
137412,11.535
137413,9.37
137414,10.535
137415,10.655
137416,9.23
137417,7.42
137418,4.825
137419,10.905
137420,10.58
137421,6.39
137422,10.04
137423,12.5
137424,4.53
137425,11.795
137426,6.84
137427,12.705
137428,15.48
137429,10.315
137430,7.96
137431,7.86
137432,11.68
137433,11.245
137434,11.535
137435,8.985
137436,10.495
137437,9.7
137438,10.47
137439,15.62
137440,15.43
137441,5.015
137442,6.89
137443,9.565
137444,10.635
137445,12.02
137446,9.805
137447,10.45
137448,9.26
137449,9.445
137450,9.05
137451,9.345
137452,10.61
137453,5.405
137454,9.63
137455,10.105
137456,11.095
137457,9.045
137458,6.825
137459,12.75
137460,11.21
137461,9.55
137462,9.41
137463,7.35
137464,10.65
137465,18.475
137466,8.4
137467,9.93
137468,13.515
137469,10.015
137470,11.365
137471,11.44
137472,9.355
137473,7.175
137474,10.045
137475,11.705
137476,10.365
137477,8.68
137478,8.275
137479,8.46
137480,13.21
137481,5.97
137482,8.11
137483,8.98
137484,10.08
137485,7.965
137486,11.565
137487,7.035
137488,9.62
137489,10.48
137490,7.63
137491,10.915
137492,7.025
137493,5.745
137494,6.17
137495,8.695
137496,11.675
137497,9.425
137498,6.57
137499,3.85
137500,9.835
137501,10.705
137502,10.66
137503,12.23
137504,11.02
137505,9.635
137506,5.925
137507,8.31
137508,10.67
137509,11.365
137510,9.7
137511,9.965
137512,10.61
137513,6.885
137514,13.355
137515,16.88
137516,12.69
137517,12.145
137518,7.03
137519,8.235
137520,8.755
137521,9.42
137522,11.005
137523,10.965
137524,9.875
137525,11.49
137526,9.415
137527,9.44
137528,6.71
137529,8.415
137530,9.37
137531,5.69
137532,11.805
137533,8.81
137534,10.83
137535,8.04
137536,9.89
137537,15.055
137538,9.455
137539,13.85
137540,8.545
137541,13.255
137542,11.395
137543,9.2
137544,7.02
137545,13.92
137546,10.765
137547,6.33
137548,11.115
137549,11.2
137550,11.74
137551,9.785
137552,10.515
137553,15.42
137554,6.665
137555,14.625
137556,10.96
137557,12.165
137558,7.475
137559,10.605
137560,10.15
137561,9.865
137562,8.265
137563,10.07
137564,6.925
137565,7.655
137566,9.89
137567,11.14
137568,9.66
137569,7.925
137570,10.29
137571,16.76
137572,10.76
137573,9.345
137574,10.56
137575,11.95
137576,15.015
137577,12.76
137578,10.195
137579,6.68
137580,9.055
137581,10.815
137582,7.795
137583,12.335
137584,10.87
137585,9.255
137586,8.84
137587,13.715
137588,10.21
137589,6.515
137590,9.335
137591,7.66
137592,9.02
137593,6.39
137594,12.15
137595,10.3
137596,8.265
137597,9.725
137598,5.145
137599,10.975
137600,9.335
137601,9.455
137602,9.56
137603,9.1
137604,9.065
137605,8.27
137606,9.475
137607,8.03
137608,9.15
137609,8.265
137610,7.345
137611,7.005
137612,9.245
137613,11.37
137614,9.845
137615,13.12
137616,6.44
137617,10.77
137618,10.815
137619,11.415
137620,11.535
137621,9.07
137622,8.145
137623,8.06
137624,10.025
137625,9.985
137626,9.195
137627,9.835
137628,18.11
137629,10.89
137630,14.285
137631,12.03
137632,9.105
137633,7.645
137634,18.05
137635,8.815
137636,9.45
137637,9.58
137638,16.965
137639,11.82
137640,8.315
137641,10.56
137642,10.18
137643,13.5
137644,19.415
137645,12.18
137646,9.66
137647,9.06
137648,10.12
137649,13.515
137650,8.615
137651,10.27
137652,11.62
137653,9.15
137654,9.855
137655,13.655
137656,17.84
137657,9.355
137658,6.685
137659,5.915
137660,9.635
137661,10.225
137662,6.78
137663,11.245
137664,9.115
137665,14.96
137666,4.4
137667,12.465
137668,6.83
137669,14.21
137670,10.565
137671,8.135
137672,9.435
137673,9.825
137674,9.655
137675,7.765
137676,10.055
137677,13.96
137678,9.01
137679,12.715
137680,6.765
137681,9.92
137682,11.775
137683,12.635
137684,7.5
137685,12.745
137686,10.43
137687,8.13
137688,9.195
137689,10.375
137690,7.095
137691,4.215
137692,13.765
137693,14.84
137694,11.77
137695,9.51
137696,9.23
137697,10.865
137698,13.57
137699,8.055
137700,9.625
137701,9.56
137702,9.56
137703,11.275
137704,15.225
137705,11.015
137706,8.235
137707,7.24
137708,8.255
137709,15.14
137710,10.395
137711,7.545
137712,7.11
137713,13.185
137714,10.585
137715,12.875
137716,14.565
137717,3.825
137718,11.585
137719,12.405
137720,11.135
137721,3.98
137722,4.805
137723,8.36
137724,8.545
137725,5.095
137726,11.905
137727,11.91
137728,11.525
137729,10.0
137730,11.24
137731,8.16
137732,10.895
137733,13.84
137734,5.9
137735,7.92
137736,8.1
137737,9.98
137738,6.68
137739,12.38
137740,10.505
137741,9.095
137742,5.4
137743,6.795
137744,4.8
137745,15.07
137746,10.535
137747,16.515
137748,9.29
137749,6.27
137750,7.84
137751,11.445
137752,9.21
137753,5.235
137754,9.8
137755,10.73
137756,9.495
137757,10.65
137758,9.405
137759,11.14
137760,11.59
137761,9.04
137762,8.11
137763,9.555
137764,14.345
137765,11.8
137766,5.2
137767,11.48
137768,10.16
137769,12.195
137770,6.475
137771,13.015
137772,9.575
137773,11.825
137774,10.035
137775,9.87
137776,8.085
137777,10.765
137778,14.885
137779,11.265
137780,12.54
137781,11.205
137782,10.45
137783,7.685
137784,12.2
137785,12.315
137786,12.405
137787,11.075
137788,8.78
137789,5.38
137790,8.395
137791,12.32
137792,7.005
137793,11.45
137794,10.125
137795,12.04
137796,7.185
137797,12.28
137798,7.32
137799,8.71
137800,8.295
137801,7.75
137802,10.51
137803,10.28
137804,8.375
137805,13.345
137806,9.905
137807,12.215
137808,9.545
137809,10.635
137810,12.01
137811,7.275
137812,10.045
137813,12.285
137814,12.24
137815,7.85
137816,8.845
137817,10.465
137818,12.59
137819,12.885
137820,4.045
137821,10.745
137822,6.665
137823,7.84
137824,9.545
137825,10.42
137826,4.505
137827,10.845
137828,4.615
137829,7.83
137830,11.525
137831,8.79
137832,7.7
137833,8.385
137834,9.05
137835,7.13
137836,8.08
137837,12.41
137838,10.415
137839,5.2
137840,10.775
137841,18.3
137842,6.865
137843,7.595
137844,8.495
137845,14.875
137846,11.94
137847,14.42
137848,10.65
137849,8.89
137850,14.135
137851,6.515
137852,12.465
137853,8.18
137854,10.48
137855,8.93
137856,7.925
137857,5.045
137858,8.645
137859,10.84
137860,7.95
137861,10.805
137862,6.655
137863,6.83
137864,11.055
137865,10.365
137866,11.12
137867,10.35
137868,14.22
137869,6.02
137870,14.71
137871,14.185
137872,10.715
137873,10.2
137874,9.285
137875,7.11
137876,10.885
137877,6.78
137878,9.48
137879,8.135
137880,4.04
137881,10.8
137882,8.75
137883,10.625
137884,7.505
137885,13.14
137886,14.36
137887,7.23
137888,9.61
137889,11.095
137890,9.33
137891,7.455
137892,10.085
137893,11.295
137894,10.895
137895,11.02
137896,9.76
137897,11.6
137898,9.46
137899,5.79
137900,10.94
137901,9.75
137902,10.095
137903,8.51
137904,11.88
137905,10.735
137906,12.345
137907,7.35
137908,14.71
137909,8.81
137910,6.92
137911,10.435
137912,3.79
137913,9.585
137914,8.975
137915,6.415
137916,8.94
137917,9.565
137918,11.1
137919,10.645
137920,13.605
137921,8.435
137922,13.62
137923,9.7
137924,4.025
137925,5.055
137926,10.03
137927,9.73
137928,10.59
137929,14.61
137930,8.1
137931,10.455
137932,8.24
137933,11.31
137934,12.035
137935,9.265
137936,9.705
137937,7.12
137938,11.69
137939,6.535
137940,13.58
137941,9.755
137942,6.93
137943,9.605
137944,8.33
137945,9.36
137946,11.405
137947,4.24
137948,10.805
137949,12.53
137950,6.955
137951,15.18
137952,12.445
137953,10.685
137954,6.22
137955,9.73
137956,8.345
137957,8.81
137958,14.01
137959,9.215
137960,10.76
137961,10.745
137962,4.765
137963,11.67
137964,14.295
137965,7.33
137966,9.3
137967,4.905
137968,15.21
137969,11.92
137970,11.39
137971,9.785
137972,4.975
137973,20.945
137974,9.295
137975,10.845
137976,4.905
137977,13.42
137978,6.94
137979,6.805
137980,8.595
137981,11.475
137982,13.78
137983,15.33
137984,9.46
137985,12.155
137986,9.05
137987,7.435
137988,11.435
137989,5.68
137990,9.91
137991,8.11
137992,10.5
137993,14.12
137994,7.99
137995,7.32
137996,8.33
137997,9.315
137998,7.575
137999,9.12
138000,11.135
138001,12.4
138002,9.295
138003,11.88
138004,9.39
138005,13.87
138006,13.48
138007,7.48
138008,9.47
138009,8.36
138010,11.295
138011,10.305
138012,10.955
138013,10.945
138014,10.66
138015,12.975
138016,11.165
138017,8.33
138018,12.75
138019,8.615
138020,10.925
138021,8.575
138022,11.935
138023,15.15
138024,13.185
138025,15.595
138026,9.63
138027,9.935
138028,7.41
138029,17.145
138030,10.79
138031,9.01
138032,10.44
138033,12.385
138034,6.585
138035,10.38
138036,7.265
138037,12.42
138038,12.81
138039,12.975
138040,11.485
138041,11.545
138042,10.705
138043,11.725
138044,12.745
138045,5.0
138046,6.855
138047,10.62
138048,11.495
138049,10.43
138050,7.625
138051,7.07
138052,9.72
138053,7.965
138054,7.24
138055,9.435
138056,11.355
138057,10.555
138058,9.85
138059,11.61
138060,10.43
138061,10.83
138062,10.46
138063,4.365
138064,11.765
138065,9.51
138066,5.875
138067,10.55
138068,8.925
138069,8.96
138070,9.36
138071,5.49
138072,13.465
138073,11.435
138074,7.145
138075,17.605
138076,10.265
138077,12.225
138078,10.43
138079,8.065
138080,7.915
138081,8.535
138082,11.075
138083,6.695
138084,7.635
138085,9.465
138086,7.605
138087,9.04
138088,9.255
138089,9.31
138090,6.58
138091,3.78
138092,9.045
138093,5.815
138094,11.2
138095,7.785
138096,12.44
138097,8.015
138098,13.995
138099,7.835
138100,12.26
138101,11.81
138102,9.295
138103,8.975
138104,12.66
138105,9.13
138106,9.115
138107,5.955
138108,5.795
138109,12.075
138110,12.32
138111,8.035
138112,9.09
138113,11.125
138114,9.36
138115,11.39
138116,11.065
138117,5.565
138118,9.365
138119,8.555
138120,8.895
138121,8.025
138122,12.0
138123,11.27
138124,10.165
138125,10.115
138126,6.255
138127,10.66
138128,9.545
138129,6.74
138130,7.97
138131,11.13
138132,6.82
138133,9.605
138134,12.645
138135,6.85
138136,12.76
138137,14.17
138138,10.63
138139,12.86
138140,11.405
138141,13.485
138142,9.97
138143,6.605
138144,14.41
138145,7.565
138146,11.15
138147,8.825
138148,8.635
138149,9.83
138150,9.93
138151,9.005
138152,7.14
138153,10.635
138154,6.135
138155,11.59
138156,8.58
138157,11.285
138158,8.835
138159,15.515
138160,15.025
138161,9.26
138162,5.33
138163,11.59
138164,10.835
138165,14.695
138166,13.665
138167,10.75
138168,11.375
138169,6.74
138170,11.57
138171,7.555
138172,10.345
138173,11.565
138174,12.88
138175,10.09
138176,15.81
138177,12.03
138178,10.995
138179,9.125
138180,8.67
138181,8.53
138182,7.295
138183,12.01
138184,10.83
138185,9.3
138186,10.24
138187,8.315
138188,11.345
138189,13.49
138190,10.33
138191,9.845
138192,12.63
138193,7.195
138194,9.595
138195,9.475
138196,10.675
138197,10.44
138198,10.91
138199,10.255
138200,11.925
138201,6.785
138202,6.875
138203,9.065
138204,14.98
138205,11.335
138206,6.49
138207,11.41
138208,10.52
138209,12.115
138210,6.45
138211,14.845
138212,4.96
138213,8.51
138214,9.62
138215,14.515
138216,19.09
138217,8.115
138218,12.52
138219,8.205
138220,10.1
138221,7.085
138222,11.86
138223,8.245
138224,10.195
138225,11.3
138226,10.05
138227,9.76
138228,6.775
138229,4.91
138230,11.84
138231,7.6
138232,11.255
138233,5.055
138234,15.505
138235,11.135
138236,12.485
138237,12.415
138238,12.345
138239,10.43
138240,10.85
138241,14.165
138242,10.98
138243,16.04
138244,9.43
138245,11.965
138246,16.59
138247,8.295
138248,9.05
138249,8.935
138250,6.66
138251,7.615
138252,11.005
138253,6.98
138254,7.13
138255,9.985
138256,8.815
138257,10.515
138258,10.05
138259,13.51
138260,8.41
138261,11.065
138262,11.0
138263,9.82
138264,5.12
138265,13.52
138266,11.025
138267,9.705
138268,7.17
138269,10.815
138270,14.235
138271,15.545
138272,7.0
138273,8.62
138274,9.565
138275,13.755
138276,9.025
138277,13.04
138278,9.34
138279,11.275
138280,8.35
138281,17.12
138282,6.61
138283,10.955
138284,11.39
138285,14.615
138286,12.51
138287,12.565
138288,11.63
138289,9.345
138290,13.93
138291,10.21
138292,9.515
138293,11.16
138294,9.025
138295,9.4
138296,5.81
138297,12.045
138298,10.46
138299,13.67
138300,15.745
138301,6.515
138302,9.98
138303,10.165
138304,17.235
138305,9.855
138306,9.305
138307,14.38
138308,11.905
138309,16.925
138310,8.675
138311,4.485
138312,14.785
138313,14.56
138314,10.695
138315,10.265
138316,6.86
138317,10.015
138318,11.09
138319,9.995
138320,4.475
138321,10.805
138322,14.88
138323,7.855
138324,14.59
138325,4.045
138326,16.435
138327,6.87
138328,6.805
138329,14.315
138330,8.55
138331,6.31
138332,7.965
138333,10.465
138334,13.27
138335,13.185
138336,7.44
138337,9.78
138338,9.445
138339,7.7
138340,15.03
138341,10.625
138342,5.545
138343,9.23
138344,10.695
138345,7.075
138346,11.18
138347,4.75
138348,10.595
138349,9.655
138350,13.96
138351,6.13
138352,15.27
138353,8.875
138354,12.23
138355,5.325
138356,11.455
138357,17.82
138358,8.86
138359,8.635
138360,8.975
138361,10.33
138362,14.455
138363,11.94
138364,12.245
138365,9.375
138366,12.62
138367,9.475
138368,8.155
138369,8.45
138370,5.95
138371,8.42
138372,14.6
138373,4.52
138374,9.585
138375,7.66
138376,10.31
138377,9.55
138378,13.885
138379,11.405
138380,10.1
138381,12.4
138382,7.845
138383,7.15
138384,9.005
138385,14.155
138386,14.24
138387,8.785
138388,9.745
138389,9.9
138390,9.32
138391,7.69
138392,11.535
138393,14.845
138394,14.195
138395,10.48
138396,13.875
138397,8.505
138398,9.97
138399,6.58
138400,14.075
138401,13.03
138402,10.09
138403,10.905
138404,10.315
138405,10.5
138406,8.705
138407,11.82
138408,11.18
138409,16.27
138410,12.875
138411,13.325
138412,9.725
138413,15.27
138414,13.28
138415,8.685
138416,12.91
138417,13.535
138418,6.41
138419,9.97
138420,10.715
138421,14.245
138422,14.575
138423,6.985
138424,10.49
138425,9.2
138426,11.455
138427,10.43
138428,8.195
138429,10.245
138430,9.25
138431,7.045
138432,7.075
138433,8.705
138434,6.74
138435,9.865
138436,15.91
138437,10.97
138438,11.165
138439,15.005
138440,11.905
138441,10.915
138442,6.7
138443,4.97
138444,12.41
138445,11.99
138446,8.395
138447,11.99
138448,8.035
138449,9.975
138450,15.79
138451,17.35
138452,7.43
138453,8.865
138454,15.595
138455,10.26
138456,8.79
138457,10.71
138458,8.78
138459,10.03
138460,10.68
138461,9.575
138462,8.47
138463,10.11
138464,12.235
138465,10.73
138466,9.805
138467,10.295
138468,8.735
138469,10.39
138470,9.27
138471,8.72
138472,12.965
138473,11.585
138474,5.725
138475,8.905
138476,9.47
138477,10.32
138478,11.065
138479,7.675
138480,10.28
138481,7.525
138482,10.55
138483,8.495
138484,11.625
138485,11.765
138486,11.605
138487,10.305
138488,9.795
138489,11.94
138490,9.78
138491,9.535
138492,5.06
138493,14.055
138494,11.845
138495,10.005
138496,10.165
138497,6.69
138498,6.795
138499,10.635
138500,8.23
138501,10.19
138502,8.255
138503,10.07
138504,9.395
138505,8.875
138506,11.255
138507,10.05
138508,8.075
138509,6.39
138510,5.295
138511,12.59
138512,6.75
138513,11.15
138514,10.29
138515,10.84
138516,9.61
138517,9.875
138518,8.815
138519,9.36
138520,11.335
138521,9.78
138522,11.07
138523,13.245
138524,9.405
138525,11.445
138526,11.255
138527,6.48
138528,12.08
138529,10.165
138530,10.915
138531,5.9
138532,3.965
138533,8.115
138534,9.13
138535,8.32
138536,14.14
138537,8.145
138538,10.33
138539,6.81
138540,9.49
138541,10.76
138542,13.705
138543,9.71
138544,6.8
138545,6.425
138546,8.49
138547,15.6
138548,7.665
138549,9.125
138550,8.98
138551,10.425
138552,14.92
138553,10.49
138554,9.73
138555,10.425
138556,8.4
138557,8.2
138558,10.535
138559,12.445
138560,6.465
138561,15.36
138562,7.275
138563,12.78
138564,8.77
138565,11.525
138566,11.51
138567,10.56
138568,8.76
138569,8.53
138570,6.425
138571,9.13
138572,10.895
138573,9.965
138574,9.535
138575,8.86
138576,8.255
138577,9.25
138578,11.69
138579,15.06
138580,6.465
138581,7.61
138582,8.34
138583,10.93
138584,7.89
138585,10.7
138586,8.315
138587,9.94
138588,11.825
138589,8.635
138590,8.14
138591,10.665
138592,12.195
138593,8.885
138594,11.715
138595,9.985
138596,12.32
138597,9.785
138598,14.235
138599,8.96
138600,7.955
138601,11.19
138602,12.925
138603,11.255
138604,9.76
138605,10.585
138606,8.055
138607,10.27
138608,8.615
138609,11.505
138610,13.68
138611,10.975
138612,4.76
138613,13.045
138614,12.905
138615,6.88
138616,9.075
138617,9.045
138618,6.745
138619,9.33
138620,14.82
138621,13.735
138622,7.925
138623,12.06
138624,8.56
138625,11.105
138626,10.705
138627,10.885
138628,7.98
138629,14.81
138630,7.485
138631,9.535
138632,9.76
138633,9.86
138634,8.265
138635,12.52
138636,16.145
138637,10.255
138638,9.285
138639,8.18
138640,10.74
138641,14.005
138642,12.835
138643,7.2
138644,10.16
138645,9.96
138646,14.29
138647,10.545
138648,6.84
138649,11.185
138650,17.69
138651,12.245
138652,9.01
138653,8.335
138654,13.97
138655,10.49
138656,10.43
138657,9.51
138658,14.17
138659,9.21
138660,9.345
138661,10.38
138662,11.9
138663,12.24
138664,9.81
138665,16.165
138666,8.005
138667,11.04
138668,9.09
138669,9.49
138670,6.8
138671,9.845
138672,10.12
138673,9.22
138674,9.56
138675,12.45
138676,11.74
138677,5.635
138678,11.48
138679,6.585
138680,9.425
138681,11.41
138682,9.95
138683,8.215
138684,7.04
138685,6.665
138686,10.065
138687,7.32
138688,15.185
138689,14.635
138690,9.86
138691,9.485
138692,12.37
138693,6.73
138694,13.795
138695,8.535
138696,14.98
138697,9.05
138698,9.945
138699,9.06
138700,9.23
138701,9.345
138702,9.08
138703,9.925
138704,11.39
138705,14.395
138706,9.935
138707,8.21
138708,10.9
138709,9.405
138710,5.175
138711,6.385
138712,9.425
138713,8.845
138714,14.21
138715,14.12
138716,9.225
138717,7.16
138718,7.36
138719,9.45
138720,8.485
138721,9.53
138722,10.53
138723,7.16
138724,15.875
138725,7.565
138726,11.085
138727,9.64
138728,9.85
138729,8.905
138730,9.935
138731,3.765
138732,9.21
138733,9.03
138734,11.26
138735,10.6
138736,10.205
138737,10.285
138738,9.29
138739,10.27
138740,9.555
138741,9.735
138742,6.955
138743,10.11
138744,9.13
138745,12.21
138746,10.265
138747,11.79
138748,8.4
138749,6.78
138750,12.705
138751,13.075
138752,18.495
138753,9.855
138754,5.27
138755,14.595
138756,8.34
138757,9.39
138758,7.035
138759,9.63
138760,8.87
138761,11.85
138762,11.61
138763,10.54
138764,9.99
138765,10.64
138766,9.585
138767,15.815
138768,8.435
138769,8.125
138770,4.745
138771,11.545
138772,4.875
138773,11.11
138774,7.75
138775,8.945
138776,6.995
138777,10.62
138778,10.93
138779,10.64
138780,5.395
138781,9.41
138782,16.465
138783,10.155
138784,9.775
138785,10.7
138786,9.155
138787,10.925
138788,9.265
138789,10.41
138790,11.375
138791,10.23
138792,14.165
138793,11.195
138794,7.64
138795,10.715
138796,8.025
138797,6.96
138798,8.415
138799,10.75
138800,7.025
138801,9.715
138802,15.145
138803,19.145
138804,9.825
138805,4.875
138806,6.76
138807,13.035
138808,9.905
138809,13.61
138810,11.08
138811,15.06
138812,11.105
138813,10.54
138814,13.055
138815,13.34
138816,13.025
138817,10.265
138818,9.45
138819,13.75
138820,10.82
138821,7.435
138822,14.17
138823,6.32
138824,11.72
138825,6.835
138826,6.75
138827,10.63
138828,10.99
138829,12.5
138830,7.95
138831,10.915
138832,10.67
138833,8.96
138834,11.96
138835,14.525
138836,12.84
138837,10.02
138838,14.06
138839,12.12
138840,7.955
138841,12.265
138842,8.725
138843,8.96
138844,11.045
138845,13.85
138846,8.375
138847,10.115
138848,5.55
138849,10.505
138850,13.675
138851,11.365
138852,5.035
138853,8.905
138854,10.97
138855,7.0
138856,10.265
138857,6.875
138858,9.565
138859,12.47
138860,9.045
138861,9.555
138862,11.88
138863,9.695
138864,10.115
138865,13.95
138866,3.765
138867,12.915
138868,5.86
138869,13.195
138870,15.36
138871,6.265
138872,10.45
138873,11.14
138874,11.46
138875,16.185
138876,11.86
138877,11.685
138878,15.985
138879,10.56
138880,8.83
138881,10.365
138882,3.935
138883,12.915
138884,8.375
138885,11.17
138886,14.645
138887,14.685
138888,7.935
138889,8.695
138890,10.73
138891,12.14
138892,12.095
138893,10.51
138894,13.845
138895,12.92
138896,16.325
138897,6.98
138898,11.645
138899,9.69
138900,10.29
138901,9.265
138902,11.985
138903,9.36
138904,10.23
138905,7.945
138906,10.005
138907,14.455
138908,11.32
138909,12.555
138910,13.25
138911,7.165
138912,10.04
138913,11.95
138914,10.725
138915,18.745
138916,11.08
138917,10.255
138918,8.3
138919,8.95
138920,10.23
138921,6.65
138922,10.14
138923,11.25
138924,10.46
138925,8.125
138926,7.305
138927,10.385
138928,13.24
138929,8.775
138930,6.015
138931,10.235
138932,9.89
138933,9.38
138934,8.245
138935,9.335
138936,9.43
138937,11.725
138938,10.26
138939,9.1
138940,8.26
138941,10.625
138942,9.395
138943,13.48
138944,7.695
138945,9.315
138946,10.555
138947,8.27
138948,6.415
138949,10.625
138950,6.88
138951,6.985
138952,11.015
138953,12.92
138954,12.855
138955,10.64
138956,9.93
138957,9.025
138958,10.515
138959,11.76
138960,6.475
138961,8.515
138962,11.535
138963,10.585
138964,6.84
138965,10.115
138966,10.575
138967,12.505
138968,8.13
138969,11.81
138970,7.75
138971,9.3
138972,10.585
138973,9.775
138974,7.89
138975,13.265
138976,5.91
138977,9.075
138978,11.68
138979,8.425
138980,12.46
138981,11.575
138982,7.765
138983,7.115
138984,3.87
138985,9.215
138986,11.165
138987,10.325
138988,7.025
138989,9.505
138990,10.555
138991,10.885
138992,7.245
138993,9.165
138994,9.8
138995,11.39
138996,8.825
138997,3.83
138998,5.485
138999,11.395
139000,10.8
139001,10.49
139002,11.07
139003,6.245
139004,8.59
139005,9.215
139006,11.16
139007,5.475
139008,10.87
139009,11.605
139010,13.02
139011,7.85
139012,6.79
139013,8.035
139014,15.84
139015,12.16
139016,10.895
139017,8.8
139018,10.85
139019,7.925
139020,9.235
139021,10.12
139022,9.505
139023,10.525
139024,10.165
139025,12.205
139026,7.29
139027,10.9
139028,11.72
139029,9.89
139030,10.53
139031,9.895
139032,8.85
139033,9.26
139034,10.66
139035,3.695
139036,11.555
139037,7.26
139038,14.12
139039,9.02
139040,12.035
139041,10.045
139042,15.26
139043,6.985
139044,7.94
139045,11.18
139046,10.48
139047,16.285
139048,10.295
139049,6.84
139050,7.41
139051,9.88
139052,9.95
139053,6.215
139054,13.27
139055,11.385
139056,10.34
139057,4.915
139058,11.545
139059,10.385
139060,15.515
139061,10.01
139062,7.99
139063,12.845
139064,17.38
139065,13.62
139066,12.955
139067,9.03
139068,11.08
139069,8.795
139070,6.765
139071,10.355
139072,11.04
139073,15.795
139074,10.235
139075,9.805
139076,11.195
139077,10.64
139078,8.205
139079,12.29
139080,8.225
139081,8.545
139082,13.01
139083,14.17
139084,10.96
139085,9.74
139086,10.835
139087,10.995
139088,8.015
139089,8.71
139090,11.275
139091,10.63
139092,9.01
139093,10.7
139094,9.53
139095,6.525
139096,5.85
139097,10.435
139098,14.165
139099,7.17
139100,17.65
139101,9.265
139102,7.51
139103,6.47
139104,8.85
139105,18.11
139106,5.595
139107,13.155
139108,10.975
139109,9.36
139110,8.455
139111,12.555
139112,10.68
139113,14.33
139114,11.27
139115,11.965
139116,11.03
139117,10.365
139118,14.54
139119,9.53
139120,9.375
139121,17.125
139122,6.86
139123,12.39
139124,4.9
139125,7.385
139126,15.165
139127,4.48
139128,9.6
139129,11.26
139130,7.39
139131,8.795
139132,10.92
139133,10.285
139134,10.465
139135,7.4
139136,11.905
139137,10.35
139138,6.835
139139,8.925
139140,8.385
139141,8.785
139142,9.37
139143,8.245
139144,11.37
139145,10.555
139146,11.015
139147,7.535
139148,8.75
139149,9.535
139150,14.715
139151,5.255
139152,15.225
139153,9.145
139154,11.545
139155,7.005
139156,7.71
139157,9.98
139158,9.22
139159,5.395
139160,10.42
139161,11.685
139162,10.09
139163,12.765
139164,6.925
139165,9.86
139166,5.265
139167,9.92
139168,4.38
139169,8.3
139170,14.775
139171,9.295
139172,10.615
139173,8.15
139174,4.805
139175,9.43
139176,6.33
139177,11.075
139178,10.355
139179,11.085
139180,6.765
139181,9.56
139182,13.095
139183,12.305
139184,9.76
139185,8.65
139186,9.475
139187,9.95
139188,10.685
139189,7.87
139190,3.82
139191,6.99
139192,7.36
139193,8.875
139194,11.535
139195,11.71
139196,7.905
139197,10.915
139198,17.215
139199,10.15
139200,11.05
139201,13.42
139202,11.29
139203,16.68
139204,7.075
139205,9.705
139206,9.395
139207,12.515
139208,7.14
139209,12.805
139210,10.655
139211,10.45
139212,7.99
139213,11.96
139214,8.735
139215,10.625
139216,11.54
139217,12.36
139218,11.5
139219,13.4
139220,9.1
139221,7.63
139222,13.8
139223,12.5
139224,8.115
139225,10.73
139226,8.175
139227,6.82
139228,13.39
139229,9.58
139230,5.62
139231,5.47
139232,9.645
139233,3.79
139234,10.92
139235,10.455
139236,13.645
139237,14.88
139238,8.775
139239,8.785
139240,7.835
139241,8.865
139242,6.815
139243,11.74
139244,10.715
139245,6.63
139246,11.675
139247,13.075
139248,9.23
139249,9.445
139250,13.735
139251,10.865
139252,10.075
139253,5.025
139254,10.915
139255,20.205
139256,8.57
139257,10.345
139258,13.88
139259,4.825
139260,16.39
139261,6.9
139262,11.655
139263,7.305
139264,11.59
139265,6.86
139266,12.815
139267,11.11
139268,9.9
139269,12.17
139270,7.855
139271,10.41
139272,11.8
139273,9.845
139274,12.49
139275,15.61
139276,12.01
139277,17.045
139278,11.15
139279,11.245
139280,7.195
139281,11.205
139282,6.39
139283,7.93
139284,9.42
139285,7.81
139286,8.97
139287,9.115
139288,11.01
139289,9.28
139290,9.08
139291,10.805
139292,5.705
139293,11.635
139294,6.545
139295,8.465
139296,9.425
139297,6.705
139298,6.64
139299,8.05
139300,8.66
139301,10.6
139302,7.6
139303,11.98
139304,8.7
139305,8.83
139306,12.115
139307,10.48
139308,12.345
139309,8.695
139310,9.8
139311,7.345
139312,12.95
139313,10.375
139314,6.725
139315,10.8
139316,12.135
139317,10.555
139318,7.035
139319,7.475
139320,11.315
139321,9.52
139322,5.36
139323,9.49
139324,9.045
139325,9.635
139326,11.98
139327,12.005
139328,10.77
139329,10.85
139330,10.45
139331,10.04
139332,7.955
139333,9.375
139334,10.32
139335,8.935
139336,8.95
139337,9.47
139338,10.725
139339,10.945
139340,11.66
139341,9.545
139342,11.43
139343,12.815
139344,9.59
139345,10.375
139346,8.165
139347,11.92
139348,9.735
139349,8.205
139350,10.605
139351,4.725
139352,15.095
139353,6.29
139354,11.05
139355,14.325
139356,11.94
139357,12.385
139358,9.045
139359,14.17
139360,8.31
139361,7.235
139362,12.14
139363,6.935
139364,12.175
139365,16.745
139366,6.88
139367,12.45
139368,7.35
139369,10.38
139370,11.99
139371,10.94
139372,11.02
139373,7.445
139374,11.15
139375,10.05
139376,11.395
139377,8.765
139378,9.515
139379,13.945
139380,11.665
139381,12.05
139382,8.235
139383,16.345
139384,8.74
139385,4.135
139386,11.8
139387,9.195
139388,14.085
139389,8.98
139390,9.725
139391,18.625
139392,6.37
139393,4.94
139394,15.155
139395,9.465
139396,12.955
139397,10.365
139398,4.44
139399,12.185
139400,8.025
139401,11.19
139402,9.495
139403,9.385
139404,3.755
139405,12.07
139406,13.19
139407,9.91
139408,7.83
139409,10.09
139410,8.59
139411,9.61
139412,12.79
139413,12.935
139414,6.585
139415,7.825
139416,9.805
139417,11.615
139418,5.07
139419,10.67
139420,6.785
139421,8.625
139422,11.17
139423,9.865
139424,10.125
139425,9.52
139426,11.3
139427,9.975
139428,6.89
139429,9.53
139430,10.615
139431,11.5
139432,10.545
139433,10.445
139434,9.045
139435,12.695
139436,4.35
139437,10.385
139438,10.58
139439,4.645
139440,10.135
139441,13.765
139442,7.87
139443,8.32
139444,6.845
139445,9.32
139446,10.755
139447,11.045
139448,14.625
139449,11.145
139450,7.015
139451,11.26
139452,7.32
139453,12.055
139454,5.935
139455,6.93
139456,11.645
139457,13.4
139458,7.595
139459,14.13
139460,10.5
139461,9.175
139462,9.62
139463,6.24
139464,11.935
139465,9.715
139466,8.435
139467,10.67
139468,10.755
139469,8.535
139470,10.265
139471,18.82
139472,17.28
139473,18.2
139474,6.065
139475,10.6
139476,10.295
139477,7.715
139478,10.51
139479,7.315
139480,14.2
139481,6.71
139482,6.195
139483,9.675
139484,12.93
139485,11.86
139486,15.375
139487,10.975
139488,11.36
139489,13.46
139490,12.155
139491,12.355
139492,11.85
139493,6.915
139494,6.745
139495,13.22
139496,12.47
139497,9.245
139498,8.405
139499,12.345
139500,10.305
139501,14.2
139502,7.25
139503,9.51
139504,10.91
139505,5.58
139506,15.36
139507,12.075
139508,10.9
139509,7.515
139510,8.82
139511,12.09
139512,14.225
139513,6.615
139514,7.565
139515,6.725
139516,16.895
139517,11.29
139518,13.445
139519,8.94
139520,8.64
139521,6.84
139522,10.93
139523,16.865
139524,10.185
139525,7.605
139526,6.605
139527,14.34
139528,12.72
139529,7.205
139530,11.9
139531,10.085
139532,11.13
139533,11.525
139534,11.065
139535,9.87
139536,7.045
139537,11.86
139538,10.015
139539,4.8
139540,7.62
139541,17.285
139542,11.12
139543,9.59
139544,10.27
139545,11.115
139546,9.74
139547,19.38
139548,17.75
139549,9.395
139550,7.95
139551,13.915
139552,8.86
139553,9.855
139554,10.545
139555,10.285
139556,5.0
139557,11.215
139558,9.795
139559,11.02
139560,9.235
139561,7.63
139562,8.39
139563,17.66
139564,5.725
139565,8.92
139566,7.29
139567,12.585
139568,5.585
139569,8.405
139570,11.53
139571,15.65
139572,11.495
139573,11.63
139574,11.225
139575,10.835
139576,10.09
139577,10.48
139578,9.315
139579,6.77
139580,9.285
139581,12.495
139582,10.39
139583,8.45
139584,10.745
139585,9.865
139586,14.86
139587,17.52
139588,13.5
139589,16.34
139590,6.09
139591,10.785
139592,9.64
139593,13.46
139594,14.55
139595,11.255
139596,11.01
139597,13.13
139598,10.445
139599,16.725
139600,12.125
139601,10.125
139602,9.73
139603,11.435
139604,7.19
139605,6.585
139606,11.115
139607,9.4
139608,10.55
139609,8.09
139610,10.465
139611,9.7
139612,11.205
139613,9.175
139614,7.605
139615,9.11
139616,10.31
139617,10.745
139618,11.525
139619,5.775
139620,6.95
139621,8.49
139622,9.22
139623,7.5
139624,16.405
139625,10.125
139626,7.945
139627,3.86
139628,7.415
139629,8.745
139630,10.645
139631,15.05
139632,6.94
139633,6.585
139634,11.26
139635,7.945
139636,14.775
139637,9.51
139638,9.71
139639,8.455
139640,12.235
139641,9.54
139642,4.52
139643,10.53
139644,7.0
139645,10.92
139646,7.06
139647,8.68
139648,10.625
139649,6.47
139650,9.95
139651,12.645
139652,8.83
139653,3.905
139654,5.585
139655,8.67
139656,10.425
139657,9.635
139658,17.625
139659,15.92
139660,10.6
139661,5.79
139662,7.985
139663,11.325
139664,9.525
139665,16.485
139666,6.595
139667,4.795
139668,10.935
139669,13.66
139670,10.37
139671,12.52
139672,14.68
139673,9.18
139674,10.35
139675,11.02
139676,11.64
139677,7.735
139678,11.24
139679,9.38
139680,10.665
139681,5.015
139682,14.555
139683,4.99
139684,7.72
139685,10.06
139686,9.18
139687,10.79
139688,14.12
139689,17.785
139690,13.06
139691,12.25
139692,9.62
139693,10.555
139694,5.765
139695,15.24
139696,14.135
139697,10.395
139698,7.615
139699,10.755
139700,11.635
139701,11.97
139702,7.68
139703,10.955
139704,11.555
139705,11.925
139706,12.39
139707,10.37
139708,16.185
139709,10.695
139710,10.55
139711,11.08
139712,14.175
139713,14.055
139714,9.855
139715,3.965
139716,13.71
139717,12.975
139718,10.925
139719,8.85
139720,6.885
139721,16.195
139722,16.235
139723,11.5
139724,10.35
139725,10.555
139726,12.215
139727,9.16
139728,9.73
139729,7.78
139730,5.755
139731,7.05
139732,14.64
139733,6.565
139734,8.425
139735,10.575
139736,7.985
139737,9.6
139738,14.04
139739,10.635
139740,9.395
139741,8.615
139742,9.185
139743,6.04
139744,15.795
139745,9.505
139746,6.425
139747,12.24
139748,7.32
139749,10.6
139750,11.1
139751,10.3
139752,8.38
139753,5.725
139754,8.405
139755,12.63
139756,5.305
139757,16.695
139758,10.26
139759,14.48
139760,10.625
139761,11.365
139762,13.385
139763,10.685
139764,10.675
139765,10.115
139766,10.23
139767,12.88
139768,13.95
139769,12.32
139770,9.5
139771,5.065
139772,14.19
139773,10.465
139774,8.225
139775,5.62
139776,10.185
139777,9.51
139778,6.98
139779,11.285
139780,17.08
139781,14.5
139782,14.855
139783,15.19
139784,6.215
139785,11.79
139786,8.925
139787,7.78
139788,11.015
139789,9.135
139790,10.94
139791,15.965
139792,9.905
139793,14.595
139794,10.69
139795,11.29
139796,8.8
139797,11.6
139798,10.575
139799,8.645
139800,11.3
139801,6.725
139802,9.74
139803,6.845
139804,10.4
139805,13.185
139806,19.83
139807,8.53
139808,13.09
139809,12.125
139810,4.21
139811,9.095
139812,10.59
139813,7.155
139814,10.515
139815,10.53
139816,9.535
139817,6.755
139818,10.695
139819,6.745
139820,6.82
139821,9.155
139822,12.385
139823,11.305
139824,14.27
139825,10.34
139826,7.68
139827,12.7
139828,10.69
139829,8.25
139830,8.77
139831,10.67
139832,7.875
139833,12.125
139834,8.1
139835,12.455
139836,15.73
139837,9.915
139838,11.27
139839,11.65
139840,11.065
139841,4.745
139842,13.88
139843,12.76
139844,5.625
139845,12.01
139846,8.01
139847,7.315
139848,8.03
139849,10.0
139850,5.195
139851,10.44
139852,10.72
139853,10.6
139854,15.92
139855,9.54
139856,8.97
139857,10.505
139858,11.73
139859,13.13
139860,17.4
139861,12.095
139862,10.43
139863,11.01
139864,6.63
139865,9.4
139866,9.35
139867,10.99
139868,10.595
139869,8.785
139870,14.485
139871,10.285
139872,14.16
139873,8.09
139874,6.56
139875,9.045
139876,12.765
139877,11.75
139878,9.865
139879,5.895
139880,9.44
139881,13.75
139882,17.19
139883,7.55
139884,11.58
139885,11.435
139886,4.575
139887,7.255
139888,10.67
139889,7.465
139890,10.74
139891,3.83
139892,12.375
139893,7.995
139894,10.795
139895,9.695
139896,11.45
139897,10.335
139898,8.555
139899,12.89
139900,10.525
139901,8.965
139902,13.1
139903,6.99
139904,13.53
139905,9.18
139906,6.56
139907,10.83
139908,10.59
139909,10.2
139910,9.065
139911,11.95
139912,10.55
139913,10.49
139914,7.735
139915,5.04
139916,7.065
139917,11.57
139918,9.42
139919,10.42
139920,6.545
139921,8.945
139922,10.74
139923,5.945
139924,11.65
139925,6.88
139926,10.52
139927,10.31
139928,8.89
139929,7.205
139930,12.315
139931,14.76
139932,6.895
139933,6.95
139934,4.84
139935,12.45
139936,8.875
139937,15.99
139938,10.625
139939,8.435
139940,13.405
139941,9.275
139942,8.41
139943,12.41
139944,9.055
139945,9.4
139946,10.11
139947,12.59
139948,9.305
139949,12.695
139950,13.73
139951,9.185
139952,6.75
139953,9.97
139954,8.1
139955,8.59
139956,18.525
139957,7.75
139958,9.29
139959,5.25
139960,10.615
139961,11.355
139962,10.1
139963,10.81
139964,6.64
139965,11.81
139966,12.16
139967,10.945
139968,7.135
139969,13.58
139970,10.75
139971,11.125
139972,7.725
139973,8.735
139974,9.875
139975,13.96
139976,8.71
139977,9.755
139978,10.165
139979,11.32
139980,9.685
139981,10.805
139982,11.52
139983,10.26
139984,11.295
139985,9.335
139986,13.39
139987,11.035
139988,11.17
139989,6.465
139990,8.375
139991,9.345
139992,10.775
139993,8.465
139994,7.945
139995,5.92
139996,6.785
139997,6.885
139998,10.565
139999,9.665
140000,10.595
140001,11.66
140002,12.875
140003,8.825
140004,5.545
140005,9.235
140006,10.56
140007,10.42
140008,9.225
140009,16.79
140010,10.75
140011,5.305
140012,16.335
140013,8.98
140014,12.48
140015,9.68
140016,8.89
140017,15.445
140018,5.985
140019,8.88
140020,15.045
140021,9.755
140022,12.735
140023,8.915
140024,14.835
140025,6.92
140026,7.7
140027,6.76
140028,9.73
140029,8.48
140030,9.81
140031,10.42
140032,9.525
140033,9.615
140034,14.08
140035,6.44
140036,18.965
140037,8.415
140038,12.535
140039,12.28
140040,9.515
140041,8.435
140042,8.54
140043,14.74
140044,5.68
140045,16.785
140046,6.845
140047,11.615
140048,15.71
140049,13.795
140050,12.215
140051,9.07
140052,11.84
140053,10.15
140054,14.81
140055,10.885
140056,11.765
140057,10.935
140058,10.92
140059,11.415
140060,9.315
140061,11.025
140062,5.335
140063,9.415
140064,10.75
140065,9.03
140066,7.715
140067,9.95
140068,7.685
140069,10.82
140070,16.225
140071,11.96
140072,6.725
140073,10.505
140074,9.8
140075,10.15
140076,8.67
140077,10.04
140078,13.925
140079,9.54
140080,11.86
140081,12.275
140082,10.045
140083,9.425
140084,9.47
140085,16.275
140086,12.32
140087,5.66
140088,8.125
140089,9.995
140090,3.865
140091,9.835
140092,10.995
140093,8.245
140094,9.115
140095,14.68
140096,5.085
140097,8.295
140098,12.34
140099,11.38
140100,9.35
140101,8.725
140102,8.635
140103,14.95
140104,8.74
140105,9.585
140106,9.315
140107,13.465
140108,10.42
140109,8.33
140110,8.65
140111,9.045
140112,10.89
140113,12.425
140114,6.96
140115,8.7
140116,12.755
140117,15.445
140118,11.07
140119,9.915
140120,13.92
140121,9.875
140122,8.04
140123,13.46
140124,12.05
140125,7.16
140126,9.95
140127,10.545
140128,9.12
140129,10.58
140130,11.565
140131,8.335
140132,7.765
140133,11.575
140134,8.655
140135,9.34
140136,8.98
140137,11.735
140138,5.845
140139,7.68
140140,9.41
140141,6.74
140142,9.495
140143,12.425
140144,11.82
140145,10.08
140146,10.9
140147,9.16
140148,10.37
140149,10.955
140150,6.5
140151,11.945
140152,8.47
140153,7.16
140154,10.41
140155,12.9
140156,9.87
140157,14.43
140158,6.59
140159,10.28
140160,8.92
140161,6.855
140162,9.795
140163,11.55
140164,11.91
140165,13.185
140166,6.315
140167,10.575
140168,14.93
140169,15.73
140170,12.75
140171,9.435
140172,8.975
140173,7.175
140174,9.145
140175,9.37
140176,8.36
140177,7.6
140178,6.955
140179,10.95
140180,5.125
140181,8.325
140182,15.675
140183,11.27
140184,6.145
140185,11.785
140186,7.65
140187,5.98
140188,6.6
140189,9.04
140190,5.485
140191,8.915
140192,8.17
140193,5.93
140194,10.01
140195,10.095
140196,11.695
140197,14.845
140198,11.645
140199,11.425
140200,10.77
140201,14.4
140202,12.55
140203,7.985
140204,6.82
140205,11.27
140206,6.78
140207,11.815
140208,6.09
140209,7.93
140210,4.68
140211,8.075
140212,10.83
140213,12.72
140214,9.195
140215,10.815
140216,5.055
140217,10.55
140218,14.88
140219,9.385
140220,8.825
140221,10.51
140222,12.695
140223,9.545
140224,7.97
140225,11.02
140226,7.82
140227,10.87
140228,12.655
140229,9.825
140230,8.035
140231,11.075
140232,14.755
140233,10.115
140234,10.84
140235,11.72
140236,13.065
140237,10.75
140238,10.15
140239,6.52
140240,10.38
140241,7.505
140242,9.95
140243,11.17
140244,9.085
140245,7.725
140246,9.955
140247,11.14
140248,11.61
140249,10.825
140250,7.84
140251,8.855
140252,13.32
140253,6.52
140254,8.7
140255,6.265
140256,3.83
140257,7.205
140258,10.775
140259,10.3
140260,9.285
140261,15.39
140262,9.585
140263,6.815
140264,14.37
140265,4.475
140266,9.27
140267,8.74
140268,9.225
140269,11.35
140270,14.685
140271,9.455
140272,8.955
140273,13.045
140274,4.7
140275,9.95
140276,12.42
140277,10.185
140278,12.84
140279,9.295
140280,10.03
140281,10.365
140282,15.58
140283,8.475
140284,8.85
140285,11.295
140286,10.835
140287,12.83
140288,6.185
140289,6.915
140290,8.72
140291,6.77
140292,10.195
140293,9.89
140294,11.36
140295,10.295
140296,11.66
140297,9.275
140298,9.735
140299,9.99
140300,7.94
140301,14.465
140302,12.445
140303,13.495
140304,10.76
140305,5.015
140306,9.275
140307,9.58
140308,9.21
140309,9.955
140310,10.15
140311,14.33
140312,8.005
140313,11.14
140314,6.035
140315,9.865
140316,13.53
140317,8.13
140318,9.38
140319,9.685
140320,21.17
140321,11.115
140322,8.34
140323,6.135
140324,7.9
140325,11.81
140326,13.185
140327,10.46
140328,9.49
140329,9.325
140330,8.255
140331,7.555
140332,10.69
140333,13.22
140334,8.635
140335,12.845
140336,8.22
140337,9.93
140338,11.86
140339,6.635
140340,8.73
140341,9.855
140342,8.155
140343,10.45
140344,7.105
140345,6.7
140346,5.73
140347,7.07
140348,16.565
140349,12.645
140350,5.885
140351,9.335
140352,9.75
140353,12.095
140354,10.765
140355,13.735
140356,6.875
140357,15.055
140358,9.055
140359,13.47
140360,11.695
140361,10.385
140362,10.48
140363,12.11
140364,7.83
140365,8.595
140366,13.16
140367,14.355
140368,8.875
140369,11.025
140370,15.1
140371,8.19
140372,4.89
140373,12.28
140374,9.88
140375,14.07
140376,9.895
140377,9.665
140378,9.98
140379,6.4
140380,7.69
140381,8.82
140382,10.82
140383,13.335
140384,9.51
140385,11.745
140386,6.58
140387,9.39
140388,18.795
140389,9.58
140390,14.62
140391,7.635
140392,6.85
140393,9.66
140394,4.99
140395,11.145
140396,12.13
140397,12.35
140398,12.835
140399,7.165
140400,11.405
140401,7.505
140402,9.675
140403,11.11
140404,4.59
140405,11.92
140406,5.64
140407,15.71
140408,8.69
140409,11.285
140410,9.89
140411,9.345
140412,10.2
140413,11.76
140414,13.3
140415,10.37
140416,11.38
140417,8.95
140418,12.035
140419,8.24
140420,10.605
140421,11.74
140422,7.085
140423,14.475
140424,11.175
140425,11.78
140426,10.69
140427,8.375
140428,10.555
140429,11.08
140430,11.48
140431,13.315
140432,9.71
140433,8.13
140434,12.705
140435,7.02
140436,10.42
140437,6.865
140438,11.76
140439,9.505
140440,11.77
140441,11.345
140442,11.87
140443,16.33
140444,6.935
140445,14.89
140446,6.955
140447,10.89
140448,8.78
140449,7.785
140450,12.815
140451,12.035
140452,9.6
140453,5.89
140454,11.53
140455,10.265
140456,9.35
140457,7.87
140458,15.875
140459,12.425
140460,6.535
140461,11.17
140462,8.24
140463,13.815
140464,8.54
140465,7.125
140466,7.11
140467,6.91
140468,6.74
140469,9.065
140470,11.775
140471,8.22
140472,10.55
140473,8.205
140474,12.64
140475,13.825
140476,13.415
140477,7.8
140478,10.13
140479,6.185
140480,9.57
140481,8.565
140482,8.89
140483,14.71
140484,10.11
140485,10.595
140486,10.685
140487,8.235
140488,10.345
140489,17.4
140490,10.545
140491,10.025
140492,15.545
140493,6.585
140494,15.565
140495,5.175
140496,6.94
140497,8.26
140498,14.955
140499,11.76
140500,11.74
140501,11.755
140502,10.3
140503,10.945
140504,9.405
140505,8.895
140506,7.975
140507,10.07
140508,5.09
140509,15.595
140510,9.13
140511,5.5
140512,7.48
140513,17.96
140514,8.275
140515,10.25
140516,8.28
140517,15.04
140518,10.915
140519,7.695
140520,9.25
140521,7.7
140522,12.31
140523,6.755
140524,12.205
140525,6.895
140526,11.27
140527,12.525
140528,13.45
140529,7.385
140530,10.85
140531,8.225
140532,11.4
140533,11.995
140534,10.945
140535,15.42
140536,10.935
140537,5.785
140538,8.34
140539,15.315
140540,10.385
140541,11.55
140542,10.5
140543,9.65
140544,6.555
140545,8.495
140546,11.75
140547,10.17
140548,5.77
140549,9.295
140550,10.075
140551,10.255
140552,7.92
140553,5.265
140554,10.645
140555,8.975
140556,10.135
140557,15.03
140558,13.945
140559,12.37
140560,9.82
140561,7.02
140562,9.89
140563,8.89
140564,14.37
140565,9.675
140566,8.91
140567,13.895
140568,14.35
140569,13.07
140570,10.11
140571,9.07
140572,11.445
140573,5.875
140574,10.425
140575,9.5
140576,10.155
140577,9.65
140578,10.31
140579,12.325
140580,9.525
140581,5.0
140582,8.295
140583,10.72
140584,10.48
140585,11.45
140586,8.91
140587,8.15
140588,12.38
140589,9.05
140590,7.725
140591,6.66
140592,12.91
140593,9.24
140594,9.215
140595,5.05
140596,9.77
140597,10.38
140598,9.265
140599,10.7
140600,8.26
140601,12.285
140602,11.96
140603,16.375
140604,4.28
140605,8.605
140606,8.005
140607,5.87
140608,9.13
140609,8.96
140610,13.3
140611,8.805
140612,8.92
140613,9.01
140614,10.49
140615,5.67
140616,11.19
140617,15.555
140618,6.54
140619,14.155
140620,11.115
140621,7.435
140622,9.555
140623,8.36
140624,6.595
140625,13.515
140626,9.51
140627,13.815
140628,10.15
140629,10.165
140630,12.045
140631,6.795
140632,10.17
140633,9.28
140634,4.265
140635,4.92
140636,8.42
140637,10.245
140638,13.96
140639,12.03
140640,11.44
140641,9.195
140642,9.84
140643,7.465
140644,9.705
140645,11.12
140646,8.435
140647,11.005
140648,8.795
140649,13.985
140650,11.59
140651,10.685
140652,8.485
140653,9.93
140654,16.11
140655,8.94
140656,9.785
140657,9.44
140658,7.0
140659,9.71
140660,9.86
140661,8.325
140662,4.98
140663,11.32
140664,7.925
140665,10.485
140666,13.45
140667,12.655
140668,8.65
140669,8.525
140670,6.8
140671,11.085
140672,14.23
140673,7.875
140674,10.5
140675,4.96
140676,14.485
140677,9.31
140678,11.145
140679,7.52
140680,9.785
140681,9.995
140682,8.865
140683,9.83
140684,10.495
140685,11.56
140686,5.36
140687,14.5
140688,12.62
140689,8.0
140690,5.165
140691,11.525
140692,9.785
140693,9.53
140694,8.04
140695,9.72
140696,16.7
140697,12.1
140698,7.775
140699,18.8
140700,8.065
140701,11.695
140702,10.66
140703,9.18
140704,10.57
140705,11.535
140706,11.975
140707,10.2
140708,11.425
140709,12.88
140710,12.295
140711,9.9
140712,10.5
140713,10.555
140714,7.685
140715,8.065
140716,12.505
140717,12.225
140718,14.28
140719,10.335
140720,6.75
140721,8.12
140722,13.725
140723,14.295
140724,8.15
140725,9.375
140726,8.14
140727,11.255
140728,10.915
140729,14.595
140730,13.56
140731,11.385
140732,10.585
140733,18.595
140734,10.625
140735,10.405
140736,4.585
140737,9.69
140738,4.25
140739,12.64
140740,15.085
140741,11.405
140742,7.385
140743,7.665
140744,7.805
140745,6.85
140746,8.625
140747,10.505
140748,11.39
140749,6.67
140750,10.015
140751,11.075
140752,12.33
140753,4.765
140754,10.975
140755,9.055
140756,17.63
140757,12.275
140758,7.305
140759,12.47
140760,7.95
140761,11.23
140762,14.93
140763,9.01
140764,7.995
140765,6.8
140766,8.145
140767,11.605
140768,10.775
140769,12.855
140770,15.405
140771,7.065
140772,14.43
140773,5.565
140774,9.645
140775,13.55
140776,9.36
140777,9.45
140778,9.81
140779,10.58
140780,9.305
140781,9.47
140782,10.88
140783,11.405
140784,9.77
140785,10.375
140786,10.115
140787,13.185
140788,15.415
140789,9.095
140790,6.06
140791,9.655
140792,9.45
140793,8.68
140794,12.365
140795,12.915
140796,7.4
140797,12.79
140798,9.025
140799,6.41
140800,15.94
140801,7.635
140802,7.195
140803,12.625
140804,18.6
140805,11.41
140806,9.075
140807,11.13
140808,6.965
140809,10.7
140810,13.905
140811,5.835
140812,12.605
140813,6.855
140814,13.415
140815,8.27
140816,8.25
140817,7.005
140818,11.015
140819,16.45
140820,12.02
140821,10.68
140822,4.655
140823,6.875
140824,9.62
140825,5.27
140826,9.655
140827,11.745
140828,9.09
140829,11.59
140830,7.07
140831,8.715
140832,7.46
140833,9.985
140834,10.39
140835,13.485
140836,7.595
140837,10.315
140838,4.57
140839,7.065
140840,9.215
140841,9.68
140842,19.41
140843,10.565
140844,4.02
140845,17.355
140846,11.13
140847,12.255
140848,9.43
140849,12.95
140850,10.945
140851,7.23
140852,8.335
140853,7.365
140854,7.845
140855,12.69
140856,10.585
140857,15.305
140858,12.07
140859,18.42
140860,15.65
140861,13.71
140862,10.29
140863,9.18
140864,13.025
140865,12.62
140866,13.875
140867,6.57
140868,16.64
140869,8.03
140870,12.1
140871,9.025
140872,14.325
140873,5.11
140874,10.41
140875,10.64
140876,13.22
140877,12.64
140878,14.76
140879,5.6
140880,8.835
140881,10.73
140882,9.15
140883,12.91
140884,8.27
140885,16.445
140886,10.035
140887,11.065
140888,12.865
140889,8.97
140890,7.245
140891,8.605
140892,8.24
140893,12.59
140894,7.045
140895,13.81
140896,15.91
140897,6.2
140898,9.57
140899,10.635
140900,9.62
140901,10.485
140902,16.545
140903,9.84
140904,6.895
140905,11.33
140906,6.835
140907,12.95
140908,12.855
140909,15.015
140910,9.315
140911,6.82
140912,12.115
140913,9.575
140914,11.14
140915,10.155
140916,7.355
140917,6.85
140918,11.36
140919,7.925
140920,7.155
140921,14.375
140922,10.755
140923,8.465
140924,9.71
140925,9.785
140926,10.26
140927,6.475
140928,11.02
140929,12.88
140930,11.155
140931,6.76
140932,8.505
140933,10.155
140934,5.81
140935,9.775
140936,15.27
140937,11.87
140938,9.845
140939,9.3
140940,7.415
140941,6.92
140942,11.32
140943,9.695
140944,9.455
140945,3.74
140946,9.34
140947,11.67
140948,14.04
140949,11.7
140950,10.195
140951,10.385
140952,10.295
140953,8.515
140954,8.015
140955,10.155
140956,11.075
140957,10.145
140958,9.22
140959,10.07
140960,12.1
140961,10.765
140962,4.22
140963,8.63
140964,9.485
140965,9.4
140966,9.45
140967,10.215
140968,13.035
140969,7.25
140970,6.78
140971,8.035
140972,16.75
140973,10.035
140974,8.96
140975,11.43
140976,10.425
140977,13.07
140978,10.575
140979,13.6
140980,7.965
140981,10.59
140982,10.31
140983,10.485
140984,10.0
140985,17.65
140986,9.245
140987,9.295
140988,11.2
140989,8.28
140990,6.76
140991,14.245
140992,13.16
140993,7.18
140994,14.915
140995,11.38
140996,7.26
140997,9.255
140998,9.48
140999,4.735
141000,15.97
141001,13.34
141002,7.15
141003,5.59
141004,13.63
141005,13.06
141006,9.13
141007,11.91
141008,10.1
141009,5.645
141010,10.695
141011,15.37
141012,7.92
141013,16.105
141014,9.66
141015,7.025
141016,11.82
141017,13.82
141018,8.525
141019,16.475
141020,11.475
141021,7.19
141022,9.185
141023,10.445
141024,10.595
141025,10.34
141026,11.14
141027,6.965
141028,8.355
141029,12.535
141030,6.605
141031,10.96
141032,12.52
141033,13.025
141034,7.965
141035,11.585
141036,10.285
141037,7.12
141038,14.05
141039,5.17
141040,15.595
141041,8.225
141042,6.745
141043,9.065
141044,8.715
141045,9.08
141046,6.69
141047,10.58
141048,9.595
141049,7.84
141050,4.24
141051,9.34
141052,10.35
141053,8.175
141054,11.35
141055,14.3
141056,11.08
141057,9.315
141058,7.365
141059,10.44
141060,8.725
141061,13.475
141062,12.305
141063,12.285
141064,9.645
141065,10.12
141066,11.565
141067,13.345
141068,12.075
141069,7.035
141070,15.445
141071,7.895
141072,10.305
141073,10.395
141074,5.035
141075,6.43
141076,13.32
141077,10.38
141078,10.42
141079,9.495
141080,4.225
141081,5.965
141082,16.51
141083,8.745
141084,9.57
141085,9.86
141086,11.73
141087,5.12
141088,11.58
141089,8.705
141090,11.45
141091,11.85
141092,10.185
141093,11.78
141094,8.385
141095,7.145
141096,10.69
141097,10.32
141098,9.175
141099,11.055
141100,7.74
141101,8.03
141102,11.265
141103,11.14
141104,11.6
141105,8.295
141106,13.03
141107,9.625
141108,4.995
141109,10.775
141110,8.025
141111,10.86
141112,9.555
141113,6.995
141114,8.385
141115,14.095
141116,7.385
141117,10.295
141118,10.385
141119,14.96
141120,14.81
141121,3.88
141122,6.02
141123,14.615
141124,11.225
141125,7.69
141126,11.9
141127,10.075
141128,7.145
141129,11.085
141130,6.87
141131,6.51
141132,3.615
141133,9.13
141134,7.94
141135,8.995
141136,15.165
141137,11.915
141138,9.835
141139,9.185
141140,9.48
141141,10.29
141142,10.915
141143,10.67
141144,8.2
141145,13.01
141146,13.095
141147,13.87
141148,9.805
141149,9.685
141150,12.595
141151,5.33
141152,9.345
141153,10.18
141154,6.14
141155,7.49
141156,16.05
141157,8.115
141158,8.535
141159,12.41
141160,8.035
141161,10.725
141162,8.0
141163,11.265
141164,7.885
141165,7.835
141166,13.67
141167,13.775
141168,7.67
141169,10.05
141170,10.68
141171,12.87
141172,9.605
141173,11.14
141174,7.355
141175,12.145
141176,11.085
141177,9.675
141178,10.91
141179,16.855
141180,8.8
141181,9.565
141182,14.625
141183,14.76
141184,4.385
141185,11.02
141186,11.365
141187,7.075
141188,14.775
141189,8.93
141190,7.015
141191,11.77
141192,8.135
141193,5.66
141194,9.58
141195,7.42
141196,9.05
141197,10.05
141198,9.93
141199,12.54
141200,4.58
141201,12.44
141202,6.925
141203,9.56
141204,10.4
141205,10.97
141206,7.68
141207,12.335
141208,9.595
141209,8.955
141210,13.075
141211,7.895
141212,8.825
141213,16.765
141214,10.9
141215,11.17
141216,10.585
141217,12.76
141218,8.525
141219,9.015
141220,7.48
141221,9.845
141222,6.3
141223,9.15
141224,14.155
141225,7.125
141226,5.485
141227,9.605
141228,11.18
141229,11.025
141230,8.335
141231,9.335
141232,10.795
141233,10.685
141234,9.365
141235,10.19
141236,10.31
141237,11.26
141238,10.21
141239,11.1
141240,10.15
141241,10.83
141242,11.48
141243,12.16
141244,10.4
141245,9.305
141246,10.845
141247,10.96
141248,18.985
141249,9.67
141250,4.945
141251,6.955
141252,5.38
141253,8.89
141254,12.75
141255,10.665
141256,11.57
141257,8.635
141258,15.48
141259,7.56
141260,9.78
141261,11.875
141262,6.825
141263,9.84
141264,9.67
141265,8.95
141266,10.195
141267,4.545
141268,10.165
141269,10.69
141270,6.845
141271,12.09
141272,15.985
141273,11.705
141274,13.555
141275,10.135
141276,7.36
141277,10.095
141278,9.34
141279,15.5
141280,7.48
141281,10.865
141282,12.13
141283,11.76
141284,6.315
141285,9.23
141286,7.995
141287,11.89
141288,5.785
141289,18.04
141290,8.19
141291,14.71
141292,10.62
141293,12.32
141294,8.68
141295,6.94
141296,11.585
141297,10.145
141298,13.015
141299,8.82
141300,13.41
141301,10.665
141302,11.34
141303,9.595
141304,8.49
141305,6.0
141306,12.805
141307,6.7
141308,7.28
141309,14.49
141310,14.52
141311,6.47
141312,10.99
141313,6.48
141314,14.145
141315,12.565
141316,9.955
141317,12.33
141318,11.35
141319,10.475
141320,7.085
141321,10.455
141322,9.805
141323,14.295
141324,6.58
141325,9.355
141326,8.97
141327,8.7
141328,9.745
141329,8.44
141330,14.385
141331,9.535
141332,14.585
141333,12.065
141334,9.65
141335,12.71
141336,7.01
141337,11.895
141338,6.435
141339,5.68
141340,13.62
141341,5.48
141342,10.435
141343,8.275
141344,7.1
141345,11.56
141346,10.395
141347,11.14
141348,18.07
141349,12.96
141350,9.29
141351,10.835
141352,4.465
141353,12.125
141354,7.565
141355,10.225
141356,7.84
141357,15.605
141358,13.13
141359,9.415
141360,11.515
141361,7.085
141362,10.575
141363,11.605
141364,9.295
141365,9.17
141366,8.15
141367,7.49
141368,16.335
141369,8.985
141370,11.82
141371,11.9
141372,6.055
141373,10.31
141374,9.155
141375,15.24
141376,7.895
141377,11.565
141378,5.845
141379,13.955
141380,12.125
141381,10.67
141382,7.98
141383,11.355
141384,9.555
141385,10.56
141386,13.16
141387,11.825
141388,9.185
141389,7.045
141390,10.47
141391,9.69
141392,5.65
141393,9.15
141394,8.03
141395,7.055
141396,11.995
141397,6.88
141398,11.84
141399,9.36
141400,7.015
141401,9.535
141402,12.92
141403,10.085
141404,7.41
141405,9.8
141406,12.115
141407,11.29
141408,10.53
141409,8.045
141410,5.85
141411,9.945
141412,9.85
141413,9.38
141414,7.645
141415,8.895
141416,8.49
141417,8.315
141418,6.245
141419,14.005
141420,8.845
141421,9.63
141422,9.55
141423,9.815
141424,11.185
141425,10.515
141426,9.465
141427,14.075
141428,7.045
141429,14.445
141430,9.085
141431,5.76
141432,8.54
141433,8.25
141434,11.195
141435,6.765
141436,8.745
141437,11.71
141438,10.89
141439,16.28
141440,9.36
141441,12.115
141442,4.4
141443,9.76
141444,7.435
141445,9.8
141446,10.42
141447,4.675
141448,15.465
141449,11.435
141450,13.51
141451,13.065
141452,8.185
141453,7.43
141454,14.155
141455,10.575
141456,20.645
141457,6.92
141458,10.435
141459,12.115
141460,10.815
141461,6.325
141462,9.09
141463,11.28
141464,9.63
141465,10.81
141466,6.165
141467,17.75
141468,5.47
141469,7.78
141470,9.585
141471,8.84
141472,11.475
141473,12.985
141474,10.875
141475,7.45
141476,7.745
141477,9.965
141478,6.45
141479,10.74
141480,12.245
141481,10.275
141482,13.07
141483,12.72
141484,9.195
141485,8.8
141486,14.345
141487,10.105
141488,11.96
141489,8.63
141490,10.335
141491,16.345
141492,10.84
141493,9.63
141494,16.345
141495,15.745
141496,8.995
141497,10.715
141498,11.065
141499,10.575
141500,10.57
141501,10.32
141502,14.84
141503,12.19
141504,10.935
141505,6.0
141506,10.06
141507,14.015
141508,9.1
141509,12.745
141510,7.895
141511,9.605
141512,7.88
141513,7.59
141514,8.38
141515,6.36
141516,14.17
141517,13.21
141518,10.55
141519,9.74
141520,3.685
141521,12.635
141522,10.915
141523,9.54
141524,7.02
141525,9.45
141526,10.955
141527,6.04
141528,16.35
141529,13.905
141530,10.335
141531,3.775
141532,7.815
141533,6.75
141534,11.305
141535,10.6
141536,9.29
141537,10.78
141538,12.645
141539,6.98
141540,9.805
141541,10.65
141542,7.285
141543,6.64
141544,14.52
141545,8.285
141546,7.18
141547,11.045
141548,13.035
141549,13.745
141550,7.95
141551,14.39
141552,10.515
141553,9.305
141554,11.195
141555,11.925
141556,6.685
141557,9.205
141558,12.05
141559,10.615
141560,9.58
141561,8.985
141562,10.405
141563,13.485
141564,12.56
141565,10.33
141566,7.285
141567,10.34
141568,11.295
141569,7.025
141570,7.44
141571,7.9
141572,11.27
141573,10.195
141574,9.59
141575,6.68
141576,7.76
141577,14.265
141578,11.04
141579,9.445
141580,9.295
141581,8.76
141582,15.035
141583,11.475
141584,6.985
141585,7.01
141586,9.705
141587,14.835
141588,11.385
141589,13.815
141590,18.04
141591,5.09
141592,9.745
141593,11.125
141594,11.55
141595,7.945
141596,6.875
141597,11.075
141598,10.115
141599,10.435
141600,6.03
141601,9.66
141602,5.875
141603,10.03
141604,12.395
141605,7.985
141606,18.755
141607,9.48
141608,9.74
141609,10.855
141610,6.915
141611,9.5
141612,9.92
141613,9.45
141614,13.565
141615,20.995
141616,11.24
141617,14.845
141618,10.32
141619,9.785
141620,14.63
141621,13.185
141622,10.585
141623,11.265
141624,6.815
141625,10.9
141626,9.585
141627,10.7
141628,14.07
141629,7.025
141630,9.75
141631,6.185
141632,6.925
141633,12.45
141634,12.515
141635,11.18
141636,13.79
141637,16.96
141638,9.265
141639,4.04
141640,10.245
141641,10.31
141642,8.25
141643,9.585
141644,12.43
141645,8.445
141646,9.72
141647,12.905
141648,8.83
141649,7.215
141650,11.275
141651,4.1
141652,6.865
141653,10.83
141654,6.81
141655,9.49
141656,9.98
141657,13.46
141658,14.42
141659,4.97
141660,11.395
141661,6.855
141662,7.91
141663,4.035
141664,5.905
141665,15.715
141666,7.23
141667,8.81
141668,6.785
141669,10.135
141670,13.785
141671,9.79
141672,6.665
141673,13.34
141674,10.715
141675,10.68
141676,6.59
141677,10.295
141678,8.285
141679,10.02
141680,8.11
141681,17.085
141682,8.36
141683,17.125
141684,7.975
141685,9.665
141686,9.725
141687,13.77
141688,11.17
141689,19.29
141690,6.665
141691,8.95
141692,6.59
141693,10.19
141694,11.14
141695,8.31
141696,14.34
141697,8.015
141698,5.625
141699,8.83
141700,10.435
141701,9.245
141702,9.205
141703,13.575
141704,7.92
141705,9.075
141706,4.72
141707,10.61
141708,9.265
141709,5.005
141710,17.0
141711,3.49
141712,13.545
141713,11.455
141714,10.135
141715,9.455
141716,8.47
141717,10.57
141718,17.775
141719,8.905
141720,11.965
141721,10.555
141722,14.415
141723,14.665
141724,13.97
141725,11.38
141726,5.755
141727,4.9
141728,9.805
141729,9.655
141730,9.215
141731,9.66
141732,10.455
141733,11.705
141734,10.355
141735,12.35
141736,9.095
141737,11.96
141738,9.62
141739,5.295
141740,10.76
141741,6.915
141742,16.345
141743,8.58
141744,9.75
141745,14.47
141746,12.82
141747,6.9
141748,8.11
141749,8.985
141750,12.685
141751,6.36
141752,17.61
141753,13.005
141754,14.9
141755,11.745
141756,7.27
141757,7.105
141758,10.44
141759,10.13
141760,11.475
141761,9.255
141762,10.085
141763,9.245
141764,10.785
141765,12.19
141766,6.31
141767,10.775
141768,7.82
141769,8.505
141770,9.91
141771,15.17
141772,6.925
141773,7.51
141774,14.435
141775,11.405
141776,9.57
141777,9.675
141778,11.205
141779,9.385
141780,10.205
141781,8.555
141782,4.975
141783,6.31
141784,10.735
141785,14.3
141786,8.335
141787,9.205
141788,11.19
141789,16.97
141790,8.375
141791,9.135
141792,11.49
141793,10.76
141794,9.69
141795,10.94
141796,8.87
141797,8.62
141798,9.885
141799,10.225
141800,11.29
141801,9.675
141802,10.84
141803,9.62
141804,11.345
141805,9.74
141806,11.045
141807,4.055
141808,10.81
141809,15.215
141810,10.735
141811,8.08
141812,10.625
141813,10.91
141814,6.74
141815,13.905
141816,10.98
141817,9.885
141818,10.935
141819,10.215
141820,11.145
141821,14.155
141822,10.845
141823,6.605
141824,9.495
141825,14.31
141826,10.42
141827,14.77
141828,9.01
141829,13.965
141830,9.585
141831,11.465
141832,11.34
141833,9.985
141834,8.88
141835,14.265
141836,13.015
141837,11.805
141838,9.23
141839,12.51
141840,10.57
141841,7.13
141842,9.955
141843,8.625
141844,4.235
141845,7.855
141846,10.955
141847,10.35
141848,14.06
141849,10.05
141850,8.05
141851,7.835
141852,5.975
141853,15.21
141854,6.58
141855,6.66
141856,8.94
141857,10.4
141858,8.835
141859,9.63
141860,10.155
141861,9.755
141862,13.125
141863,6.535
141864,13.22
141865,8.65
141866,11.785
141867,11.3
141868,12.455
141869,5.155
141870,11.625
141871,7.065
141872,9.69
141873,9.805
141874,12.685
141875,9.44
141876,10.895
141877,6.195
141878,8.71
141879,15.295
141880,8.89
141881,14.3
141882,8.41
141883,6.455
141884,8.37
141885,10.76
141886,7.975
141887,8.985
141888,7.71
141889,9.665
141890,10.665
141891,12.29
141892,10.875
141893,8.4
141894,17.24
141895,13.78
141896,9.835
141897,7.21
141898,11.14
141899,17.47
141900,8.2
141901,9.33
141902,11.35
141903,14.99
141904,9.83
141905,9.855
141906,10.315
141907,12.095
141908,10.595
141909,14.48
141910,13.945
141911,7.115
141912,15.05
141913,6.68
141914,14.825
141915,10.655
141916,11.555
141917,8.535
141918,10.665
141919,12.955
141920,8.765
141921,6.96
141922,10.425
141923,10.98
141924,13.055
141925,10.495
141926,9.065
141927,10.63
141928,10.375
141929,10.14
141930,6.725
141931,8.285
141932,6.76
141933,9.485
141934,9.99
141935,6.88
141936,6.215
141937,13.48
141938,7.215
141939,10.08
141940,12.98
141941,8.52
141942,5.085
141943,10.6
141944,10.31
141945,12.18
141946,11.41
141947,12.17
141948,14.69
141949,11.855
141950,9.9
141951,9.625
141952,12.815
141953,9.105
141954,10.45
141955,8.07
141956,9.0
141957,10.73
141958,10.04
141959,4.935
141960,12.075
141961,9.74
141962,11.085
141963,9.385
141964,7.255
141965,8.475
141966,13.345
141967,7.005
141968,13.695
141969,8.49
141970,8.73
141971,8.46
141972,9.825
141973,10.33
141974,8.58
141975,13.0
141976,7.95
141977,11.21
141978,11.535
141979,7.59
141980,13.645
141981,7.905
141982,10.945
141983,8.95
141984,11.72
141985,13.375
141986,10.845
141987,11.2
141988,9.4
141989,11.84
141990,10.925
141991,10.87
141992,7.73
141993,10.76
141994,14.41
141995,9.245
141996,11.575
141997,10.805
141998,8.74
141999,4.145
142000,14.04
142001,9.85
142002,9.795
142003,8.145
142004,11.57
142005,11.33
142006,14.54
142007,11.85
142008,12.345
142009,10.255
142010,6.765
142011,11.485
142012,11.16
142013,10.56
142014,13.7
142015,7.77
142016,14.785
142017,7.255
142018,10.42
142019,10.57
142020,9.565
142021,15.065
142022,8.55
142023,11.03
142024,15.055
142025,7.75
142026,11.74
142027,4.5
142028,6.67
142029,6.925
142030,17.335
142031,11.315
142032,11.165
142033,10.785
142034,8.47
142035,15.585
142036,11.105
142037,9.005
142038,12.75
142039,14.425
142040,10.285
142041,10.4
142042,9.82
142043,12.11
142044,12.65
142045,12.17
142046,10.195
142047,5.555
142048,8.91
142049,9.27
142050,9.07
142051,6.35
142052,11.75
142053,11.155
142054,10.92
142055,8.085
142056,9.13
142057,9.23
142058,11.075
142059,17.51
142060,10.375
142061,6.415
142062,8.795
142063,10.465
142064,12.765
142065,12.6
142066,9.67
142067,8.93
142068,9.33
142069,10.545
142070,15.815
142071,10.435
142072,11.06
142073,12.955
142074,9.04
142075,9.425
142076,10.625
142077,7.225
142078,9.615
142079,11.325
142080,13.13
142081,9.795
142082,12.105
142083,10.195
142084,10.49
142085,14.03
142086,6.96
142087,9.42
142088,9.755
142089,7.11
142090,16.225
142091,14.235
142092,9.39
142093,8.835
142094,6.805
142095,7.625
142096,3.61
142097,11.39
142098,12.425
142099,7.945
142100,9.635
142101,9.975
142102,10.94
142103,9.85
142104,11.49
142105,9.845
142106,12.97
142107,12.67
142108,8.835
142109,9.17
142110,9.08
142111,8.59
142112,5.735
142113,14.59
142114,7.02
142115,11.185
142116,9.55
142117,11.95
142118,11.15
142119,14.535
142120,9.505
142121,6.715
142122,10.53
142123,14.985
142124,12.27
142125,14.885
142126,7.725
142127,7.11
142128,14.045
142129,10.555
142130,7.1
142131,8.04
142132,11.505
142133,6.785
142134,7.83
142135,10.705
142136,9.205
142137,6.64
142138,9.425
142139,10.93
142140,8.515
142141,10.115
142142,4.79
142143,8.225
142144,11.935
142145,4.57
142146,10.315
142147,11.655
142148,9.53
142149,9.665
142150,7.96
142151,9.335
142152,5.315
142153,8.77
142154,5.74
142155,12.12
142156,7.58
142157,12.69
142158,14.48
142159,7.275
142160,15.86
142161,19.43
142162,10.405
142163,11.055
142164,11.07
142165,8.97
142166,13.02
142167,11.385
142168,11.0
142169,11.76
142170,10.415
142171,12.215
142172,10.045
142173,11.255
142174,11.665
142175,11.97
142176,16.04
142177,8.24
142178,7.935
142179,15.56
142180,7.94
142181,9.445
142182,7.745
142183,10.32
142184,8.955
142185,9.705
142186,11.85
142187,9.125
142188,10.41
142189,7.97
142190,8.85
142191,9.1
142192,9.915
142193,10.475
142194,9.12
142195,11.255
142196,9.69
142197,9.605
142198,14.435
142199,7.205
142200,6.805
142201,6.68
142202,9.495
142203,17.31
142204,12.16
142205,8.625
142206,10.975
142207,12.62
142208,10.725
142209,15.98
142210,15.29
142211,10.82
142212,8.615
142213,7.705
142214,13.845
142215,4.565
142216,7.42
142217,9.005
142218,17.155
142219,15.715
142220,10.685
142221,6.1
142222,8.31
142223,14.635
142224,8.59
142225,10.29
142226,10.125
142227,10.69
142228,11.29
142229,11.2
142230,6.245
142231,12.26
142232,6.725
142233,19.445
142234,8.285
142235,12.355
142236,16.63
142237,10.84
142238,11.23
142239,9.07
142240,13.19
142241,8.595
142242,17.695
142243,11.87
142244,9.67
142245,9.135
142246,9.02
142247,8.185
142248,10.425
142249,14.98
142250,10.52
142251,9.95
142252,10.39
142253,8.605
142254,12.93
142255,12.65
142256,9.135
142257,9.465
142258,11.36
142259,9.605
142260,5.98
142261,6.655
142262,10.79
142263,10.49
142264,11.125
142265,9.305
142266,13.865
142267,10.01
142268,15.005
142269,9.545
142270,11.075
142271,9.765
142272,14.53
142273,5.85
142274,14.91
142275,15.105
142276,15.375
142277,14.18
142278,9.37
142279,10.845
142280,10.335
142281,7.715
142282,6.865
142283,9.69
142284,9.33
142285,10.805
142286,12.35
142287,10.815
142288,6.465
142289,10.235
142290,11.465
142291,10.995
142292,8.265
142293,8.575
142294,7.555
142295,11.215
142296,13.74
142297,10.885
142298,8.035
142299,9.275
142300,10.625
142301,9.995
142302,15.505
142303,9.985
142304,14.815
142305,11.67
142306,13.005
142307,7.46
142308,10.135
142309,10.305
142310,10.445
142311,4.6
142312,5.55
142313,12.75
142314,11.735
142315,9.58
142316,7.97
142317,9.525
142318,12.085
142319,5.695
142320,11.25
142321,6.61
142322,6.745
142323,11.13
142324,9.15
142325,10.7
142326,5.655
142327,12.365
142328,8.23
142329,6.71
142330,8.24
142331,10.845
142332,7.885
142333,6.73
142334,10.61
142335,9.75
142336,14.77
142337,7.42
142338,9.165
142339,7.11
142340,4.25
142341,9.79
142342,9.495
142343,8.815
142344,7.49
142345,9.575
142346,3.73
142347,11.565
142348,11.865
142349,11.175
142350,9.54
142351,10.295
142352,14.41
142353,11.785
142354,8.945
142355,6.515
142356,10.295
142357,10.325
142358,11.855
142359,9.47
142360,11.475
142361,11.555
142362,11.54
142363,9.1
142364,10.48
142365,9.01
142366,10.68
142367,15.36
142368,11.265
142369,10.85
142370,7.71
142371,13.1
142372,6.43
142373,10.355
142374,10.805
142375,11.28
142376,5.505
142377,10.285
142378,4.95
142379,4.0
142380,6.735
142381,11.285
142382,13.73
142383,10.685
142384,7.82
142385,14.95
142386,11.38
142387,17.64
142388,8.79
142389,9.765
142390,15.06
142391,12.95
142392,18.265
142393,12.94
142394,10.9
142395,7.19
142396,7.005
142397,7.33
142398,9.605
142399,10.575
142400,11.915
142401,13.215
142402,6.62
142403,7.265
142404,9.215
142405,10.02
142406,9.41
142407,8.825
142408,15.74
142409,9.07
142410,10.365
142411,6.76
142412,7.085
142413,9.655
142414,9.375
142415,7.575
142416,10.185
142417,9.625
142418,13.67
142419,10.31
142420,6.88
142421,10.65
142422,7.565
142423,7.98
142424,7.355
142425,10.045
142426,10.025
142427,9.62
142428,9.07
142429,12.84
142430,4.275
142431,8.905
142432,10.965
142433,9.7
142434,12.63
142435,9.07
142436,11.2
142437,8.02
142438,8.825
142439,11.935
142440,12.185
142441,12.09
142442,12.085
142443,9.82
142444,12.835
142445,8.98
142446,8.905
142447,8.885
142448,8.655
142449,8.57
142450,10.295
142451,10.035
142452,10.6
142453,13.77
142454,8.405
142455,6.19
142456,11.29
142457,8.485
142458,4.81
142459,9.66
142460,8.765
142461,13.2
142462,10.235
142463,8.33
142464,10.555
142465,5.93
142466,11.54
142467,6.975
142468,10.75
142469,9.88
142470,8.995
142471,15.52
142472,8.22
142473,10.41
142474,15.295
142475,8.255
142476,12.625
142477,10.535
142478,11.91
142479,13.085
142480,5.12
142481,4.33
142482,10.69
142483,11.39
142484,11.21
142485,11.565
142486,12.255
142487,6.8
142488,9.715
142489,7.19
142490,9.425
142491,10.725
142492,9.18
142493,6.135
142494,11.3
142495,13.74
142496,7.545
142497,9.64
142498,10.985
142499,9.495
142500,9.0
142501,10.55
142502,7.25
142503,11.365
142504,11.87
142505,9.005
142506,12.345
142507,9.515
142508,8.975
142509,9.095
142510,8.545
142511,10.07
142512,7.89
142513,10.855
142514,10.655
142515,10.615
142516,10.7
142517,11.99
142518,8.565
142519,8.775
142520,10.18
142521,7.785
142522,11.655
142523,6.75
142524,7.82
142525,6.49
142526,9.54
142527,9.285
142528,11.01
142529,7.885
142530,6.145
142531,9.85
142532,10.84
142533,11.37
142534,11.065
142535,10.835
142536,7.63
142537,13.49
142538,10.905
142539,9.74
142540,9.705
142541,9.71
142542,5.0
142543,9.21
142544,9.005
142545,15.05
142546,13.195
142547,8.25
142548,6.06
142549,6.515
142550,10.87
142551,10.66
142552,11.755
142553,12.49
142554,9.79
142555,6.255
142556,9.795
142557,15.06
142558,9.4
142559,15.6
142560,14.105
142561,9.535
142562,12.6
142563,9.21
142564,6.825
142565,10.4
142566,11.415
142567,10.42
142568,6.89
142569,5.0
142570,5.005
142571,10.71
142572,5.355
142573,18.755
142574,10.53
142575,9.805
142576,10.98
142577,13.2
142578,9.665
142579,9.35
142580,7.125
142581,10.46
142582,9.5
142583,9.38
142584,9.23
142585,11.455
142586,12.84
142587,4.4
142588,16.025
142589,11.01
142590,8.905
142591,10.72
142592,10.495
142593,13.66
142594,8.69
142595,8.645
142596,10.56
142597,3.965
142598,12.52
142599,12.045
142600,7.375
142601,8.04
142602,10.35
142603,11.67
142604,10.715
142605,10.4
142606,9.535
142607,11.41
142608,6.275
142609,10.465
142610,13.515
142611,8.995
142612,5.375
142613,10.055
142614,10.645
142615,14.795
142616,11.835
142617,11.315
142618,14.725
142619,7.5
142620,9.275
142621,10.945
142622,8.39
142623,9.58
142624,4.095
142625,13.27
142626,11.62
142627,4.65
142628,5.095
142629,6.95
142630,9.14
142631,10.425
142632,8.46
142633,11.83
142634,19.28
142635,8.25
142636,13.32
142637,8.595
142638,6.595
142639,18.765
142640,9.35
142641,9.845
142642,10.03
142643,17.25
142644,14.47
142645,15.385
142646,14.62
142647,11.905
142648,11.995
142649,16.955
142650,12.0
142651,10.88
142652,8.265
142653,10.58
142654,9.97
142655,8.975
142656,14.57
142657,7.695
142658,10.585
142659,8.465
142660,12.67
142661,11.56
142662,9.135
142663,9.685
142664,15.54
142665,10.185
142666,6.91
142667,8.805
142668,13.585
142669,11.135
142670,15.3
142671,16.63
142672,13.11
142673,10.205
142674,10.71
142675,6.75
142676,10.84
142677,11.23
142678,12.05
142679,17.115
142680,11.515
142681,7.695
142682,11.93
142683,6.965
142684,7.4
142685,11.265
142686,9.02
142687,8.15
142688,11.245
142689,17.15
142690,12.48
142691,9.425
142692,12.31
142693,14.175
142694,11.775
142695,16.715
142696,13.51
142697,7.06
142698,10.72
142699,9.38
142700,7.06
142701,12.83
142702,12.115
142703,9.24
142704,10.175
142705,7.175
142706,11.07
142707,9.395
142708,15.835
142709,8.905
142710,14.33
142711,5.705
142712,6.775
142713,6.87
142714,18.92
142715,8.43
142716,10.53
142717,7.43
142718,12.435
142719,8.92
142720,6.69
142721,9.72
142722,7.97
142723,6.9
142724,10.955
142725,8.97
142726,6.355
142727,8.575
142728,3.835
142729,9.48
142730,10.47
142731,10.18
142732,11.425
142733,10.65
142734,8.43
142735,7.995
142736,8.97
142737,12.185
142738,9.11
142739,9.775
142740,10.445
142741,8.795
142742,10.66
142743,7.78
142744,11.015
142745,7.7
142746,10.32
142747,8.73
142748,10.29
142749,10.59
142750,16.075
142751,8.44
142752,16.535
142753,11.375
142754,7.525
142755,3.84
142756,9.98
142757,11.24
142758,7.08
142759,6.56
142760,9.295
142761,8.615
142762,7.29
142763,14.55
142764,6.515
142765,14.565
142766,11.85
142767,12.565
142768,13.925
142769,9.845
142770,12.28
142771,17.21
142772,6.715
142773,11.31
142774,7.77
142775,11.05
142776,4.97
142777,4.775
142778,6.0
142779,14.26
142780,10.81
142781,6.55
142782,10.285
142783,9.755
142784,6.595
142785,15.445
142786,13.115
142787,13.245
142788,13.25
142789,7.745
142790,9.705
142791,11.495
142792,9.94
142793,8.07
142794,12.33
142795,10.89
142796,6.94
142797,8.69
142798,8.96
142799,6.365
142800,11.7
142801,13.525
142802,10.965
142803,7.09
142804,8.105
142805,4.605
142806,6.86
142807,11.835
142808,15.385
142809,7.95
142810,10.555
142811,12.82
142812,9.785
142813,6.96
142814,6.035
142815,7.88
142816,11.005
142817,8.945
142818,9.78
142819,6.755
142820,11.465
142821,18.015
142822,12.965
142823,12.255
142824,11.445
142825,11.995
142826,12.89
142827,8.855
142828,6.995
142829,7.09
142830,15.51
142831,13.34
142832,10.995
142833,11.345
142834,8.435
142835,9.995
142836,11.21
142837,6.87
142838,12.39
142839,9.39
142840,7.235
142841,8.445
142842,8.545
142843,10.035
142844,6.845
142845,19.13
142846,6.765
142847,10.74
142848,13.23
142849,8.27
142850,9.55
142851,6.685
142852,9.27
142853,12.205
142854,10.715
142855,8.46
142856,9.53
142857,6.28
142858,15.285
142859,14.275
142860,12.29
142861,12.18
142862,8.84
142863,11.775
142864,13.325
142865,10.395
142866,10.38
142867,6.76
142868,11.06
142869,13.65
142870,9.685
142871,3.885
142872,7.885
142873,7.78
142874,16.51
142875,6.735
142876,8.685
142877,9.995
142878,9.12
142879,11.59
142880,14.11
142881,9.185
142882,5.54
142883,8.14
142884,12.015
142885,9.005
142886,8.085
142887,8.63
142888,10.225
142889,6.905
142890,9.605
142891,9.57
142892,10.575
142893,8.93
142894,11.59
142895,9.59
142896,7.065
142897,10.545
142898,5.215
142899,7.805
142900,11.975
142901,15.51
142902,9.665
142903,6.565
142904,11.11
142905,9.74
142906,9.785
142907,12.775
142908,4.51
142909,9.765
142910,10.49
142911,13.8
142912,12.665
142913,9.96
142914,9.095
142915,10.625
142916,13.72
142917,8.84
142918,11.29
142919,9.3
142920,8.055
142921,17.23
142922,9.705
142923,11.705
142924,11.925
142925,9.01
142926,12.985
142927,10.65
142928,9.235
142929,6.635
142930,10.55
142931,13.185
142932,7.89
142933,6.665
142934,8.915
142935,9.18
142936,10.015
142937,11.825
142938,9.035
142939,6.575
142940,12.17
142941,9.605
142942,9.06
142943,9.585
142944,9.5
142945,10.65
142946,5.695
142947,6.325
142948,15.11
142949,7.15
142950,14.34
142951,8.99
142952,9.435
142953,11.265
142954,10.91
142955,6.835
142956,11.265
142957,10.41
142958,7.89
142959,9.07
142960,18.27
142961,10.315
142962,16.92
142963,11.225
142964,9.645
142965,10.555
142966,10.83
142967,11.72
142968,12.315
142969,12.35
142970,10.755
142971,9.805
142972,9.4
142973,6.165
142974,12.205
142975,6.775
142976,6.76
142977,10.99
142978,15.2
142979,11.725
142980,8.815
142981,10.76
142982,14.04
142983,11.71
142984,8.545
142985,11.275
142986,9.225
142987,8.105
142988,9.415
142989,8.345
142990,9.695
142991,11.575
142992,9.475
142993,10.03
142994,7.915
142995,10.61
142996,9.545
142997,8.115
142998,9.68
142999,12.66
143000,10.83
143001,7.07
143002,11.545
143003,9.1
143004,15.545
143005,7.95
143006,10.84
143007,11.38
143008,10.71
143009,12.05
143010,7.42
143011,8.125
143012,5.85
143013,9.375
143014,10.865
143015,13.68
143016,7.705
143017,9.63
143018,11.775
143019,10.805
143020,7.105
143021,10.75
143022,10.555
143023,9.325
143024,8.525
143025,9.39
143026,8.155
143027,10.5
143028,13.415
143029,9.765
143030,6.01
143031,8.19
143032,10.515
143033,10.525
143034,4.84
143035,10.84
143036,5.375
143037,11.375
143038,17.655
143039,8.98
143040,7.085
143041,10.56
143042,9.165
143043,9.39
143044,14.765
143045,7.115
143046,8.075
143047,6.59
143048,11.9
143049,13.955
143050,4.83
143051,8.18
143052,11.99
143053,6.815
143054,10.13
143055,6.225
143056,9.35
143057,9.67
143058,9.61
143059,10.415
143060,10.175
143061,18.98
143062,9.72
143063,13.05
143064,12.88
143065,6.805
143066,10.445
143067,9.09
143068,10.77
143069,9.68
143070,8.82
143071,10.895
143072,12.425
143073,6.825
143074,10.765
143075,9.515
143076,14.24
143077,7.925
143078,6.37
143079,9.325
143080,10.815
143081,11.885
143082,7.96
143083,11.12
143084,16.015
143085,10.97
143086,5.34
143087,13.175
143088,7.84
143089,16.725
143090,10.975
143091,9.455
143092,5.335
143093,8.85
143094,13.21
143095,12.015
143096,8.78
143097,14.545
143098,12.69
143099,13.14
143100,10.99
143101,10.95
143102,8.25
143103,9.825
143104,4.86
143105,9.295
143106,9.285
143107,5.51
143108,9.475
143109,9.53
143110,12.155
143111,10.66
143112,11.25
143113,10.61
143114,4.565
143115,13.955
143116,9.6
143117,7.62
143118,9.315
143119,10.17
143120,10.91
143121,6.835
143122,13.515
143123,10.255
143124,14.4
143125,7.73
143126,11.56
143127,8.12
143128,5.96
143129,8.575
143130,9.705
143131,11.05
143132,9.165
143133,10.45
143134,17.76
143135,10.13
143136,14.01
143137,7.77
143138,10.17
143139,5.495
143140,7.215
143141,5.59
143142,3.925
143143,9.075
143144,9.445
143145,12.065
143146,14.125
143147,13.69
143148,8.075
143149,8.69
143150,9.395
143151,6.095
143152,13.085
143153,4.77
143154,4.775
143155,9.775
143156,12.485
143157,11.94
143158,14.885
143159,10.195
143160,10.14
143161,14.88
143162,9.13
143163,11.055
143164,7.23
143165,5.155
143166,5.135
143167,15.175
143168,9.175
143169,9.21
143170,10.835
143171,4.87
143172,9.245
143173,12.995
143174,8.94
143175,12.385
143176,9.67
143177,12.345
143178,11.045
143179,10.98
143180,10.965
143181,10.675
143182,9.35
143183,9.645
143184,11.86
143185,8.08
143186,13.93
143187,8.975
143188,5.71
143189,13.555
143190,9.235
143191,8.455
143192,12.26
143193,9.235
143194,11.075
143195,7.74
143196,15.005
143197,10.76
143198,11.815
143199,9.43
143200,11.575
143201,10.175
143202,4.58
143203,9.99
143204,12.535
143205,9.23
143206,7.985
143207,4.985
143208,6.645
143209,9.245
143210,9.595
143211,9.48
143212,5.585
143213,8.705
143214,9.7
143215,9.39
143216,7.94
143217,9.11
143218,9.135
143219,8.85
143220,7.78
143221,12.9
143222,8.395
143223,11.215
143224,15.01
143225,11.145
143226,9.965
143227,10.46
143228,14.775
143229,10.925
143230,11.08
143231,17.615
143232,13.105
143233,7.905
143234,15.625
143235,9.48
143236,9.945
143237,9.56
143238,10.085
143239,12.0
143240,10.02
143241,15.92
143242,7.445
143243,10.02
143244,11.74
143245,11.46
143246,9.665
143247,11.11
143248,13.42
143249,11.915
143250,9.22
143251,8.115
143252,8.745
143253,15.195
143254,16.05
143255,9.06
143256,13.64
143257,9.75
143258,11.185
143259,17.13
143260,8.485
143261,9.675
143262,6.61
143263,10.53
143264,15.675
143265,7.35
143266,9.965
143267,12.74
143268,6.085
143269,6.93
143270,11.59
143271,6.97
143272,10.63
143273,9.885
143274,12.06
143275,9.685
143276,12.58
143277,11.91
143278,8.66
143279,5.04
143280,8.5
143281,14.835
143282,6.875
143283,9.505
143284,11.48
143285,12.375
143286,8.065
143287,7.635
143288,12.175
143289,11.88
143290,8.275
143291,12.45
143292,10.195
143293,7.23
143294,11.69
143295,7.125
143296,8.775
143297,9.33
143298,9.155
143299,9.465
143300,12.905
143301,9.275
143302,10.575
143303,11.0
143304,8.875
143305,10.5
143306,6.845
143307,13.405
143308,11.445
143309,11.225
143310,10.7
143311,6.315
143312,11.5
143313,8.935
143314,15.815
143315,13.225
143316,12.605
143317,11.46
143318,6.67
143319,10.67
143320,8.445
143321,12.235
143322,13.63
143323,11.235
143324,10.805
143325,9.74
143326,15.69
143327,14.45
143328,10.25
143329,10.755
143330,7.47
143331,8.17
143332,15.205
143333,11.37
143334,8.89
143335,7.23
143336,11.445
143337,10.57
143338,11.295
143339,12.27
143340,18.985
143341,12.22
143342,15.51
143343,13.35
143344,9.22
143345,9.465
143346,10.36
143347,5.1
143348,9.92
143349,10.105
143350,10.415
143351,11.83
143352,7.045
143353,8.775
143354,8.8
143355,12.92
143356,10.25
143357,10.71
143358,10.035
143359,10.875
143360,10.04
143361,11.65
143362,10.585
143363,10.565
143364,6.67
143365,9.675
143366,10.495
143367,5.04
143368,13.385
143369,6.775
143370,4.05
143371,9.345
143372,10.985
143373,5.6
143374,12.095
143375,15.29
143376,10.835
143377,11.425
143378,14.08
143379,11.88
143380,6.93
143381,10.8
143382,9.075
143383,6.5
143384,7.255
143385,9.715
143386,15.405
143387,10.3
143388,9.22
143389,14.355
143390,7.355
143391,8.155
143392,14.805
143393,6.255
143394,9.8
143395,5.88
143396,4.275
143397,6.615
143398,8.025
143399,11.335
143400,13.03
143401,8.385
143402,3.61
143403,9.905
143404,7.225
143405,4.705
143406,5.97
143407,10.915
143408,7.875
143409,10.35
143410,12.595
143411,14.43
143412,8.66
143413,20.29
143414,11.88
143415,8.39
143416,9.89
143417,12.365
143418,8.955
143419,9.49
143420,10.915
143421,13.235
143422,6.61
143423,7.19
143424,7.91
143425,10.93
143426,6.785
143427,7.93
143428,9.705
143429,7.38
143430,7.975
143431,10.54
143432,14.615
143433,9.06
143434,11.0
143435,5.34
143436,5.445
143437,9.885
143438,9.29
143439,7.415
143440,10.615
143441,13.055
143442,10.88
143443,10.99
143444,9.095
143445,8.865
143446,9.97
143447,13.14
143448,11.925
143449,10.22
143450,5.965
143451,11.87
143452,8.005
143453,8.31
143454,7.415
143455,9.66
143456,8.725
143457,15.635
143458,13.385
143459,14.35
143460,11.08
143461,6.78
143462,10.51
143463,9.29
143464,10.345
143465,11.485
143466,5.2
143467,9.73
143468,9.12
143469,11.28
143470,7.93
143471,7.355
143472,7.41
143473,12.0
143474,12.435
143475,3.89
143476,10.24
143477,8.2
143478,11.245
143479,10.995
143480,9.41
143481,10.75
143482,13.01
143483,10.545
143484,10.19
143485,10.855
143486,10.865
143487,12.2
143488,10.765
143489,10.115
143490,11.195
143491,6.21
143492,11.99
143493,10.545
143494,5.81
143495,9.945
143496,14.105
143497,13.94
143498,10.125
143499,10.78
143500,9.77
143501,12.605
143502,16.91
143503,12.25
143504,10.67
143505,11.22
143506,9.51
143507,8.205
143508,11.545
143509,7.795
143510,7.155
143511,18.28
143512,10.05
143513,5.205
143514,12.505
143515,6.705
143516,8.66
143517,12.185
143518,5.72
143519,9.97
143520,10.025
143521,9.755
143522,10.46
143523,5.205
143524,8.94
143525,11.335
143526,14.145
143527,10.275
143528,9.74
143529,9.43
143530,9.69
143531,6.895
143532,11.93
143533,10.83
143534,12.205
143535,13.97
143536,12.185
143537,11.685
143538,8.795
143539,16.4
143540,10.605
143541,5.05
143542,6.575
143543,10.62
143544,8.965
143545,11.205
143546,5.07
143547,9.02
143548,9.34
143549,9.445
143550,7.985
143551,11.16
143552,10.585
143553,12.565
143554,10.175
143555,9.655
143556,10.185
143557,6.865
143558,7.43
143559,12.905
143560,12.265
143561,8.65
143562,6.845
143563,10.17
143564,13.94
143565,11.74
143566,13.385
143567,11.195
143568,9.865
143569,10.735
143570,6.415
143571,9.625
143572,11.74
143573,8.965
143574,6.865
143575,10.735
143576,13.315
143577,7.03
143578,10.635
143579,7.075
143580,11.19
143581,11.985
143582,12.685
143583,10.6
143584,6.495
143585,12.65
143586,9.785
143587,10.95
143588,6.26
143589,5.395
143590,7.91
143591,11.215
143592,7.135
143593,9.885
143594,16.245
143595,14.09
143596,12.3
143597,8.56
143598,10.745
143599,12.315
143600,11.07
143601,9.86
143602,14.84
143603,4.73
143604,11.445
143605,9.825
143606,11.045
143607,6.4
143608,14.55
143609,10.475
143610,13.92
143611,7.87
143612,6.975
143613,6.25
143614,12.66
143615,10.245
143616,10.295
143617,10.63
143618,12.91
143619,11.175
143620,9.885
143621,14.57
143622,5.425
143623,14.86
143624,9.11
143625,10.725
143626,9.705
143627,10.86
143628,12.87
143629,8.65
143630,12.675
143631,11.44
143632,9.025
143633,16.675
143634,9.88
143635,11.47
143636,12.72
143637,11.03
143638,10.92
143639,9.065
143640,10.975
143641,14.795
143642,10.795
143643,8.365
143644,11.55
143645,7.15
143646,10.26
143647,10.35
143648,10.22
143649,11.21
143650,8.9
143651,12.87
143652,16.485
143653,12.09
143654,12.29
143655,10.39
143656,12.27
143657,7.52
143658,7.5
143659,16.875
143660,10.665
143661,7.135
143662,10.275
143663,11.265
143664,11.275
143665,10.01
143666,10.82
143667,9.82
143668,10.335
143669,11.66
143670,10.68
143671,11.045
143672,5.625
143673,6.3
143674,6.28
143675,18.125
143676,11.585
143677,11.275
143678,4.785
143679,7.16
143680,9.875
143681,11.51
143682,10.165
143683,9.295
143684,6.79
143685,12.45
143686,12.89
143687,13.36
143688,8.355
143689,11.28
143690,8.025
143691,11.055
143692,5.205
143693,12.365
143694,11.65
143695,11.445
143696,11.54
143697,12.69
143698,14.245
143699,11.25
143700,7.755
143701,4.365
143702,11.18
143703,9.55
143704,7.905
143705,6.73
143706,14.43
143707,11.295
143708,8.045
143709,11.56
143710,11.515
143711,18.425
143712,11.63
143713,16.415
143714,16.17
143715,4.075
143716,9.73
143717,10.125
143718,7.055
143719,11.12
143720,11.31
143721,8.8
143722,15.24
143723,11.14
143724,9.855
143725,4.38
143726,11.695
143727,10.75
143728,11.205
143729,13.745
143730,8.255
143731,15.185
143732,13.565
143733,11.485
143734,10.17
143735,7.04
143736,10.585
143737,12.09
143738,20.195
143739,10.115
143740,11.755
143741,6.87
143742,10.265
143743,8.795
143744,9.215
143745,9.925
143746,7.985
143747,9.98
143748,6.675
143749,7.94
143750,11.145
143751,6.655
143752,13.41
143753,8.715
143754,10.105
143755,11.125
143756,9.46
143757,8.88
143758,11.435
143759,11.225
143760,9.81
143761,6.755
143762,10.615
143763,11.835
143764,10.28
143765,12.875
143766,7.865
143767,8.435
143768,5.97
143769,11.635
143770,10.705
143771,9.64
143772,9.285
143773,8.875
143774,10.43
143775,8.66
143776,8.775
143777,10.3
143778,14.46
143779,7.205
143780,11.605
143781,9.915
143782,9.8
143783,9.45
143784,10.29
143785,11.74
143786,10.995
143787,17.155
143788,10.45
143789,10.22
143790,10.93
143791,4.83
143792,9.375
143793,8.575
143794,9.645
143795,13.61
143796,13.085
143797,14.74
143798,9.375
143799,5.9
143800,6.905
143801,4.235
143802,10.96
143803,9.75
143804,6.92
143805,8.995
143806,8.95
143807,12.68
143808,12.58
143809,11.805
143810,7.77
143811,15.885
143812,10.405
143813,8.98
143814,7.62
143815,7.765
143816,12.585
143817,9.805
143818,11.25
143819,12.69
143820,13.17
143821,9.02
143822,10.47
143823,11.385
143824,13.055
143825,6.015
143826,10.115
143827,10.99
143828,6.305
143829,11.09
143830,9.94
143831,6.775
143832,7.31
143833,13.115
143834,8.07
143835,9.11
143836,7.225
143837,11.87
143838,11.11
143839,16.325
143840,6.94
143841,9.215
143842,7.26
143843,6.645
143844,4.775
143845,6.67
143846,13.99
143847,6.84
143848,10.43
143849,9.095
143850,7.965
143851,9.25
143852,10.485
143853,11.315
143854,9.39
143855,8.08
143856,12.535
143857,15.55
143858,5.1
143859,9.39
143860,6.145
143861,6.825
143862,12.08
143863,11.41
143864,7.115
143865,9.67
143866,12.655
143867,5.6
143868,10.38
143869,10.695
143870,10.21
143871,10.2
143872,7.135
143873,7.525
143874,11.3
143875,8.835
143876,4.71
143877,4.655
143878,9.48
143879,11.095
143880,9.695
143881,14.28
143882,9.03
143883,9.09
143884,8.515
143885,7.72
143886,7.62
143887,6.865
143888,8.175
143889,8.37
143890,9.99
143891,10.755
143892,9.84
143893,6.835
143894,9.38
143895,9.16
143896,16.89
143897,6.48
143898,6.93
143899,9.615
143900,10.22
143901,10.64
143902,10.59
143903,7.75
143904,8.405
143905,12.97
143906,6.265
143907,15.08
143908,10.435
143909,6.58
143910,8.07
143911,7.195
143912,11.12
143913,11.745
143914,6.285
143915,11.75
143916,10.12
143917,7.295
143918,9.505
143919,10.7
143920,9.52
143921,11.845
143922,5.045
143923,11.175
143924,10.185
143925,10.825
143926,10.965
143927,9.33
143928,14.975
143929,8.12
143930,13.065
143931,12.8
143932,6.7
143933,9.575
143934,10.26
143935,9.65
143936,9.39
143937,12.9
143938,11.96
143939,8.595
143940,7.65
143941,14.655
143942,5.3
143943,6.355
143944,8.335
143945,12.61
143946,9.685
143947,11.21
143948,8.925
143949,9.555
143950,9.255
143951,10.54
143952,7.29
143953,13.89
143954,10.335
143955,7.27
143956,17.41
143957,14.135
143958,12.26
143959,9.89
143960,9.97
143961,13.035
143962,7.015
143963,10.2
143964,13.965
143965,9.31
143966,6.57
143967,12.65
143968,10.805
143969,4.97
143970,9.735
143971,12.63
143972,10.735
143973,15.34
143974,9.17
143975,12.945
143976,12.555
143977,8.03
143978,10.85
143979,9.775
143980,8.52
143981,10.53
143982,10.845
143983,7.605
143984,6.625
143985,9.35
143986,8.615
143987,10.755
143988,9.7
143989,11.965
143990,10.915
143991,11.675
143992,11.89
143993,9.575
143994,9.41
143995,8.215
143996,14.87
143997,9.95
143998,6.895
143999,17.52
144000,9.9
144001,7.285
144002,9.195
144003,9.085
144004,12.585
144005,9.51
144006,16.26
144007,12.345
144008,16.81
144009,12.92
144010,7.7
144011,8.995
144012,7.26
144013,9.215
144014,6.95
144015,11.54
144016,11.195
144017,17.35
144018,12.96
144019,8.09
144020,10.19
144021,11.765
144022,9.685
144023,6.85
144024,11.2
144025,8.57
144026,10.595
144027,9.965
144028,8.465
144029,6.865
144030,8.54
144031,12.24
144032,9.41
144033,6.58
144034,12.67
144035,6.89
144036,17.455
144037,9.14
144038,10.47
144039,5.73
144040,18.005
144041,10.0
144042,12.24
144043,8.945
144044,9.205
144045,11.45
144046,9.5
144047,11.03
144048,9.75
144049,7.045
144050,7.405
144051,11.42
144052,10.495
144053,10.68
144054,11.52
144055,10.13
144056,6.86
144057,7.79
144058,16.415
144059,4.855
144060,6.83
144061,6.605
144062,10.075
144063,9.735
144064,10.595
144065,11.565
144066,7.39
144067,12.11
144068,11.24
144069,7.915
144070,6.215
144071,9.28
144072,8.125
144073,10.085
144074,6.72
144075,13.455
144076,7.035
144077,9.86
144078,9.53
144079,8.015
144080,12.99
144081,8.79
144082,17.78
144083,8.84
144084,14.17
144085,14.725
144086,11.185
144087,11.385
144088,6.865
144089,15.955
144090,8.785
144091,6.79
144092,9.315
144093,10.43
144094,10.74
144095,10.965
144096,5.105
144097,11.05
144098,14.185
144099,9.81
144100,11.18
144101,9.53
144102,11.015
144103,8.165
144104,10.525
144105,8.805
144106,10.695
144107,10.685
144108,10.26
144109,11.065
144110,6.225
144111,10.955
144112,6.8
144113,12.59
144114,8.33
144115,9.09
144116,9.865
144117,17.525
144118,9.92
144119,9.55
144120,12.655
144121,9.08
144122,9.81
144123,17.36
144124,7.49
144125,6.185
144126,11.815
144127,11.285
144128,11.53
144129,7.05
144130,11.22
144131,9.905
144132,13.335
144133,10.775
144134,6.89
144135,12.87
144136,10.905
144137,8.72
144138,10.425
144139,10.03
144140,6.54
144141,11.74
144142,9.705
144143,9.74
144144,8.96
144145,11.28
144146,10.4
144147,11.1
144148,5.67
144149,9.95
144150,9.275
144151,9.41
144152,9.865
144153,11.98
144154,10.615
144155,9.005
144156,6.33
144157,11.98
144158,12.335
144159,10.2
144160,9.16
144161,8.34
144162,6.88
144163,8.165
144164,8.53
144165,10.96
144166,4.09
144167,9.255
144168,10.665
144169,9.255
144170,10.535
144171,11.22
144172,10.815
144173,11.635
144174,10.425
144175,15.805
144176,11.335
144177,10.58
144178,11.82
144179,8.21
144180,14.75
144181,8.735
144182,10.855
144183,9.115
144184,8.0
144185,14.12
144186,9.575
144187,9.64
144188,7.86
144189,9.3
144190,10.69
144191,10.14
144192,9.34
144193,9.38
144194,15.605
144195,10.925
144196,12.41
144197,9.84
144198,15.09
144199,12.83
144200,13.275
144201,9.55
144202,8.165
144203,8.83
144204,16.86
144205,5.675
144206,12.425
144207,11.1
144208,11.105
144209,6.62
144210,6.795
144211,12.585
144212,9.1
144213,8.44
144214,10.58
144215,6.265
144216,9.3
144217,7.195
144218,10.855
144219,9.725
144220,10.255
144221,10.48
144222,5.005
144223,11.43
144224,8.81
144225,4.2
144226,16.495
144227,6.545
144228,10.6
144229,11.66
144230,19.835
144231,7.85
144232,9.51
144233,9.975
144234,9.265
144235,10.495
144236,10.37
144237,9.125
144238,11.73
144239,8.62
144240,13.415
144241,9.69
144242,12.95
144243,7.795
144244,15.87
144245,10.905
144246,8.81
144247,6.19
144248,8.17
144249,7.71
144250,9.945
144251,10.595
144252,7.035
144253,6.7
144254,9.155
144255,9.44
144256,9.415
144257,9.345
144258,11.845
144259,8.94
144260,10.915
144261,13.04
144262,9.625
144263,7.17
144264,9.525
144265,11.27
144266,7.825
144267,6.605
144268,10.315
144269,10.49
144270,11.555
144271,15.72
144272,8.15
144273,10.1
144274,5.65
144275,12.365
144276,15.705
144277,11.655
144278,6.665
144279,10.43
144280,9.255
144281,10.005
144282,17.975
144283,7.93
144284,7.94
144285,9.585
144286,10.17
144287,10.92
144288,6.83
144289,11.865
144290,14.935
144291,5.065
144292,11.96
144293,20.535
144294,12.01
144295,10.685
144296,11.79
144297,11.135
144298,7.82
144299,6.43
144300,7.21
144301,3.93
144302,12.175
144303,11.44
144304,10.825
144305,10.39
144306,9.96
144307,15.87
144308,8.755
144309,7.085
144310,13.045
144311,9.245
144312,10.87
144313,13.16
144314,10.6
144315,9.76
144316,10.975
144317,9.4
144318,11.21
144319,12.335
144320,7.24
144321,13.945
144322,9.825
144323,9.045
144324,13.25
144325,7.245
144326,10.605
144327,9.84
144328,8.285
144329,9.49
144330,10.21
144331,7.25
144332,9.22
144333,9.05
144334,9.595
144335,9.095
144336,8.02
144337,9.835
144338,10.015
144339,8.055
144340,11.06
144341,9.87
144342,7.765
144343,12.35
144344,10.955
144345,7.975
144346,14.77
144347,14.525
144348,9.6
144349,13.715
144350,10.96
144351,9.605
144352,7.725
144353,9.095
144354,11.01
144355,17.775
144356,10.16
144357,13.845
144358,9.995
144359,5.57
144360,13.87
144361,10.105
144362,13.83
144363,11.035
144364,12.68
144365,10.715
144366,7.21
144367,10.99
144368,12.285
144369,3.87
144370,15.065
144371,11.895
144372,6.62
144373,7.825
144374,10.73
144375,6.73
144376,7.245
144377,10.49
144378,14.72
144379,13.615
144380,12.355
144381,8.66
144382,11.02
144383,10.155
144384,10.255
144385,3.665
144386,15.585
144387,7.395
144388,12.56
144389,7.705
144390,9.08
144391,10.76
144392,10.13
144393,16.725
144394,10.945
144395,7.725
144396,11.295
144397,11.0
144398,9.215
144399,14.99
144400,6.84
144401,8.34
144402,7.0
144403,4.055
144404,12.045
144405,8.915
144406,10.115
144407,10.35
144408,11.3
144409,11.035
144410,11.935
144411,12.47
144412,12.265
144413,15.655
144414,13.825
144415,11.755
144416,11.12
144417,7.07
144418,8.77
144419,7.375
144420,13.225
144421,9.985
144422,7.88
144423,10.705
144424,12.6
144425,9.935
144426,10.49
144427,4.44
144428,10.58
144429,17.255
144430,10.975
144431,10.225
144432,11.66
144433,6.945
144434,7.56
144435,10.425
144436,13.445
144437,13.045
144438,9.055
144439,11.4
144440,7.955
144441,7.18
144442,8.08
144443,10.81
144444,10.575
144445,5.805
144446,3.99
144447,11.87
144448,15.19
144449,8.25
144450,11.605
144451,11.695
144452,8.475
144453,9.375
144454,9.61
144455,8.82
144456,7.03
144457,12.945
144458,6.69
144459,9.245
144460,10.895
144461,8.19
144462,12.84
144463,7.59
144464,6.005
144465,12.5
144466,9.19
144467,8.475
144468,13.44
144469,9.175
144470,9.035
144471,11.215
144472,9.085
144473,14.23
144474,4.125
144475,9.805
144476,9.1
144477,8.355
144478,11.475
144479,6.39
144480,11.36
144481,7.075
144482,10.765
144483,13.215
144484,8.165
144485,13.275
144486,12.11
144487,7.75
144488,10.795
144489,6.845
144490,9.22
144491,10.765
144492,10.18
144493,10.71
144494,14.9
144495,10.665
144496,9.495
144497,5.785
144498,14.825
144499,9.78
144500,11.975
144501,9.38
144502,14.34
144503,10.19
144504,15.01
144505,9.205
144506,6.595
144507,7.23
144508,21.905
144509,10.355
144510,10.78
144511,10.23
144512,7.31
144513,10.61
144514,8.455
144515,8.535
144516,11.595
144517,6.63
144518,11.065
144519,10.33
144520,9.395
144521,12.05
144522,9.145
144523,9.32
144524,9.78
144525,10.435
144526,9.61
144527,16.295
144528,10.41
144529,12.95
144530,9.42
144531,13.79
144532,10.035
144533,15.515
144534,9.35
144535,11.845
144536,15.02
144537,9.01
144538,11.825
144539,9.65
144540,11.32
144541,9.665
144542,12.435
144543,11.315
144544,12.41
144545,8.24
144546,15.52
144547,8.735
144548,12.185
144549,12.735
144550,13.215
144551,6.825
144552,11.575
144553,10.965
144554,14.61
144555,6.35
144556,10.835
144557,9.925
144558,7.805
144559,11.185
144560,8.43
144561,8.495
144562,16.995
144563,10.075
144564,6.425
144565,8.065
144566,10.825
144567,7.225
144568,9.525
144569,4.59
144570,11.815
144571,11.815
144572,9.88
144573,10.175
144574,10.375
144575,11.36
144576,7.73
144577,10.935
144578,12.84
144579,9.49
144580,12.745
144581,7.07
144582,6.97
144583,6.92
144584,10.45
144585,6.695
144586,10.27
144587,5.975
144588,8.41
144589,11.145
144590,11.56
144591,7.585
144592,12.81
144593,9.595
144594,18.96
144595,9.89
144596,15.125
144597,7.32
144598,12.025
144599,11.01
144600,8.58
144601,15.375
144602,7.22
144603,9.84
144604,12.705
144605,12.05
144606,10.88
144607,15.0
144608,14.685
144609,9.11
144610,8.805
144611,12.265
144612,6.61
144613,9.03
144614,7.94
144615,10.65
144616,7.285
144617,10.565
144618,13.55
144619,10.55
144620,11.235
144621,7.695
144622,17.085
144623,5.345
144624,9.97
144625,14.585
144626,10.815
144627,8.035
144628,18.575
144629,9.37
144630,8.335
144631,6.635
144632,8.325
144633,9.935
144634,10.585
144635,10.2
144636,12.345
144637,9.3
144638,9.6
144639,14.0
144640,9.63
144641,12.195
144642,10.39
144643,10.365
144644,11.84
144645,6.74
144646,9.09
144647,9.795
144648,11.135
144649,5.28
144650,12.275
144651,10.665
144652,11.285
144653,9.26
144654,11.9
144655,4.7
144656,16.93
144657,12.06
144658,10.2
144659,9.995
144660,7.605
144661,10.375
144662,13.075
144663,15.935
144664,7.735
144665,10.985
144666,6.78
144667,5.41
144668,6.595
144669,10.655
144670,8.25
144671,11.225
144672,6.93
144673,11.88
144674,8.41
144675,12.93
144676,12.81
144677,7.325
144678,7.835
144679,7.475
144680,6.96
144681,8.305
144682,9.3
144683,6.92
144684,8.885
144685,13.92
144686,7.795
144687,12.88
144688,12.055
144689,6.1
144690,6.255
144691,10.02
144692,8.505
144693,11.28
144694,11.56
144695,9.245
144696,8.575
144697,8.965
144698,8.43
144699,10.655
144700,13.315
144701,7.635
144702,8.04
144703,9.245
144704,8.385
144705,18.4
144706,5.975
144707,8.28
144708,8.73
144709,6.625
144710,7.63
144711,7.245
144712,13.46
144713,8.335
144714,10.955
144715,5.865
144716,9.15
144717,10.93
144718,9.605
144719,7.96
144720,10.255
144721,10.64
144722,11.295
144723,9.965
144724,4.8
144725,8.285
144726,12.87
144727,11.095
144728,9.445
144729,12.31
144730,6.905
144731,15.48
144732,9.515
144733,10.39
144734,16.285
144735,14.245
144736,6.59
144737,11.335
144738,6.725
144739,10.855
144740,10.465
144741,14.515
144742,9.09
144743,10.76
144744,16.86
144745,12.29
144746,11.34
144747,11.535
144748,7.32
144749,10.765
144750,10.42
144751,8.965
144752,8.375
144753,13.56
144754,11.605
144755,13.84
144756,11.82
144757,11.63
144758,14.85
144759,10.325
144760,11.255
144761,3.97
144762,9.205
144763,5.98
144764,5.78
144765,12.13
144766,9.565
144767,11.205
144768,5.625
144769,11.0
144770,18.675
144771,7.425
144772,8.425
144773,9.255
144774,14.745
144775,10.75
144776,11.12
144777,7.83
144778,9.635
144779,8.815
144780,12.13
144781,6.995
144782,18.94
144783,9.4
144784,10.3
144785,9.04
144786,11.605
144787,6.81
144788,8.59
144789,5.32
144790,7.03
144791,13.68
144792,14.955
144793,7.39
144794,17.66
144795,6.34
144796,7.735
144797,8.825
144798,10.01
144799,6.85
144800,9.895
144801,7.805
144802,9.31
144803,17.705
144804,7.825
144805,8.45
144806,10.15
144807,21.07
144808,12.095
144809,10.62
144810,12.08
144811,11.745
144812,16.135
144813,10.87
144814,14.055
144815,9.8
144816,9.06
144817,15.965
144818,11.515
144819,5.09
144820,4.96
144821,9.225
144822,10.9
144823,6.85
144824,6.75
144825,10.18
144826,11.31
144827,9.725
144828,3.72
144829,16.01
144830,10.415
144831,9.43
144832,9.115
144833,14.225
144834,12.85
144835,10.735
144836,13.045
144837,6.165
144838,11.5
144839,11.03
144840,10.99
144841,13.63
144842,15.115
144843,11.07
144844,11.98
144845,12.92
144846,11.77
144847,8.25
144848,11.78
144849,17.23
144850,9.285
144851,11.01
144852,6.525
144853,9.9
144854,11.71
144855,10.505
144856,18.02
144857,4.95
144858,12.11
144859,9.905
144860,10.22
144861,13.825
144862,10.895
144863,11.525
144864,12.93
144865,9.425
144866,15.195
144867,11.525
144868,18.14
144869,5.79
144870,15.28
144871,9.085
144872,7.18
144873,14.905
144874,10.22
144875,10.915
144876,6.865
144877,6.87
144878,9.39
144879,7.965
144880,9.67
144881,10.76
144882,10.545
144883,4.305
144884,9.315
144885,9.6
144886,9.7
144887,8.76
144888,10.285
144889,9.37
144890,12.765
144891,12.77
144892,12.77
144893,7.42
144894,9.915
144895,9.27
144896,9.325
144897,7.175
144898,10.965
144899,10.985
144900,9.46
144901,10.595
144902,7.975
144903,12.03
144904,5.465
144905,6.61
144906,11.025
144907,5.705
144908,6.595
144909,9.26
144910,7.94
144911,7.76
144912,13.06
144913,13.5
144914,17.815
144915,10.925
144916,12.255
144917,9.395
144918,9.645
144919,11.005
144920,7.125
144921,11.195
144922,6.11
144923,8.76
144924,8.165
144925,9.905
144926,9.205
144927,12.77
144928,9.96
144929,12.23
144930,12.885
144931,7.085
144932,9.54
144933,11.06
144934,10.925
144935,7.085
144936,11.14
144937,13.185
144938,9.475
144939,4.66
144940,7.97
144941,3.69
144942,8.345
144943,13.535
144944,4.88
144945,6.685
144946,11.235
144947,9.78
144948,8.855
144949,9.84
144950,11.255
144951,15.285
144952,7.83
144953,9.81
144954,11.265
144955,6.325
144956,9.37
144957,6.58
144958,12.42
144959,10.125
144960,10.1
144961,7.925
144962,7.555
144963,8.41
144964,11.865
144965,12.89
144966,12.22
144967,9.785
144968,6.82
144969,13.175
144970,4.07
144971,11.065
144972,6.215
144973,8.155
144974,10.025
144975,16.125
144976,9.24
144977,11.74
144978,13.87
144979,9.98
144980,11.1
144981,6.74
144982,4.62
144983,8.625
144984,8.935
144985,9.595
144986,9.685
144987,10.185
144988,8.85
144989,9.64
144990,11.815
144991,9.73
144992,8.01
144993,10.18
144994,5.12
144995,17.535
144996,9.57
144997,12.465
144998,12.325
144999,9.835
145000,9.445
145001,7.8
145002,12.3
145003,13.645
145004,10.945
145005,9.74
145006,13.345
145007,10.92
145008,11.085
145009,10.015
145010,9.43
145011,9.935
145012,8.71
145013,12.26
145014,5.97
145015,11.935
145016,14.4
145017,10.035
145018,6.43
145019,13.125
145020,9.69
145021,6.745
145022,8.43
145023,10.705
145024,11.33
145025,9.165
145026,6.185
145027,7.605
145028,9.7
145029,11.315
145030,14.125
145031,8.79
145032,10.695
145033,7.86
145034,6.745
145035,6.055
145036,6.09
145037,16.885
145038,8.45
145039,13.15
145040,11.97
145041,9.955
145042,7.355
145043,10.39
145044,15.245
145045,9.625
145046,10.475
145047,9.325
145048,11.13
145049,10.875
145050,11.75
145051,8.23
145052,10.8
145053,9.765
145054,10.285
145055,17.26
145056,11.09
145057,13.91
145058,7.02
145059,4.305
145060,14.76
145061,11.925
145062,8.79
145063,9.47
145064,8.86
145065,14.88
145066,14.615
145067,7.715
145068,8.755
145069,10.865
145070,8.025
145071,15.69
145072,16.195
145073,11.44
145074,7.95
145075,16.23
145076,10.9
145077,9.035
145078,7.865
145079,10.73
145080,13.175
145081,10.055
145082,9.83
145083,9.935
145084,8.245
145085,6.69
145086,9.835
145087,8.14
145088,6.74
145089,7.08
145090,13.83
145091,8.81
145092,8.475
145093,8.395
145094,6.67
145095,9.51
145096,9.4
145097,11.735
145098,9.02
145099,7.59
145100,10.755
145101,9.29
145102,6.72
145103,11.635
145104,4.89
145105,11.685
145106,5.01
145107,12.175
145108,10.575
145109,11.685
145110,13.605
145111,11.875
145112,10.805
145113,9.08
145114,6.47
145115,9.69
145116,11.59
145117,12.46
145118,9.77
145119,12.735
145120,8.53
145121,7.3
145122,8.18
145123,9.32
145124,7.855
145125,11.92
145126,7.455
145127,10.1
145128,9.495
145129,12.68
145130,15.935
145131,8.305
145132,14.535
145133,11.385
145134,9.725
145135,18.44
145136,6.875
145137,9.315
145138,12.25
145139,11.4
145140,15.34
145141,9.505
145142,9.035
145143,11.965
145144,11.875
145145,11.38
145146,9.42
145147,8.69
145148,10.445
145149,4.305
145150,12.77
145151,4.725
145152,10.905
145153,11.47
145154,12.335
145155,8.995
145156,8.09
145157,4.705
145158,9.565
145159,16.34
145160,10.255
145161,11.31
145162,7.29
145163,10.92
145164,7.16
145165,9.745
145166,8.54
145167,10.575
145168,10.425
145169,15.755
145170,10.015
145171,10.445
145172,11.195
145173,9.065
145174,11.885
145175,9.42
145176,13.775
145177,10.04
145178,11.14
145179,8.32
145180,13.145
145181,10.865
145182,11.15
145183,9.12
145184,8.54
145185,8.045
145186,11.61
145187,5.055
145188,7.345
145189,9.515
145190,11.16
145191,13.7
145192,14.02
145193,12.475
145194,9.535
145195,7.88
145196,13.45
145197,8.845
145198,7.575
145199,7.055
145200,8.755
145201,11.24
145202,11.39
145203,10.64
145204,7.885
145205,5.405
145206,11.19
145207,8.27
145208,10.88
145209,9.165
145210,8.775
145211,13.265
145212,10.51
145213,9.11
145214,6.39
145215,10.26
145216,9.965
145217,10.595
145218,6.96
145219,9.875
145220,12.33
145221,10.835
145222,9.495
145223,7.34
145224,10.615
145225,12.48
145226,10.605
145227,9.845
145228,7.685
145229,7.44
145230,11.11
145231,12.13
145232,4.785
145233,11.47
145234,9.345
145235,8.245
145236,14.105
145237,9.08
145238,10.15
145239,6.775
145240,11.38
145241,8.135
145242,20.115
145243,5.9
145244,6.725
145245,11.61
145246,11.6
145247,8.62
145248,10.925
145249,10.555
145250,9.575
145251,8.19
145252,6.18
145253,14.78
145254,4.88
145255,15.885
145256,10.005
145257,8.31
145258,11.805
145259,16.11
145260,11.05
145261,9.465
145262,12.31
145263,10.745
145264,12.72
145265,9.605
145266,7.925
145267,11.505
145268,10.535
145269,6.435
145270,10.21
145271,12.83
145272,9.515
145273,10.345
145274,14.145
145275,14.27
145276,8.155
145277,7.175
145278,10.19
145279,10.705
145280,9.345
145281,10.145
145282,7.725
145283,13.23
145284,9.725
145285,9.225
145286,18.205
145287,8.04
145288,7.615
145289,12.37
145290,9.805
145291,6.53
145292,14.815
145293,11.225
145294,15.14
145295,8.09
145296,9.24
145297,11.63
145298,11.345
145299,12.68
145300,10.73
145301,8.565
145302,9.28
145303,10.725
145304,9.645
145305,18.18
145306,6.115
145307,11.74
145308,10.59
145309,6.74
145310,8.565
145311,7.175
145312,7.985
145313,6.825
145314,8.825
145315,10.24
145316,15.36
145317,14.61
145318,13.755
145319,15.445
145320,9.745
145321,10.37
145322,9.685
145323,10.395
145324,12.025
145325,12.04
145326,10.195
145327,16.035
145328,9.665
145329,4.465
145330,17.0
145331,12.915
145332,11.615
145333,9.06
145334,14.805
145335,10.895
145336,9.73
145337,10.3
145338,9.77
145339,9.67
145340,11.075
145341,6.61
145342,10.01
145343,10.955
145344,4.965
145345,11.99
145346,6.8
145347,9.25
145348,10.43
145349,6.16
145350,10.525
145351,8.07
145352,11.795
145353,14.34
145354,8.905
145355,10.08
145356,8.76
145357,11.82
145358,10.09
145359,8.48
145360,7.93
145361,12.63
145362,18.615
145363,10.235
145364,6.96
145365,15.605
145366,11.425
145367,7.935
145368,10.345
145369,5.775
145370,10.69
145371,8.335
145372,10.26
145373,10.69
145374,13.33
145375,11.39
145376,6.69
145377,10.38
145378,7.495
145379,10.195
145380,12.835
145381,6.61
145382,14.13
145383,12.535
145384,9.555
145385,10.215
145386,9.615
145387,8.03
145388,13.14
145389,9.405
145390,8.05
145391,12.87
145392,5.035
145393,10.665
145394,7.3
145395,9.83
145396,11.385
145397,3.6
145398,9.26
145399,10.505
145400,6.54
145401,11.82
145402,7.88
145403,11.61
145404,9.33
145405,10.26
145406,13.795
145407,12.125
145408,7.97
145409,11.105
145410,15.275
145411,6.69
145412,9.79
145413,8.635
145414,8.225
145415,12.23
145416,11.46
145417,9.37
145418,9.69
145419,5.665
145420,10.485
145421,10.655
145422,8.245
145423,10.22
145424,5.845
145425,10.665
145426,9.565
145427,11.54
145428,7.06
145429,9.23
145430,7.32
145431,9.455
145432,6.355
145433,13.77
145434,9.965
145435,10.51
145436,5.825
145437,13.235
145438,13.015
145439,9.275
145440,9.195
145441,5.615
145442,10.525
145443,9.645
145444,9.065
145445,10.9
145446,11.995
145447,9.43
145448,10.34
145449,13.075
145450,9.035
145451,7.615
145452,13.035
145453,12.08
145454,5.82
145455,8.91
145456,10.995
145457,10.325
145458,7.23
145459,10.06
145460,10.745
145461,10.535
145462,7.99
145463,11.14
145464,10.87
145465,11.025
145466,9.095
145467,11.825
145468,13.005
145469,10.095
145470,6.66
145471,8.64
145472,10.295
145473,13.8
145474,7.395
145475,15.305
145476,16.38
145477,10.505
145478,11.985
145479,10.375
145480,11.75
145481,12.655
145482,8.97
145483,9.625
145484,11.09
145485,17.15
145486,6.475
145487,6.85
145488,7.69
145489,15.67
145490,14.135
145491,7.89
145492,7.82
145493,6.59
145494,9.845
145495,6.17
145496,6.655
145497,12.355
145498,8.81
145499,14.635
145500,14.485
145501,14.505
145502,12.755
145503,10.85
145504,15.62
145505,9.66
145506,11.07
145507,14.435
145508,6.755
145509,13.26
145510,7.07
145511,10.495
145512,8.47
145513,5.635
145514,7.485
145515,10.66
145516,10.04
145517,10.23
145518,12.18
145519,6.12
145520,17.365
145521,10.66
145522,9.415
145523,8.885
145524,12.925
145525,11.43
145526,10.045
145527,9.325
145528,8.065
145529,7.06
145530,9.875
145531,7.165
145532,8.15
145533,6.7
145534,8.475
145535,8.63
145536,8.135
145537,8.945
145538,12.345
145539,12.015
145540,9.835
145541,10.21
145542,9.96
145543,12.27
145544,17.61
145545,11.545
145546,5.545
145547,15.825
145548,8.47
145549,9.31
145550,13.585
145551,14.67
145552,10.215
145553,11.765
145554,12.625
145555,7.11
145556,10.68
145557,7.625
145558,15.58
145559,12.355
145560,9.29
145561,10.525
145562,12.345
145563,10.985
145564,13.16
145565,7.83
145566,10.425
145567,10.63
145568,9.205
145569,6.535
145570,8.49
145571,8.7
145572,6.91
145573,11.355
145574,9.845
145575,8.44
145576,9.365
145577,10.54
145578,13.425
145579,15.695
145580,7.84
145581,6.855
145582,15.595
145583,9.93
145584,14.365
145585,11.51
145586,7.53
145587,5.535
145588,12.185
145589,7.82
145590,12.89
145591,10.375
145592,9.175
145593,8.555
145594,11.305
145595,6.06
145596,9.975
145597,10.495
145598,12.305
145599,12.285
145600,8.69
145601,9.745
145602,10.65
145603,9.145
145604,8.545
145605,11.105
145606,10.32
145607,7.97
145608,5.98
145609,8.765
145610,12.44
145611,14.095
145612,9.665
145613,11.22
145614,8.995
145615,9.055
145616,9.54
145617,14.6
145618,7.295
145619,10.095
145620,9.87
145621,15.36
145622,5.785
145623,10.695
145624,4.955
145625,9.39
145626,12.99
145627,6.625
145628,10.905
145629,12.595
145630,9.535
145631,9.27
145632,8.73
145633,6.48
145634,11.32
145635,12.625
145636,9.77
145637,9.205
145638,6.81
145639,10.4
145640,9.265
145641,8.58
145642,7.835
145643,7.395
145644,9.82
145645,10.905
145646,6.725
145647,6.45
145648,4.565
145649,6.485
145650,11.39
145651,12.05
145652,6.89
145653,9.295
145654,10.56
145655,10.7
145656,9.695
145657,11.44
145658,10.305
145659,9.195
145660,9.26
145661,10.93
145662,16.36
145663,11.085
145664,9.725
145665,9.03
145666,9.785
145667,7.03
145668,8.945
145669,6.625
145670,12.28
145671,8.36
145672,10.65
145673,4.175
145674,14.56
145675,4.105
145676,13.07
145677,8.485
145678,12.325
145679,6.065
145680,11.765
145681,10.635
145682,7.225
145683,9.595
145684,9.805
145685,15.945
145686,9.83
145687,15.58
145688,4.545
145689,11.02
145690,4.06
145691,15.295
145692,8.905
145693,8.5
145694,4.445
145695,10.02
145696,11.785
145697,4.315
145698,14.03
145699,10.815
145700,12.72
145701,3.76
145702,10.795
145703,5.98
145704,8.37
145705,9.16
145706,10.635
145707,9.99
145708,7.01
145709,16.89
145710,7.355
145711,13.02
145712,8.185
145713,10.785
145714,6.94
145715,16.78
145716,5.13
145717,10.485
145718,10.1
145719,8.34
145720,8.95
145721,10.125
145722,11.345
145723,6.615
145724,8.685
145725,11.985
145726,9.67
145727,10.25
145728,6.72
145729,11.645
145730,14.215
145731,7.565
145732,9.4
145733,9.165
145734,18.305
145735,9.77
145736,10.445
145737,8.115
145738,7.68
145739,9.845
145740,11.255
145741,9.44
145742,15.825
145743,6.865
145744,9.005
145745,10.635
145746,11.055
145747,10.405
145748,9.455
145749,4.17
145750,10.43
145751,8.615
145752,12.835
145753,6.42
145754,9.305
145755,8.745
145756,7.805
145757,10.755
145758,5.835
145759,12.315
145760,8.9
145761,15.88
145762,16.04
145763,9.54
145764,11.63
145765,7.28
145766,10.925
145767,9.93
145768,9.235
145769,10.96
145770,11.115
145771,6.94
145772,6.69
145773,10.415
145774,10.76
145775,9.245
145776,6.31
145777,5.305
145778,17.13
145779,10.7
145780,14.335
145781,11.3
145782,9.435
145783,14.105
145784,12.075
145785,9.035
145786,5.895
145787,13.035
145788,9.14
145789,11.305
145790,4.61
145791,10.545
145792,6.525
145793,7.76
145794,9.105
145795,9.76
145796,12.86
145797,12.005
145798,12.16
145799,7.735
145800,4.82
145801,14.49
145802,8.86
145803,9.025
145804,10.72
145805,9.69
145806,6.335
145807,12.23
145808,5.8
145809,9.48
145810,12.09
145811,11.945
145812,8.13
145813,9.6
145814,11.12
145815,9.325
145816,10.52
145817,5.795
145818,10.07
145819,8.23
145820,14.0
145821,11.405
145822,10.105
145823,15.23
145824,11.23
145825,9.175
145826,11.88
145827,13.265
145828,11.625
145829,9.045
145830,5.075
145831,11.335
145832,9.66
145833,10.83
145834,8.78
145835,12.16
145836,7.735
145837,10.49
145838,3.875
145839,5.24
145840,11.24
145841,11.69
145842,8.51
145843,12.055
145844,10.565
145845,11.025
145846,7.845
145847,15.195
145848,9.955
145849,9.615
145850,14.12
145851,7.8
145852,11.035
145853,11.98
145854,19.14
145855,11.7
145856,11.035
145857,5.565
145858,7.995
145859,7.92
145860,9.975
145861,6.07
145862,9.01
145863,9.105
145864,10.92
145865,15.485
145866,11.99
145867,17.9
145868,8.01
145869,10.43
145870,6.64
145871,10.465
145872,6.625
145873,12.505
145874,8.585
145875,9.64
145876,9.18
145877,13.265
145878,9.775
145879,14.17
145880,11.65
145881,16.035
145882,14.15
145883,16.72
145884,9.54
145885,18.485
145886,5.205
145887,9.285
145888,11.3
145889,12.565
145890,11.265
145891,10.69
145892,10.24
145893,10.06
145894,10.11
145895,10.99
145896,9.785
145897,10.84
145898,10.41
145899,6.715
145900,6.01
145901,10.19
145902,7.225
145903,6.685
145904,9.65
145905,9.24
145906,8.77
145907,11.06
145908,13.175
145909,10.075
145910,6.885
145911,8.715
145912,10.03
145913,11.915
145914,8.025
145915,10.98
145916,10.91
145917,10.61
145918,14.605
145919,6.665
145920,5.61
145921,15.825
145922,12.23
145923,8.71
145924,10.315
145925,4.14
145926,10.695
145927,10.475
145928,7.52
145929,10.425
145930,8.975
145931,11.38
145932,12.29
145933,9.58
145934,11.525
145935,5.76
145936,10.4
145937,6.77
145938,12.325
145939,9.495
145940,15.515
145941,6.425
145942,14.04
145943,8.42
145944,7.435
145945,7.985
145946,14.95
145947,8.205
145948,11.835
145949,7.78
145950,10.985
145951,9.695
145952,12.85
145953,11.735
145954,9.33
145955,6.575
145956,10.3
145957,7.81
145958,11.78
145959,8.935
145960,4.795
145961,6.345
145962,6.735
145963,10.49
145964,9.645
145965,6.425
145966,17.415
145967,12.62
145968,17.275
145969,11.58
145970,10.095
145971,4.63
145972,6.585
145973,10.26
145974,5.22
145975,5.57
145976,5.55
145977,11.57
145978,5.845
145979,8.295
145980,6.81
145981,7.025
145982,9.54
145983,7.93
145984,10.87
145985,9.29
145986,8.41
145987,10.68
145988,9.28
145989,11.02
145990,14.14
145991,12.39
145992,12.16
145993,9.0
145994,5.345
145995,10.49
145996,12.14
145997,15.205
145998,14.09
145999,8.66
146000,13.195
146001,12.965
146002,12.585
146003,12.77
146004,14.635
146005,9.97
146006,11.105
146007,10.735
146008,9.075
146009,10.03
146010,11.44
146011,9.37
146012,8.025
146013,11.375
146014,6.235
146015,9.1
146016,15.4
146017,11.235
146018,9.07
146019,12.815
146020,10.355
146021,12.54
146022,9.995
146023,6.93
146024,13.37
146025,8.53
146026,9.88
146027,12.035
146028,10.235
146029,10.935
146030,17.94
146031,10.18
146032,10.035
146033,10.835
146034,16.57
146035,5.01
146036,10.805
146037,10.795
146038,10.13
146039,9.26
146040,13.35
146041,6.975
146042,5.015
146043,13.405
146044,15.705
146045,13.18
146046,9.465
146047,6.82
146048,7.175
146049,8.605
146050,8.08
146051,15.22
146052,9.24
146053,9.415
146054,11.13
146055,10.56
146056,7.74
146057,11.545
146058,11.02
146059,10.595
146060,5.89
146061,9.585
146062,11.78
146063,9.605
146064,13.305
146065,17.805
146066,15.565
146067,11.31
146068,15.58
146069,7.32
146070,9.515
146071,12.42
146072,7.445
146073,5.78
146074,9.245
146075,11.28
146076,12.41
146077,4.775
146078,15.575
146079,7.845
146080,10.89
146081,9.435
146082,10.035
146083,5.76
146084,11.34
146085,5.015
146086,8.455
146087,6.31
146088,12.055
146089,4.675
146090,6.7
146091,11.43
146092,13.365
146093,12.24
146094,8.68
146095,6.555
146096,16.48
146097,11.61
146098,13.915
146099,10.2
146100,12.95
146101,19.77
146102,8.67
146103,4.635
146104,13.82
146105,14.335
146106,14.16
146107,13.33
146108,10.515
146109,10.565
146110,16.64
146111,13.33
146112,12.355
146113,15.78
146114,12.16
146115,10.245
146116,6.81
146117,11.325
146118,10.54
146119,8.995
146120,11.895
146121,8.005
146122,9.38
146123,11.3
146124,9.685
146125,8.14
146126,10.3
146127,10.165
146128,10.04
146129,9.955
146130,5.16
146131,10.88
146132,10.885
146133,10.855
146134,7.23
146135,14.745
146136,5.915
146137,10.25
146138,8.695
146139,9.375
146140,9.33
146141,16.55
146142,12.035
146143,7.97
146144,5.54
146145,12.91
146146,10.53
146147,4.525
146148,10.77
146149,10.39
146150,6.62
146151,8.98
146152,4.2
146153,9.3
146154,7.055
146155,14.515
146156,7.965
146157,14.37
146158,12.705
146159,5.89
146160,10.47
146161,10.1
146162,11.36
146163,7.11
146164,7.205
146165,8.47
146166,7.01
146167,4.715
146168,4.905
146169,10.62
146170,13.24
146171,9.13
146172,11.315
146173,8.19
146174,9.265
146175,10.48
146176,10.15
146177,9.26
146178,6.785
146179,7.565
146180,8.885
146181,10.74
146182,7.4
146183,5.295
146184,11.445
146185,7.955
146186,7.4
146187,11.365
146188,14.845
146189,8.955
146190,11.725
146191,7.98
146192,4.26
146193,9.8
146194,9.595
146195,11.96
146196,6.675
146197,10.25
146198,6.25
146199,10.36
146200,7.555
146201,8.545
146202,14.025
146203,11.135
146204,9.865
146205,10.74
146206,10.935
146207,10.285
146208,9.115
146209,7.075
146210,9.885
146211,6.935
146212,10.96
146213,7.665
146214,11.7
146215,10.655
146216,8.145
146217,10.115
146218,17.11
146219,10.89
146220,14.57
146221,8.725
146222,10.705
146223,9.56
146224,10.225
146225,15.27
146226,9.835
146227,8.36
146228,11.96
146229,14.19
146230,9.485
146231,9.8
146232,9.26
146233,10.21
146234,14.89
146235,14.675
146236,10.0
146237,10.535
146238,9.125
146239,11.19
146240,16.965
146241,10.87
146242,4.895
146243,8.435
146244,9.095
146245,14.8
146246,9.365
146247,5.62
146248,7.86
146249,8.355
146250,9.305
146251,9.765
146252,9.45
146253,12.61
146254,8.07
146255,7.77
146256,11.15
146257,9.455
146258,13.33
146259,12.4
146260,11.335
146261,11.495
146262,10.595
146263,9.79
146264,9.325
146265,11.54
146266,11.15
146267,7.89
146268,7.5
146269,4.885
146270,9.33
146271,4.97
146272,8.27
146273,8.06
146274,7.84
146275,16.485
146276,8.645
146277,8.155
146278,6.885
146279,11.035
146280,5.325
146281,4.665
146282,12.66
146283,14.07
146284,6.745
146285,13.89
146286,10.0
146287,7.86
146288,13.26
146289,10.42
146290,8.285
146291,4.625
146292,10.1
146293,7.645
146294,11.63
146295,7.845
146296,11.425
146297,7.98
146298,11.11
146299,3.72
146300,7.94
146301,9.865
146302,5.95
146303,9.895
146304,9.675
146305,12.615
146306,19.085
146307,9.425
146308,8.125
146309,12.13
146310,10.08
146311,7.62
146312,3.795
146313,9.17
146314,9.635
146315,5.825
146316,9.02
146317,11.665
146318,11.985
146319,11.025
146320,4.895
146321,12.735
146322,8.36
146323,9.315
146324,16.68
146325,11.425
146326,11.22
146327,10.97
146328,11.005
146329,11.76
146330,12.485
146331,6.48
146332,7.795
146333,4.915
146334,6.375
146335,11.265
146336,13.5
146337,10.39
146338,11.395
146339,10.56
146340,11.01
146341,7.695
146342,10.145
146343,10.175
146344,9.01
146345,7.185
146346,8.955
146347,10.745
146348,9.26
146349,11.155
146350,10.755
146351,10.605
146352,9.815
146353,8.095
146354,12.35
146355,9.875
146356,9.59
146357,7.13
146358,6.49
146359,16.94
146360,10.285
146361,3.9
146362,17.325
146363,9.96
146364,11.315
146365,9.44
146366,10.825
146367,11.77
146368,9.645
146369,9.385
146370,11.98
146371,12.805
146372,10.045
146373,11.495
146374,11.52
146375,6.715
146376,9.295
146377,14.19
146378,14.52
146379,6.565
146380,10.845
146381,12.6
146382,10.65
146383,9.25
146384,11.22
146385,11.195
146386,7.7
146387,9.765
146388,8.735
146389,10.11
146390,8.845
146391,13.41
146392,12.81
146393,6.435
146394,7.455
146395,14.645
146396,9.44
146397,7.245
146398,6.725
146399,9.82
146400,8.59
146401,12.065
146402,14.185
146403,7.065
146404,6.72
146405,9.33
146406,9.49
146407,8.175
146408,9.785
146409,14.705
146410,11.265
146411,11.185
146412,12.76
146413,9.835
146414,7.92
146415,7.38
146416,7.845
146417,11.17
146418,14.17
146419,10.805
146420,8.405
146421,8.52
146422,13.09
146423,3.905
146424,11.96
146425,10.515
146426,7.93
146427,10.475
146428,11.22
146429,7.95
146430,9.3
146431,8.28
146432,8.32
146433,12.18
146434,10.53
146435,12.71
146436,11.25
146437,10.525
146438,7.4
146439,12.395
146440,4.24
146441,6.935
146442,7.13
146443,10.435
146444,4.685
146445,8.08
146446,4.22
146447,11.975
146448,6.855
146449,7.33
146450,10.15
146451,8.905
146452,9.195
146453,10.455
146454,8.16
146455,8.14
146456,9.355
146457,9.505
146458,11.1
146459,6.625
146460,9.91
146461,16.29
146462,11.67
146463,8.665
146464,7.825
146465,7.54
146466,14.915
146467,8.27
146468,11.645
146469,11.525
146470,11.265
146471,10.005
146472,12.08
146473,10.59
146474,15.04
146475,10.47
146476,15.075
146477,11.205
146478,8.61
146479,7.72
146480,10.515
146481,12.915
146482,7.03
146483,10.94
146484,7.63
146485,14.71
146486,9.3
146487,11.02
146488,11.835
146489,10.63
146490,10.575
146491,6.67
146492,9.205
146493,9.24
146494,9.44
146495,11.05
146496,9.595
146497,13.13
146498,15.075
146499,10.865
146500,11.845
146501,7.29
146502,11.01
146503,10.23
146504,12.21
146505,9.05
146506,9.81
146507,12.33
146508,6.635
146509,11.875
146510,12.83
146511,13.395
146512,8.995
146513,9.07
146514,11.955
146515,8.03
146516,8.69
146517,10.37
146518,12.225
146519,9.51
146520,5.205
146521,8.635
146522,9.515
146523,11.515
146524,8.62
146525,10.38
146526,10.44
146527,12.4
146528,10.155
146529,16.725
146530,9.145
146531,9.02
146532,7.92
146533,9.475
146534,6.895
146535,4.425
146536,9.79
146537,10.59
146538,16.245
146539,10.905
146540,6.775
146541,5.775
146542,10.0
146543,4.89
146544,7.64
146545,9.205
146546,11.03
146547,10.295
146548,12.405
146549,16.71
146550,11.38
146551,11.165
146552,13.34
146553,3.695
146554,7.68
146555,7.775
146556,11.285
146557,7.78
146558,11.99
146559,10.25
146560,13.67
146561,10.89
146562,6.855
146563,10.135
146564,15.47
146565,11.25
146566,8.875
146567,9.32
146568,11.34
146569,13.835
146570,12.46
146571,8.67
146572,18.705
146573,9.895
146574,12.565
146575,10.255
146576,10.03
146577,10.105
146578,12.555
146579,9.405
146580,8.495
146581,17.855
146582,6.92
146583,5.285
146584,9.53
146585,18.535
146586,10.66
146587,10.485
146588,4.17
146589,7.94
146590,13.83
146591,14.665
146592,13.415
146593,11.69
146594,11.98
146595,11.725
146596,10.915
146597,11.92
146598,10.525
146599,16.315
146600,9.0
146601,11.39
146602,7.52
146603,10.41
146604,9.79
146605,5.865
146606,9.0
146607,9.215
146608,9.17
146609,10.38
146610,10.59
146611,10.715
146612,14.2
146613,5.305
146614,9.26
146615,9.165
146616,12.605
146617,11.61
146618,15.225
146619,11.555
146620,3.69
146621,10.38
146622,12.74
146623,10.875
146624,7.845
146625,10.58
146626,8.42
146627,5.675
146628,14.365
146629,8.56
146630,10.785
146631,9.305
146632,9.9
146633,9.255
146634,4.79
146635,9.685
146636,10.565
146637,12.14
146638,7.555
146639,10.8
146640,14.115
146641,12.665
146642,14.11
146643,9.975
146644,12.19
146645,9.675
146646,11.015
146647,3.99
146648,14.57
146649,6.545
146650,8.715
146651,9.405
146652,10.135
146653,9.64
146654,9.12
146655,10.48
146656,13.655
146657,8.35
146658,6.575
146659,7.95
146660,8.145
146661,14.525
146662,9.67
146663,9.205
146664,7.425
146665,9.58
146666,7.48
146667,6.82
146668,10.835
146669,9.115
146670,9.595
146671,5.09
146672,9.915
146673,8.235
146674,4.565
146675,9.725
146676,11.03
146677,8.775
146678,13.935
146679,12.735
146680,11.015
146681,8.505
146682,4.745
146683,7.325
146684,10.395
146685,10.435
146686,11.93
146687,9.2
146688,5.395
146689,7.98
146690,10.58
146691,6.09
146692,11.095
146693,10.64
146694,7.705
146695,13.475
146696,9.53
146697,9.065
146698,8.265
146699,8.905
146700,7.0
146701,5.035
146702,8.825
146703,9.775
146704,11.72
146705,6.19
146706,3.98
146707,8.115
146708,10.585
146709,11.455
146710,11.495
146711,9.84
146712,13.95
146713,8.36
146714,12.305
146715,8.73
146716,5.39
146717,7.885
146718,9.81
146719,8.07
146720,11.28
146721,18.18
146722,8.5
146723,7.745
146724,9.33
146725,14.915
146726,12.515
146727,14.83
146728,6.595
146729,9.605
146730,14.93
146731,8.485
146732,10.015
146733,10.985
146734,11.25
146735,10.42
146736,13.085
146737,6.515
146738,7.055
146739,10.275
146740,10.695
146741,10.0
146742,10.355
146743,12.7
146744,10.945
146745,9.705
146746,11.62
146747,10.61
146748,13.805
146749,11.68
146750,8.55
146751,11.055
146752,7.345
146753,8.955
146754,11.515
146755,14.59
146756,11.045
146757,7.16
146758,11.735
146759,9.835
146760,15.48
146761,6.915
146762,9.525
146763,14.865
146764,10.485
146765,10.92
146766,11.07
146767,11.0
146768,12.65
146769,8.91
146770,4.73
146771,13.88
146772,9.63
146773,11.41
146774,10.685
146775,11.275
146776,9.26
146777,8.735
146778,9.89
146779,10.145
146780,10.65
146781,11.92
146782,9.65
146783,7.785
146784,10.085
146785,7.38
146786,10.565
146787,14.43
146788,11.205
146789,10.89
146790,10.81
146791,13.905
146792,10.98
146793,10.89
146794,9.98
146795,10.89
146796,8.155
146797,9.585
146798,11.535
146799,9.325
146800,10.93
146801,7.32
146802,9.43
146803,9.63
146804,12.23
146805,10.17
146806,8.825
146807,9.85
146808,8.075
146809,10.77
146810,15.165
146811,10.4
146812,10.685
146813,9.965
146814,11.0
146815,9.59
146816,10.3
146817,10.9
146818,8.955
146819,11.015
146820,8.075
146821,7.96
146822,10.76
146823,11.215
146824,10.96
146825,8.65
146826,14.67
146827,6.78
146828,12.88
146829,11.025
146830,10.67
146831,10.01
146832,12.16
146833,11.51
146834,6.605
146835,15.76
146836,9.56
146837,10.41
146838,12.945
146839,9.9
146840,10.64
146841,11.805
146842,12.415
146843,8.7
146844,10.46
146845,12.81
146846,16.38
146847,12.36
146848,11.54
146849,7.25
146850,8.225
146851,12.175
146852,5.95
146853,8.58
146854,7.77
146855,7.0
146856,16.22
146857,7.245
146858,7.095
146859,8.425
146860,7.44
146861,5.0
146862,13.62
146863,8.6
146864,11.545
146865,15.995
146866,14.72
146867,13.14
146868,7.025
146869,10.955
146870,15.025
146871,14.96
146872,14.025
146873,10.06
146874,14.705
146875,9.25
146876,11.085
146877,11.84
146878,8.82
146879,7.645
146880,9.825
146881,15.32
146882,10.69
146883,7.87
146884,8.815
146885,8.21
146886,8.305
146887,13.745
146888,7.1
146889,12.01
146890,12.165
146891,9.61
146892,9.78
146893,16.185
146894,10.265
146895,9.64
146896,10.475
146897,10.375
146898,6.105
146899,5.515
146900,9.09
146901,8.22
146902,10.42
146903,13.575
146904,8.49
146905,8.48
146906,7.88
146907,12.85
146908,11.755
146909,12.86
146910,9.625
146911,8.12
146912,17.39
146913,8.99
146914,10.465
146915,7.2
146916,9.11
146917,6.89
146918,7.865
146919,10.515
146920,12.675
146921,11.82
146922,9.04
146923,11.49
146924,11.095
146925,15.93
146926,10.555
146927,12.565
146928,10.69
146929,8.01
146930,12.545
146931,8.12
146932,11.02
146933,7.08
146934,11.22
146935,9.38
146936,7.445
146937,9.345
146938,12.36
146939,11.14
146940,4.495
146941,10.655
146942,12.775
146943,10.37
146944,9.84
146945,6.065
146946,18.01
146947,12.55
146948,9.095
146949,9.61
146950,7.825
146951,10.615
146952,12.44
146953,14.24
146954,10.97
146955,12.475
146956,8.405
146957,10.09
146958,9.75
146959,7.56
146960,9.695
146961,8.565
146962,9.835
146963,12.105
146964,4.31
146965,5.625
146966,9.82
146967,10.88
146968,10.65
146969,9.295
146970,14.645
146971,3.575
146972,10.52
146973,9.415
146974,12.275
146975,10.755
146976,10.22
146977,9.615
146978,7.04
146979,7.975
146980,15.16
146981,7.145
146982,14.135
146983,9.51
146984,13.635
146985,13.055
146986,10.09
146987,10.36
146988,9.005
146989,9.17
146990,14.305
146991,13.685
146992,10.655
146993,6.975
146994,6.45
146995,9.355
146996,3.545
146997,11.445
146998,10.605
146999,9.165
147000,6.775
147001,10.945
147002,14.835
147003,13.86
147004,9.78
147005,6.125
147006,11.465
147007,7.115
147008,12.11
147009,8.695
147010,5.46
147011,14.58
147012,11.76
147013,10.93
147014,10.34
147015,9.39
147016,6.41
147017,9.805
147018,13.57
147019,4.725
147020,9.43
147021,14.445
147022,8.995
147023,10.52
147024,11.875
147025,10.235
147026,10.3
147027,9.03
147028,9.825
147029,9.73
147030,9.68
147031,7.98
147032,14.06
147033,9.77
147034,5.195
147035,6.9
147036,11.395
147037,9.975
147038,10.115
147039,9.36
147040,6.525
147041,8.085
147042,11.08
147043,10.885
147044,8.74
147045,6.69
147046,7.895
147047,9.205
147048,12.35
147049,10.815
147050,10.165
147051,9.325
147052,8.465
147053,6.93
147054,14.36
147055,9.485
147056,5.67
147057,10.43
147058,5.99
147059,11.915
147060,11.68
147061,13.31
147062,10.71
147063,7.21
147064,14.355
147065,8.34
147066,11.15
147067,10.1
147068,15.71
147069,17.41
147070,11.085
147071,16.275
147072,5.11
147073,10.57
147074,9.365
147075,10.45
147076,9.29
147077,12.47
147078,8.64
147079,5.49
147080,11.2
147081,7.32
147082,10.025
147083,13.995
147084,5.265
147085,10.68
147086,10.56
147087,13.06
147088,8.635
147089,8.025
147090,8.425
147091,10.755
147092,6.74
147093,12.995
147094,13.985
147095,10.235
147096,8.755
147097,11.015
147098,9.185
147099,10.83
147100,9.605
147101,9.29
147102,6.48
147103,11.62
147104,5.335
147105,12.235
147106,6.57
147107,9.39
147108,9.605
147109,11.16
147110,10.52
147111,12.75
147112,7.205
147113,4.905
147114,11.96
147115,10.755
147116,9.835
147117,12.24
147118,13.49
147119,12.335
147120,15.42
147121,8.005
147122,5.88
147123,12.31
147124,8.405
147125,9.87
147126,15.5
147127,10.075
147128,7.17
147129,11.105
147130,12.805
147131,6.8
147132,11.5
147133,11.415
147134,14.51
147135,12.06
147136,11.995
147137,7.985
147138,11.265
147139,10.06
147140,18.475
147141,7.22
147142,16.54
147143,14.425
147144,9.135
147145,6.955
147146,4.05
147147,16.395
147148,10.775
147149,10.57
147150,9.98
147151,14.91
147152,8.885
147153,7.3
147154,8.145
147155,12.835
147156,10.925
147157,12.205
147158,6.69
147159,14.365
147160,8.135
147161,9.605
147162,6.77
147163,9.21
147164,6.625
147165,4.865
147166,10.535
147167,11.425
147168,11.365
147169,10.605
147170,12.31
147171,9.565
147172,10.23
147173,11.0
147174,9.64
147175,9.475
147176,14.355
147177,14.71
147178,6.495
147179,11.09
147180,6.745
147181,11.92
147182,8.63
147183,10.33
147184,8.96
147185,10.88
147186,4.95
147187,12.835
147188,12.275
147189,10.555
147190,8.19
147191,9.605
147192,11.14
147193,10.355
147194,9.555
147195,6.68
147196,14.475
147197,12.22
147198,13.705
147199,12.195
147200,10.975
147201,12.945
147202,10.205
147203,9.07
147204,17.85
147205,7.88
147206,13.145
147207,11.36
147208,8.73
147209,9.18
147210,4.585
147211,9.755
147212,15.235
147213,11.075
147214,8.13
147215,15.865
147216,16.55
147217,12.935
147218,9.305
147219,7.455
147220,4.55
147221,18.075
147222,9.21
147223,6.86
147224,4.535
147225,7.625
147226,16.135
147227,10.34
147228,8.16
147229,11.4
147230,9.485
147231,10.29
147232,9.965
147233,11.28
147234,6.695
147235,9.405
147236,6.24
147237,10.49
147238,9.945
147239,14.04
147240,8.45
147241,9.265
147242,11.905
147243,10.915
147244,11.945
147245,9.115
147246,9.12
147247,10.585
147248,11.445
147249,7.885
147250,12.325
147251,8.145
147252,10.55
147253,10.835
147254,6.365
147255,8.89
147256,11.525
147257,11.11
147258,10.325
147259,7.855
147260,11.62
147261,12.885
147262,11.465
147263,14.475
147264,10.36
147265,13.21
147266,8.28
147267,6.24
147268,7.975
147269,12.53
147270,12.22
147271,9.095
147272,11.82
147273,9.71
147274,7.485
147275,9.0
147276,9.515
147277,9.495
147278,11.44
147279,9.05
147280,7.765
147281,8.045
147282,10.975
147283,9.29
147284,4.845
147285,11.255
147286,9.585
147287,16.525
147288,12.015
147289,7.645
147290,9.58
147291,8.97
147292,5.58
147293,8.835
147294,6.935
147295,10.65
147296,9.77
147297,4.95
147298,13.185
147299,10.535
147300,10.465
147301,6.51
147302,7.06
147303,7.965
147304,7.91
147305,6.63
147306,10.035
147307,11.715
147308,4.84
147309,9.625
147310,16.935
147311,11.775
147312,13.875
147313,10.335
147314,10.92
147315,12.075
147316,18.525
147317,5.93
147318,15.7
147319,8.525
147320,6.5
147321,10.525
147322,7.91
147323,9.66
147324,9.495
147325,6.765
147326,6.375
147327,10.94
147328,10.325
147329,8.365
147330,16.84
147331,6.745
147332,4.82
147333,5.7
147334,10.735
147335,10.995
147336,11.495
147337,7.795
147338,8.305
147339,6.925
147340,10.2
147341,13.615
147342,13.54
147343,14.28
147344,10.385
147345,10.05
147346,10.275
147347,8.04
147348,13.0
147349,10.29
147350,12.48
147351,7.73
147352,8.455
147353,14.25
147354,8.6
147355,10.685
147356,12.51
147357,11.6
147358,8.805
147359,8.84
147360,7.055
147361,10.185
147362,15.93
147363,7.69
147364,12.335
147365,10.255
147366,8.94
147367,5.84
147368,12.8
147369,9.655
147370,11.925
147371,7.135
147372,9.795
147373,8.355
147374,8.125
147375,10.925
147376,12.895
147377,11.61
147378,9.95
147379,14.37
147380,9.075
147381,4.36
147382,13.25
147383,10.54
147384,7.355
147385,17.67
147386,9.315
147387,8.515
147388,7.27
147389,7.065
147390,7.73
147391,6.895
147392,6.985
147393,7.57
147394,12.98
147395,9.045
147396,5.335
147397,15.82
147398,10.32
147399,10.92
147400,9.63
147401,7.45
147402,10.22
147403,14.87
147404,10.615
147405,10.31
147406,12.54
147407,7.73
147408,18.675
147409,10.295
147410,8.795
147411,8.035
147412,10.595
147413,12.79
147414,7.105
147415,16.46
147416,6.755
147417,6.175
147418,4.405
147419,10.705
147420,10.54
147421,9.845
147422,12.58
147423,5.43
147424,12.67
147425,12.24
147426,4.99
147427,11.56
147428,13.785
147429,10.89
147430,11.525
147431,10.8
147432,10.38
147433,12.76
147434,13.23
147435,11.955
147436,12.425
147437,6.67
147438,9.945
147439,12.725
147440,9.51
147441,14.775
147442,9.18
147443,8.955
147444,12.62
147445,12.125
147446,7.865
147447,8.73
147448,10.405
147449,8.17
147450,11.04
147451,8.91
147452,15.255
147453,11.665
147454,15.67
147455,8.3
147456,10.31
147457,10.125
147458,7.24
147459,12.555
147460,8.975
147461,11.24
147462,7.8
147463,9.05
147464,9.9
147465,13.945
147466,11.605
147467,13.395
147468,8.485
147469,10.525
147470,10.585
147471,12.87
147472,6.78
147473,9.59
147474,9.65
147475,11.435
147476,9.175
147477,10.18
147478,11.165
147479,8.175
147480,9.575
147481,13.585
147482,13.775
147483,12.515
147484,13.45
147485,10.45
147486,11.68
147487,4.575
147488,11.835
147489,10.305
147490,9.58
147491,10.775
147492,10.685
147493,11.43
147494,11.475
147495,10.265
147496,11.64
147497,9.16
147498,10.995
147499,9.975
147500,13.05
147501,10.32
147502,10.73
147503,8.855
147504,11.775
147505,11.4
147506,8.645
147507,5.78
147508,8.66
147509,9.33
147510,9.065
147511,5.98
147512,13.665
147513,9.615
147514,10.7
147515,11.26
147516,12.12
147517,10.895
147518,16.54
147519,8.1
147520,10.885
147521,13.575
147522,12.64
147523,8.09
147524,8.945
147525,6.475
147526,8.19
147527,10.465
147528,12.67
147529,10.59
147530,10.7
147531,16.34
147532,10.93
147533,7.97
147534,10.785
147535,6.065
147536,12.565
147537,13.79
147538,6.815
147539,10.845
147540,8.05
147541,10.725
147542,6.94
147543,17.185
147544,15.975
147545,9.585
147546,11.155
147547,11.795
147548,11.195
147549,16.8
147550,10.455
147551,3.995
147552,14.86
147553,16.735
147554,9.54
147555,6.62
147556,13.505
147557,5.685
147558,5.93
147559,11.145
147560,9.62
147561,10.835
147562,8.525
147563,5.465
147564,7.195
147565,14.52
147566,11.79
147567,13.16
147568,6.55
147569,10.1
147570,12.3
147571,9.455
147572,9.955
147573,11.125
147574,11.32
147575,16.135
147576,12.805
147577,12.955
147578,9.405
147579,7.49
147580,5.34
147581,9.36
147582,17.69
147583,7.61
147584,4.03
147585,14.295
147586,8.37
147587,10.585
147588,9.53
147589,14.925
147590,10.86
147591,16.81
147592,11.845
147593,14.27
147594,10.72
147595,13.9
147596,9.07
147597,16.28
147598,11.845
147599,11.99
147600,10.975
147601,6.595
147602,8.0
147603,12.145
147604,8.805
147605,12.64
147606,10.93
147607,12.825
147608,12.47
147609,14.09
147610,16.36
147611,11.29
147612,7.905
147613,10.42
147614,5.715
147615,7.145
147616,10.11
147617,16.325
147618,12.505
147619,8.355
147620,9.66
147621,9.4
147622,6.725
147623,8.825
147624,12.07
147625,10.47
147626,7.12
147627,7.24
147628,11.665
147629,12.52
147630,9.87
147631,8.53
147632,10.335
147633,10.02
147634,11.535
147635,8.27
147636,7.945
147637,7.805
147638,6.56
147639,12.305
147640,7.815
147641,13.215
147642,12.745
147643,9.95
147644,9.925
147645,14.08
147646,15.58
147647,9.85
147648,9.515
147649,8.095
147650,11.61
147651,10.3
147652,6.385
147653,11.195
147654,8.15
147655,7.49
147656,13.885
147657,7.31
147658,10.625
147659,9.185
147660,10.405
147661,11.425
147662,14.585
147663,13.765
147664,14.445
147665,7.48
147666,14.22
147667,8.705
147668,13.77
147669,6.635
147670,9.305
147671,17.84
147672,14.04
147673,10.735
147674,9.395
147675,13.69
147676,4.635
147677,10.82
147678,12.26
147679,10.45
147680,6.57
147681,14.805
147682,9.28
147683,6.78
147684,8.29
147685,6.35
147686,11.0
147687,14.45
147688,13.265
147689,12.67
147690,8.965
147691,15.87
147692,10.57
147693,10.295
147694,8.03
147695,11.03
147696,12.07
147697,10.34
147698,10.955
147699,9.315
147700,12.795
147701,6.55
147702,5.16
147703,9.45
147704,8.6
147705,8.85
147706,4.675
147707,10.56
147708,6.57
147709,10.04
147710,11.4
147711,12.415
147712,10.6
147713,12.24
147714,11.66
147715,9.435
147716,9.99
147717,11.345
147718,8.82
147719,14.32
147720,11.705
147721,7.565
147722,11.5
147723,11.175
147724,10.215
147725,11.2
147726,9.87
147727,9.79
147728,6.59
147729,11.52
147730,10.67
147731,7.25
147732,16.76
147733,6.43
147734,10.42
147735,9.215
147736,10.825
147737,12.59
147738,10.29
147739,11.635
147740,12.245
147741,12.335
147742,11.87
147743,14.88
147744,14.605
147745,12.725
147746,5.245
147747,9.18
147748,13.305
147749,13.92
147750,9.285
147751,11.065
147752,9.205
147753,12.105
147754,9.95
147755,10.24
147756,7.665
147757,7.58
147758,10.615
147759,18.385
147760,11.34
147761,6.705
147762,7.84
147763,11.455
147764,10.475
147765,6.53
147766,10.64
147767,11.64
147768,10.585
147769,5.735
147770,5.355
147771,12.755
147772,7.875
147773,11.205
147774,14.715
147775,5.835
147776,9.965
147777,13.31
147778,10.565
147779,7.715
147780,8.525
147781,13.975
147782,9.41
147783,16.38
147784,6.475
147785,12.8
147786,11.855
147787,7.865
147788,17.075
147789,8.425
147790,14.7
147791,9.385
147792,10.755
147793,7.915
147794,10.355
147795,11.605
147796,11.155
147797,8.775
147798,13.14
147799,9.32
147800,13.09
147801,10.625
147802,17.19
147803,7.71
147804,16.44
147805,10.495
147806,5.19
147807,12.205
147808,9.535
147809,12.235
147810,10.81
147811,6.8
147812,9.335
147813,10.69
147814,15.035
147815,5.725
147816,8.445
147817,14.005
147818,7.01
147819,8.595
147820,8.28
147821,6.455
147822,8.755
147823,10.705
147824,9.975
147825,8.155
147826,12.02
147827,3.79
147828,8.395
147829,9.9
147830,6.62
147831,9.87
147832,10.58
147833,9.445
147834,12.025
147835,9.33
147836,10.635
147837,12.875
147838,9.805
147839,9.84
147840,13.16
147841,9.555
147842,10.99
147843,11.84
147844,11.0
147845,7.97
147846,6.295
147847,11.27
147848,6.84
147849,13.495
147850,10.325
147851,6.525
147852,8.965
147853,9.065
147854,13.065
147855,8.93
147856,12.645
147857,9.305
147858,14.605
147859,9.635
147860,10.17
147861,13.505
147862,7.16
147863,9.63
147864,8.555
147865,9.585
147866,13.5
147867,5.07
147868,10.405
147869,10.45
147870,11.54
147871,19.185
147872,11.065
147873,7.965
147874,12.65
147875,11.07
147876,17.03
147877,12.915
147878,10.9
147879,10.525
147880,10.145
147881,9.095
147882,9.605
147883,6.755
147884,7.985
147885,6.27
147886,9.69
147887,12.625
147888,9.325
147889,15.595
147890,8.62
147891,12.125
147892,9.075
147893,9.345
147894,10.095
147895,6.475
147896,10.4
147897,9.485
147898,10.735
147899,8.24
147900,9.74
147901,13.115
147902,10.71
147903,7.295
147904,8.345
147905,7.99
147906,8.005
147907,9.76
147908,11.9
147909,10.51
147910,11.51
147911,10.335
147912,9.265
147913,12.2
147914,7.525
147915,13.925
147916,16.175
147917,6.31
147918,8.465
147919,12.985
147920,6.345
147921,11.39
147922,9.465
147923,13.355
147924,7.085
147925,10.815
147926,13.02
147927,10.84
147928,10.285
147929,10.56
147930,8.285
147931,7.235
147932,9.445
147933,8.97
147934,11.025
147935,10.02
147936,11.72
147937,18.305
147938,10.87
147939,11.415
147940,10.39
147941,11.805
147942,15.395
147943,11.67
147944,10.255
147945,8.99
147946,7.645
147947,7.97
147948,8.31
147949,8.79
147950,9.715
147951,15.605
147952,10.385
147953,10.945
147954,11.34
147955,6.81
147956,10.585
147957,6.645
147958,14.175
147959,8.805
147960,14.96
147961,11.4
147962,17.935
147963,3.565
147964,12.0
147965,11.09
147966,7.77
147967,9.795
147968,8.245
147969,7.05
147970,7.805
147971,9.54
147972,13.56
147973,17.205
147974,9.79
147975,14.765
147976,8.18
147977,7.255
147978,10.655
147979,6.555
147980,12.49
147981,11.78
147982,17.605
147983,12.41
147984,10.355
147985,13.505
147986,6.95
147987,10.9
147988,9.915
147989,4.775
147990,11.51
147991,11.485
147992,11.425
147993,14.77
147994,7.43
147995,9.715
147996,10.065
147997,11.88
147998,10.26
147999,7.18
148000,8.485
148001,9.58
148002,9.37
148003,9.06
148004,10.565
148005,12.535
148006,6.885
148007,11.32
148008,7.34
148009,10.225
148010,11.675
148011,15.285
148012,10.095
148013,6.61
148014,11.47
148015,11.505
148016,11.715
148017,11.045
148018,8.23
148019,6.455
148020,10.595
148021,9.555
148022,7.15
148023,10.025
148024,6.81
148025,6.935
148026,7.6
148027,7.82
148028,8.975
148029,10.45
148030,8.895
148031,9.98
148032,15.755
148033,12.985
148034,11.34
148035,7.255
148036,8.685
148037,10.01
148038,9.45
148039,12.66
148040,13.995
148041,11.155
148042,13.47
148043,8.255
148044,7.06
148045,10.445
148046,8.89
148047,11.625
148048,11.535
148049,12.755
148050,6.235
148051,10.645
148052,12.895
148053,10.065
148054,12.62
148055,8.535
148056,12.625
148057,4.555
148058,7.28
148059,7.54
148060,8.82
148061,15.115
148062,6.53
148063,12.705
148064,9.24
148065,7.725
148066,13.47
148067,15.68
148068,10.885
148069,12.545
148070,10.47
148071,9.375
148072,11.57
148073,8.53
148074,10.01
148075,4.69
148076,8.445
148077,10.22
148078,12.16
148079,11.73
148080,13.14
148081,9.345
148082,16.255
148083,9.425
148084,9.86
148085,12.655
148086,5.135
148087,11.215
148088,14.435
148089,10.05
148090,6.56
148091,11.035
148092,10.87
148093,9.44
148094,9.74
148095,12.88
148096,14.735
148097,8.385
148098,8.79
148099,12.985
148100,11.245
148101,14.325
148102,10.735
148103,10.66
148104,8.14
148105,8.685
148106,8.195
148107,10.65
148108,10.745
148109,10.16
148110,9.81
148111,10.68
148112,12.12
148113,13.785
148114,9.44
148115,10.8
148116,18.62
148117,10.935
148118,10.9
148119,10.81
148120,14.08
148121,11.23
148122,8.87
148123,9.075
148124,15.03
148125,9.125
148126,9.805
148127,4.455
148128,8.53
148129,6.77
148130,4.465
148131,7.24
148132,10.25
148133,12.745
148134,8.785
148135,9.07
148136,12.44
148137,6.7
148138,9.195
148139,11.99
148140,10.315
148141,11.58
148142,12.255
148143,10.98
148144,9.13
148145,7.21
148146,5.245
148147,14.41
148148,6.74
148149,9.08
148150,9.17
148151,14.51
148152,8.055
148153,8.375
148154,6.96
148155,12.74
148156,10.09
148157,10.28
148158,7.465
148159,10.71
148160,7.455
148161,5.195
148162,9.475
148163,12.435
148164,9.12
148165,7.26
148166,11.685
148167,9.4
148168,9.42
148169,7.305
148170,10.785
148171,12.285
148172,11.07
148173,3.855
148174,7.13
148175,7.915
148176,9.575
148177,10.855
148178,8.94
148179,6.605
148180,3.975
148181,8.62
148182,10.22
148183,8.815
148184,17.495
148185,9.985
148186,9.92
148187,5.905
148188,10.73
148189,15.755
148190,7.455
148191,12.375
148192,6.04
148193,6.64
148194,10.59
148195,16.625
148196,13.985
148197,11.265
148198,9.425
148199,13.17
148200,10.315
148201,9.89
148202,9.805
148203,10.45
148204,10.01
148205,16.755
148206,5.41
148207,14.08
148208,12.99
148209,12.36
148210,11.575
148211,12.19
148212,9.615
148213,5.89
148214,10.92
148215,9.87
148216,15.495
148217,9.085
148218,8.53
148219,10.065
148220,11.9
148221,11.91
148222,9.31
148223,13.22
148224,9.485
148225,10.415
148226,18.54
148227,13.36
148228,10.295
148229,13.92
148230,12.51
148231,11.82
148232,9.14
148233,9.205
148234,10.44
148235,10.16
148236,14.17
148237,17.34
148238,6.89
148239,8.96
148240,10.28
148241,8.66
148242,11.095
148243,13.56
148244,7.71
148245,4.985
148246,10.995
148247,10.695
148248,5.655
148249,10.235
148250,11.84
148251,8.78
148252,9.59
148253,9.49
148254,6.455
148255,10.96
148256,8.67
148257,9.48
148258,10.3
148259,10.405
148260,9.295
148261,19.46
148262,9.2
148263,10.62
148264,6.995
148265,8.96
148266,7.575
148267,5.14
148268,11.67
148269,9.35
148270,13.77
148271,12.965
148272,8.885
148273,6.53
148274,10.88
148275,6.355
148276,6.46
148277,11.835
148278,15.645
148279,10.705
148280,9.03
148281,7.355
148282,8.895
148283,9.335
148284,14.08
148285,9.675
148286,6.335
148287,14.49
148288,12.375
148289,14.745
148290,8.365
148291,12.835
148292,8.205
148293,8.235
148294,6.95
148295,9.47
148296,9.315
148297,14.44
148298,9.75
148299,5.975
148300,12.875
148301,9.41
148302,8.775
148303,10.225
148304,7.69
148305,6.995
148306,9.265
148307,6.63
148308,11.115
148309,9.695
148310,15.86
148311,8.71
148312,10.15
148313,9.9
148314,10.57
148315,9.155
148316,9.515
148317,8.31
148318,8.05
148319,7.29
148320,9.13
148321,9.365
148322,6.875
148323,8.46
148324,9.905
148325,6.405
148326,7.99
148327,9.1
148328,5.565
148329,9.345
148330,10.33
148331,9.665
148332,9.51
148333,9.54
148334,10.27
148335,10.48
148336,9.83
148337,8.515
148338,11.17
148339,8.505
148340,4.4
148341,11.035
148342,9.17
148343,10.41
148344,11.155
148345,15.6
148346,11.255
148347,19.175
148348,9.41
148349,6.83
148350,11.68
148351,8.745
148352,9.81
148353,4.985
148354,5.12
148355,6.735
148356,11.14
148357,16.43
148358,10.875
148359,7.005
148360,9.14
148361,11.695
148362,8.185
148363,12.53
148364,14.35
148365,8.445
148366,13.09
148367,15.22
148368,13.125
148369,11.37
148370,10.525
148371,10.05
148372,9.65
148373,11.845
148374,9.91
148375,11.45
148376,10.67
148377,10.915
148378,5.92
148379,8.925
148380,11.26
148381,9.91
148382,9.65
148383,6.81
148384,14.335
148385,9.225
148386,9.215
148387,10.225
148388,8.235
148389,4.415
148390,13.355
148391,10.22
148392,6.815
148393,11.305
148394,7.91
148395,11.1
148396,10.77
148397,6.55
148398,9.695
148399,13.89
148400,10.67
148401,11.225
148402,6.945
148403,19.475
148404,10.82
148405,15.01
148406,11.18
148407,8.47
148408,9.77
148409,6.655
148410,8.265
148411,10.56
148412,6.575
148413,15.975
148414,9.995
148415,3.49
148416,11.325
148417,10.265
148418,6.315
148419,5.29
148420,9.135
148421,10.7
148422,6.53
148423,10.815
148424,3.69
148425,7.835
148426,12.39
148427,17.5
148428,10.45
148429,9.33
148430,10.12
148431,6.455
148432,7.9
148433,9.99
148434,12.14
148435,8.81
148436,10.47
148437,10.26
148438,11.46
148439,10.795
148440,14.825
148441,15.095
148442,9.465
148443,9.475
148444,14.335
148445,10.185
148446,11.115
148447,9.62
148448,5.065
148449,7.285
148450,11.395
148451,9.295
148452,10.255
148453,14.535
148454,5.67
148455,12.22
148456,9.94
148457,10.755
148458,8.16
148459,13.715
148460,7.25
148461,9.895
148462,15.665
148463,10.77
148464,10.12
148465,14.11
148466,8.895
148467,11.7
148468,7.205
148469,8.53
148470,9.775
148471,10.305
148472,6.7
148473,10.47
148474,11.755
148475,10.335
148476,6.845
148477,8.285
148478,10.485
148479,7.565
148480,11.145
148481,10.95
148482,7.195
148483,10.67
148484,14.57
148485,8.09
148486,9.165
148487,15.755
148488,11.32
148489,5.99
148490,11.26
148491,11.47
148492,11.135
148493,6.335
148494,9.035
148495,6.84
148496,10.765
148497,13.855
148498,12.075
148499,9.465
148500,9.74
148501,11.21
148502,8.88
148503,7.335
148504,10.355
148505,11.18
148506,9.3
148507,8.56
148508,7.075
148509,15.22
148510,9.335
148511,9.7
148512,5.61
148513,8.33
148514,9.875
148515,10.515
148516,9.885
148517,10.32
148518,9.65
148519,5.34
148520,4.235
148521,10.33
148522,8.8
148523,7.04
148524,10.87
148525,15.685
148526,8.565
148527,14.565
148528,9.26
148529,11.67
148530,4.98
148531,9.21
148532,8.93
148533,12.495
148534,5.87
148535,9.36
148536,10.755
148537,9.43
148538,10.355
148539,9.06
148540,10.71
148541,11.945
148542,10.625
148543,8.855
148544,10.795
148545,16.135
148546,13.22
148547,9.305
148548,6.825
148549,7.92
148550,15.76
148551,11.17
148552,10.725
148553,9.885
148554,12.585
148555,9.13
148556,10.89
148557,7.725
148558,11.345
148559,10.97
148560,11.87
148561,9.91
148562,9.315
148563,6.665
148564,9.735
148565,10.82
148566,10.32
148567,10.025
148568,12.21
148569,10.705
148570,12.085
148571,13.455
148572,13.365
148573,11.145
148574,4.79
148575,13.865
148576,9.27
148577,9.525
148578,8.81
148579,9.805
148580,8.41
148581,10.815
148582,11.395
148583,9.07
148584,11.66
148585,10.38
148586,11.93
148587,16.745
148588,8.63
148589,8.68
148590,9.975
148591,16.585
148592,5.215
148593,13.91
148594,8.98
148595,10.17
148596,7.2
148597,11.95
148598,9.715
148599,11.985
148600,13.89
148601,11.505
148602,11.735
148603,9.31
148604,5.135
148605,9.8
148606,12.07
148607,10.48
148608,9.145
148609,9.805
148610,6.89
148611,6.91
148612,12.94
148613,12.245
148614,11.15
148615,5.085
148616,8.27
148617,4.75
148618,8.865
148619,6.685
148620,7.035
148621,11.835
148622,6.875
148623,9.8
148624,5.83
148625,13.065
148626,9.51
148627,10.91
148628,11.705
148629,11.47
148630,12.975
148631,8.305
148632,8.335
148633,10.18
148634,10.67
148635,6.85
148636,12.35
148637,9.41
148638,14.415
148639,11.005
148640,13.67
148641,11.965
148642,10.57
148643,12.135
148644,14.265
148645,9.885
148646,11.26
148647,15.54
148648,16.025
148649,8.245
148650,6.005
148651,13.79
148652,10.52
148653,9.145
148654,8.26
148655,11.17
148656,11.12
148657,13.295
148658,10.77
148659,13.18
148660,9.58
148661,9.05
148662,4.965
148663,6.86
148664,11.055
148665,11.925
148666,13.205
148667,7.81
148668,8.86
148669,14.84
148670,11.99
148671,9.08
148672,13.795
148673,6.915
148674,10.24
148675,10.08
148676,11.775
148677,11.21
148678,15.765
148679,10.345
148680,8.16
148681,11.205
148682,10.415
148683,8.755
148684,8.59
148685,10.565
148686,7.59
148687,10.435
148688,9.67
148689,11.825
148690,10.4
148691,12.48
148692,12.25
148693,9.065
148694,12.39
148695,9.975
148696,9.285
148697,10.36
148698,9.845
148699,6.52
148700,15.765
148701,10.025
148702,16.675
148703,8.525
148704,12.165
148705,5.915
148706,14.97
148707,9.94
148708,12.5
148709,9.88
148710,11.085
148711,6.575
148712,12.405
148713,11.165
148714,9.115
148715,11.265
148716,10.61
148717,10.55
148718,14.795
148719,11.405
148720,17.27
148721,11.585
148722,10.055
148723,7.165
148724,11.52
148725,12.685
148726,14.78
148727,9.565
148728,10.26
148729,12.98
148730,13.515
148731,10.375
148732,6.36
148733,4.07
148734,13.885
148735,9.47
148736,11.81
148737,11.38
148738,6.725
148739,6.37
148740,12.6
148741,11.335
148742,19.805
148743,8.485
148744,10.365
148745,12.755
148746,9.61
148747,8.05
148748,10.975
148749,10.67
148750,9.55
148751,10.705
148752,10.475
148753,8.715
148754,10.31
148755,10.745
148756,12.135
148757,9.425
148758,9.125
148759,13.455
148760,8.93
148761,5.295
148762,9.24
148763,9.02
148764,10.465
148765,15.415
148766,10.595
148767,10.725
148768,13.195
148769,11.555
148770,7.38
148771,14.545
148772,5.61
148773,6.3
148774,8.55
148775,7.29
148776,10.64
148777,9.9
148778,16.525
148779,10.135
148780,7.155
148781,9.725
148782,13.965
148783,15.04
148784,10.515
148785,6.59
148786,11.365
148787,14.245
148788,4.015
148789,8.76
148790,12.52
148791,11.655
148792,10.6
148793,10.82
148794,15.795
148795,14.595
148796,9.02
148797,9.47
148798,9.56
148799,8.66
148800,9.385
148801,11.575
148802,7.21
148803,9.375
148804,9.6
148805,10.315
148806,8.925
148807,13.11
148808,10.405
148809,8.825
148810,10.75
148811,11.72
148812,8.285
148813,12.115
148814,7.765
148815,15.58
148816,7.01
148817,9.245
148818,5.52
148819,11.51
148820,7.425
148821,9.265
148822,12.545
148823,9.545
148824,12.29
148825,9.905
148826,6.855
148827,4.335
148828,9.715
148829,7.385
148830,10.49
148831,10.24
148832,15.05
148833,11.315
148834,7.045
148835,12.26
148836,13.78
148837,12.26
148838,11.37
148839,11.415
148840,11.0
148841,10.225
148842,10.87
148843,11.44
148844,11.81
148845,9.68
148846,8.71
148847,10.65
148848,16.765
148849,9.025
148850,11.365
148851,10.525
148852,10.03
148853,17.205
148854,10.44
148855,10.125
148856,8.12
148857,9.885
148858,9.385
148859,6.385
148860,5.095
148861,5.09
148862,8.33
148863,10.795
148864,14.485
148865,12.68
148866,10.315
148867,10.765
148868,10.175
148869,9.47
148870,11.015
148871,10.51
148872,8.815
148873,11.33
148874,9.04
148875,10.385
148876,7.045
148877,10.15
148878,10.155
148879,9.965
148880,7.925
148881,12.425
148882,10.595
148883,9.975
148884,10.62
148885,9.455
148886,15.52
148887,13.97
148888,8.38
148889,8.895
148890,12.215
148891,10.01
148892,10.145
148893,12.175
148894,8.705
148895,5.86
148896,11.835
148897,9.005
148898,6.69
148899,16.64
148900,7.29
148901,5.585
148902,7.225
148903,7.975
148904,11.88
148905,10.515
148906,14.475
148907,11.325
148908,8.105
148909,8.735
148910,7.9
148911,9.08
148912,8.605
148913,9.165
148914,10.07
148915,12.925
148916,13.345
148917,9.425
148918,12.8
148919,11.485
148920,13.24
148921,8.35
148922,6.72
148923,13.845
148924,9.895
148925,8.81
148926,10.27
148927,7.53
148928,12.245
148929,4.35
148930,11.87
148931,15.07
148932,10.09
148933,6.97
148934,12.615
148935,10.205
148936,9.14
148937,12.195
148938,12.265
148939,8.985
148940,9.145
148941,13.635
148942,9.455
148943,6.585
148944,13.28
148945,9.54
148946,13.68
148947,10.84
148948,11.085
148949,11.64
148950,11.935
148951,10.475
148952,14.64
148953,9.945
148954,6.97
148955,7.835
148956,13.43
148957,10.57
148958,10.48
148959,10.375
148960,10.33
148961,8.025
148962,11.695
148963,6.985
148964,20.84
148965,5.025
148966,7.335
148967,5.47
148968,5.92
148969,18.795
148970,9.44
148971,12.11
148972,6.14
148973,9.225
148974,7.985
148975,11.075
148976,8.86
148977,8.52
148978,10.675
148979,11.2
148980,10.685
148981,8.825
148982,5.94
148983,11.26
148984,8.285
148985,7.45
148986,9.365
148987,9.435
148988,12.32
148989,9.22
148990,7.36
148991,14.575
148992,13.245
148993,13.325
148994,9.9
148995,6.965
148996,3.995
148997,10.805
148998,9.535
148999,6.925
149000,5.855
149001,11.435
149002,15.075
149003,7.535
149004,9.215
149005,15.375
149006,7.16
149007,13.845
149008,4.92
149009,11.765
149010,9.96
149011,15.06
149012,10.75
149013,4.825
149014,10.025
149015,5.72
149016,12.125
149017,9.475
149018,14.47
149019,9.885
149020,9.145
149021,9.14
149022,4.16
149023,10.575
149024,10.79
149025,9.685
149026,10.13
149027,7.4
149028,9.85
149029,10.585
149030,6.075
149031,17.72
149032,7.075
149033,6.47
149034,5.66
149035,7.145
149036,6.675
149037,10.2
149038,6.865
149039,14.995
149040,9.615
149041,9.225
149042,12.24
149043,10.705
149044,9.605
149045,10.8
149046,13.72
149047,11.12
149048,4.16
149049,10.645
149050,10.795
149051,9.8
149052,15.315
149053,13.655
149054,12.18
149055,10.74
149056,20.815
149057,9.01
149058,7.07
149059,12.23
149060,9.025
149061,11.74
149062,9.87
149063,9.07
149064,16.41
149065,9.595
149066,10.46
149067,8.31
149068,9.09
149069,5.965
149070,13.475
149071,11.67
149072,8.685
149073,8.135
149074,10.825
149075,14.22
149076,10.71
149077,14.01
149078,9.305
149079,10.51
149080,8.33
149081,10.505
149082,10.565
149083,11.0
149084,10.955
149085,5.8
149086,8.91
149087,10.1
149088,10.34
149089,11.245
149090,14.425
149091,10.015
149092,11.43
149093,10.28
149094,10.83
149095,9.58
149096,11.865
149097,9.055
149098,14.815
149099,9.39
149100,10.04
149101,11.455
149102,13.345
149103,8.53
149104,9.595
149105,11.6
149106,7.775
149107,6.155
149108,8.235
149109,9.04
149110,8.085
149111,11.05
149112,9.305
149113,8.335
149114,11.835
149115,10.76
149116,5.81
149117,13.47
149118,6.76
149119,13.955
149120,17.25
149121,9.78
149122,9.46
149123,11.35
149124,7.14
149125,9.745
149126,11.2
149127,12.08
149128,9.7
149129,14.05
149130,4.875
149131,10.35
149132,11.24
149133,6.43
149134,7.67
149135,11.265
149136,13.83
149137,7.39
149138,9.92
149139,9.43
149140,7.6
149141,13.945
149142,4.255
149143,8.67
149144,5.805
149145,15.2
149146,12.625
149147,11.71
149148,14.2
149149,10.705
149150,10.765
149151,10.825
149152,13.275
149153,13.49
149154,10.745
149155,8.075
149156,11.725
149157,7.565
149158,11.385
149159,11.68
149160,16.28
149161,10.91
149162,6.62
149163,7.405
149164,9.255
149165,14.145
149166,6.045
149167,8.92
149168,9.785
149169,7.87
149170,9.095
149171,3.755
149172,12.7
149173,8.515
149174,12.67
149175,8.2
149176,9.69
149177,10.465
149178,8.215
149179,10.005
149180,10.39
149181,14.435
149182,8.72
149183,9.675
149184,8.555
149185,13.305
149186,12.015
149187,10.5
149188,11.695
149189,12.29
149190,10.0
149191,9.41
149192,7.915
149193,11.36
149194,8.43
149195,8.51
149196,11.82
149197,10.85
149198,9.67
149199,11.585
149200,11.74
149201,10.5
149202,10.28
149203,10.865
149204,7.965
149205,11.215
149206,9.44
149207,11.35
149208,8.015
149209,15.15
149210,15.125
149211,9.42
149212,4.485
149213,11.865
149214,11.705
149215,16.825
149216,10.18
149217,7.525
149218,10.11
149219,9.96
149220,11.24
149221,13.275
149222,14.715
149223,14.535
149224,9.59
149225,8.9
149226,9.185
149227,12.29
149228,14.07
149229,8.45
149230,10.02
149231,7.715
149232,9.715
149233,13.775
149234,7.985
149235,10.73
149236,14.13
149237,12.265
149238,6.03
149239,13.45
149240,12.55
149241,9.92
149242,17.09
149243,5.85
149244,10.44
149245,6.3
149246,9.72
149247,12.365
149248,10.705
149249,11.685
149250,12.64
149251,9.27
149252,13.775
149253,5.16
149254,9.635
149255,8.73
149256,6.77
149257,7.89
149258,9.1
149259,7.47
149260,9.155
149261,9.835
149262,9.96
149263,6.24
149264,5.35
149265,12.095
149266,16.56
149267,11.37
149268,11.465
149269,6.635
149270,13.185
149271,9.805
149272,9.34
149273,9.375
149274,13.175
149275,10.02
149276,5.765
149277,9.415
149278,10.31
149279,10.635
149280,12.03
149281,9.725
149282,8.945
149283,8.44
149284,12.59
149285,5.33
149286,14.535
149287,10.445
149288,10.88
149289,10.145
149290,5.03
149291,10.655
149292,11.145
149293,6.855
149294,10.875
149295,9.275
149296,11.605
149297,11.145
149298,16.105
149299,13.05
149300,10.555
149301,9.215
149302,9.865
149303,9.125
149304,10.11
149305,9.46
149306,6.135
149307,9.965
149308,11.425
149309,8.58
149310,8.41
149311,14.39
149312,10.41
149313,7.82
149314,10.0
149315,10.8
149316,9.755
149317,11.965
149318,7.775
149319,10.93
149320,7.665
149321,10.91
149322,4.435
149323,6.795
149324,6.61
149325,9.56
149326,5.325
149327,7.765
149328,9.605
149329,11.27
149330,11.645
149331,14.045
149332,15.01
149333,4.71
149334,15.305
149335,9.495
149336,9.195
149337,11.285
149338,12.88
149339,5.915
149340,11.925
149341,7.25
149342,7.99
149343,15.575
149344,16.105
149345,13.89
149346,9.565
149347,11.595
149348,8.995
149349,9.63
149350,9.625
149351,10.005
149352,5.535
149353,10.275
149354,21.32
149355,17.265
149356,11.13
149357,13.22
149358,9.765
149359,14.195
149360,11.425
149361,11.025
149362,12.625
149363,11.39
149364,10.57
149365,11.725
149366,9.225
149367,8.885
149368,9.245
149369,8.695
149370,11.72
149371,8.81
149372,9.135
149373,8.845
149374,13.01
149375,9.475
149376,10.1
149377,7.625
149378,10.85
149379,5.35
149380,12.72
149381,9.89
149382,14.21
149383,9.63
149384,10.965
149385,7.65
149386,13.005
149387,19.55
149388,9.125
149389,9.535
149390,7.73
149391,15.34
149392,9.75
149393,7.51
149394,11.75
149395,10.67
149396,10.645
149397,15.63
149398,8.96
149399,11.06
149400,14.7
149401,11.45
149402,10.24
149403,11.955
149404,9.675
149405,19.685
149406,7.735
149407,9.0
149408,14.055
149409,18.27
149410,10.21
149411,14.96
149412,11.235
149413,13.785
149414,10.135
149415,9.4
149416,7.405
149417,9.415
149418,14.365
149419,11.64
149420,9.185
149421,14.715
149422,12.595
149423,7.885
149424,9.045
149425,9.93
149426,9.515
149427,10.785
149428,7.085
149429,7.18
149430,9.4
149431,11.15
149432,10.135
149433,8.245
149434,7.94
149435,7.095
149436,4.775
149437,10.155
149438,6.565
149439,10.86
149440,9.535
149441,11.105
149442,10.28
149443,15.005
149444,8.36
149445,12.975
149446,7.53
149447,7.475
149448,19.165
149449,9.19
149450,10.64
149451,8.675
149452,9.23
149453,9.92
149454,11.91
149455,13.305
149456,14.9
149457,14.83
149458,7.065
149459,8.045
149460,8.98
149461,11.1
149462,7.1
149463,9.12
149464,8.475
149465,10.72
149466,8.795
149467,9.345
149468,11.995
149469,15.975
149470,9.84
149471,8.045
149472,12.68
149473,10.505
149474,13.075
149475,8.03
149476,12.245
149477,8.41
149478,12.035
149479,9.91
149480,12.81
149481,4.47
149482,10.015
149483,14.49
149484,10.265
149485,10.73
149486,7.54
149487,12.715
149488,11.87
149489,10.18
149490,8.46
149491,4.095
149492,13.855
149493,10.615
149494,11.575
149495,9.93
149496,9.375
149497,11.575
149498,11.36
149499,16.875
149500,14.69
149501,14.66
149502,10.44
149503,9.35
149504,9.825
149505,9.525
149506,9.6
149507,10.19
149508,14.885
149509,10.685
149510,8.515
149511,11.87
149512,9.725
149513,13.05
149514,5.345
149515,4.995
149516,10.045
149517,7.07
149518,12.355
149519,10.77
149520,11.77
149521,10.975
149522,10.575
149523,10.67
149524,8.75
149525,9.51
149526,10.23
149527,16.32
149528,6.435
149529,13.965
149530,11.535
149531,8.99
149532,9.345
149533,12.59
149534,11.295
149535,8.665
149536,17.8
149537,7.135
149538,7.05
149539,8.565
149540,8.845
149541,10.54
149542,8.905
149543,11.59
149544,11.855
149545,14.555
149546,9.32
149547,5.515
149548,9.685
149549,9.645
149550,18.265
149551,18.715
149552,10.805
149553,10.24
149554,8.365
149555,10.725
149556,8.78
149557,9.69
149558,11.035
149559,14.24
149560,8.22
149561,8.81
149562,10.045
149563,8.875
149564,11.48
149565,12.105
149566,9.04
149567,10.185
149568,9.705
149569,6.405
149570,5.235
149571,9.99
149572,9.3
149573,14.135
149574,7.32
149575,10.14
149576,10.65
149577,14.16
149578,9.255
149579,10.185
149580,9.865
149581,9.825
149582,10.305
149583,10.775
149584,10.66
149585,12.09
149586,16.55
149587,6.73
149588,4.21
149589,11.275
149590,11.595
149591,7.905
149592,11.955
149593,11.175
149594,10.375
149595,10.13
149596,11.705
149597,17.775
149598,9.085
149599,12.0
149600,11.51
149601,10.08
149602,8.635
149603,7.38
149604,10.11
149605,13.825
149606,9.805
149607,11.19
149608,9.68
149609,6.175
149610,12.21
149611,9.455
149612,11.57
149613,16.71
149614,9.78
149615,9.95
149616,9.665
149617,12.045
149618,12.175
149619,7.53
149620,9.035
149621,10.53
149622,9.26
149623,10.24
149624,10.705
149625,12.575
149626,14.14
149627,11.745
149628,8.59
149629,8.265
149630,4.94
149631,16.945
149632,8.325
149633,8.24
149634,9.19
149635,9.405
149636,10.63
149637,4.63
149638,17.66
149639,14.36
149640,11.53
149641,6.925
149642,14.44
149643,15.19
149644,10.63
149645,10.45
149646,4.14
149647,10.68
149648,12.21
149649,8.145
149650,14.02
149651,9.455
149652,6.805
149653,3.925
149654,9.275
149655,5.16
149656,5.09
149657,9.185
149658,8.945
149659,5.46
149660,9.925
149661,11.51
149662,12.78
149663,11.505
149664,6.25
149665,6.965
149666,13.475
149667,11.525
149668,11.945
149669,9.29
149670,15.265
149671,11.19
149672,11.77
149673,19.045
149674,9.97
149675,12.125
149676,4.705
149677,10.335
149678,11.07
149679,10.635
149680,12.94
149681,14.11
149682,10.82
149683,6.9
149684,11.805
149685,8.335
149686,6.395
149687,7.565
149688,7.935
149689,7.215
149690,14.01
149691,6.525
149692,11.815
149693,12.08
149694,9.915
149695,6.84
149696,6.355
149697,6.805
149698,5.505
149699,16.09
149700,7.02
149701,13.555
149702,9.26
149703,13.4
149704,13.915
149705,6.43
149706,12.015
149707,16.89
149708,11.435
149709,7.51
149710,8.325
149711,9.29
149712,11.465
149713,6.535
149714,12.965
149715,5.1
149716,5.92
149717,9.805
149718,7.685
149719,9.49
149720,10.76
149721,15.005
149722,9.005
149723,8.86
149724,6.53
149725,9.675
149726,10.065
149727,7.52
149728,10.115
149729,12.775
149730,6.565
149731,15.96
149732,12.165
149733,13.14
149734,6.63
149735,15.015
149736,9.965
149737,10.995
149738,12.425
149739,8.09
149740,7.84
149741,11.08
149742,7.8
149743,13.34
149744,7.97
149745,9.66
149746,7.84
149747,6.76
149748,14.555
149749,7.935
149750,11.295
149751,9.805
149752,7.145
149753,18.795
149754,14.14
149755,9.06
149756,8.58
149757,10.895
149758,7.6
149759,6.72
149760,9.935
149761,6.52
149762,6.755
149763,13.65
149764,9.765
149765,12.35
149766,10.96
149767,8.555
149768,8.445
149769,10.65
149770,9.405
149771,6.99
149772,20.56
149773,11.985
149774,10.08
149775,7.95
149776,12.57
149777,7.22
149778,10.82
149779,10.8
149780,12.985
149781,13.955
149782,13.225
149783,14.675
149784,9.79
149785,14.95
149786,9.125
149787,10.73
149788,8.9
149789,5.89
149790,9.945
149791,8.985
149792,8.71
149793,6.03
149794,9.155
149795,4.855
149796,6.64
149797,12.17
149798,13.53
149799,9.925
149800,11.07
149801,11.365
149802,11.28
149803,6.51
149804,9.07
149805,10.315
149806,10.41
149807,10.865
149808,9.39
149809,12.78
149810,11.32
149811,11.625
149812,10.615
149813,10.835
149814,10.45
149815,10.415
149816,7.27
149817,10.765
149818,9.425
149819,7.87
149820,10.745
149821,6.445
149822,9.095
149823,7.705
149824,10.56
149825,15.015
149826,10.42
149827,10.15
149828,6.87
149829,8.89
149830,10.9
149831,10.325
149832,5.065
149833,11.685
149834,6.13
149835,13.445
149836,9.855
149837,12.74
149838,9.835
149839,8.2
149840,6.91
149841,12.565
149842,15.1
149843,10.06
149844,8.905
149845,4.47
149846,9.485
149847,12.335
149848,7.455
149849,9.55
149850,10.44
149851,9.28
149852,8.2
149853,10.54
149854,4.485
149855,9.055
149856,8.675
149857,11.08
149858,8.72
149859,9.45
149860,11.135
149861,7.425
149862,5.25
149863,8.75
149864,14.425
149865,8.44
149866,10.38
149867,6.63
149868,8.7
149869,11.33
149870,10.955
149871,9.91
149872,8.78
149873,10.68
149874,10.555
149875,5.585
149876,11.615
149877,13.8
149878,9.67
149879,9.115
149880,9.13
149881,11.935
149882,11.035
149883,11.805
149884,10.04
149885,10.095
149886,8.15
149887,12.715
149888,10.04
149889,11.035
149890,9.085
149891,8.88
149892,5.23
149893,8.485
149894,11.555
149895,12.065
149896,6.73
149897,10.525
149898,13.455
149899,12.495
149900,13.245
149901,11.255
149902,9.96
149903,7.855
149904,11.735
149905,4.795
149906,10.535
149907,8.35
149908,11.645
149909,4.195
149910,11.38
149911,10.32
149912,11.295
149913,12.45
149914,10.97
149915,6.54
149916,6.655
149917,19.22
149918,9.37
149919,9.36
149920,9.745
149921,6.995
149922,7.775
149923,10.12
149924,6.485
149925,4.875
149926,7.335
149927,13.505
149928,10.455
149929,10.03
149930,9.955
149931,10.085
149932,9.12
149933,8.685
149934,12.065
149935,9.04
149936,12.81
149937,6.025
149938,10.59
149939,11.115
149940,11.765
149941,10.74
149942,18.225
149943,10.75
149944,11.195
149945,10.435
149946,13.465
149947,7.86
149948,10.33
149949,4.995
149950,10.14
149951,8.45
149952,13.91
149953,9.265
149954,6.255
149955,9.49
149956,12.105
149957,10.17
149958,11.135
149959,9.87
149960,10.57
149961,8.62
149962,10.495
149963,10.925
149964,5.265
149965,12.525
149966,13.055
149967,8.875
149968,6.425
149969,9.795
149970,9.885
149971,14.89
149972,9.585
149973,8.58
149974,14.135
149975,5.875
149976,16.405
149977,5.28
149978,13.895
149979,7.03
149980,10.94
149981,14.46
149982,8.825
149983,10.435
149984,9.3
149985,11.315
149986,8.01
149987,5.57
149988,11.025
149989,11.79
149990,10.765
149991,8.58
149992,12.005
149993,11.52
149994,11.21
149995,10.615
149996,11.11
149997,8.81
149998,10.945
149999,11.775
150000,9.355
150001,9.17
150002,11.94
150003,10.27
150004,6.925
150005,6.895
150006,10.675
150007,6.93
150008,12.13
150009,13.28
150010,12.25
150011,14.49
150012,8.295
150013,11.32
150014,7.145
150015,10.365
150016,10.145
150017,8.74
150018,14.785
150019,7.945
150020,9.26
150021,5.44
150022,10.705
150023,8.855
150024,15.61
150025,9.09
150026,11.485
150027,10.945
150028,9.68
150029,12.0
150030,7.765
150031,4.5
150032,8.235
150033,8.475
150034,17.655
150035,7.845
150036,17.055
150037,13.405
150038,13.925
150039,12.275
150040,12.49
150041,11.83
150042,6.77
150043,11.66
150044,9.055
150045,17.14
150046,8.015
150047,16.145
150048,6.44
150049,9.905
150050,11.46
150051,13.465
150052,12.86
150053,6.77
150054,9.095
150055,8.255
150056,10.77
150057,14.965
150058,6.72
150059,8.06
150060,11.27
150061,11.58
150062,10.525
150063,12.5
150064,9.605
150065,9.555
150066,7.355
150067,7.77
150068,6.99
150069,11.105
150070,13.09
150071,7.8
150072,8.88
150073,5.715
150074,10.475
150075,7.395
150076,4.125
150077,9.885
150078,9.585
150079,6.775
150080,14.185
150081,9.835
150082,6.59
150083,14.475
150084,11.36
150085,10.805
150086,6.57
150087,11.355
150088,9.545
150089,13.915
150090,15.245
150091,9.98
150092,8.105
150093,13.68
150094,12.84
150095,7.905
150096,13.365
150097,8.845
150098,9.085
150099,7.94
150100,10.6
150101,10.615
150102,8.555
150103,11.66
150104,7.855
150105,9.96
150106,5.025
150107,9.345
150108,12.885
150109,12.05
150110,6.865
150111,9.705
150112,10.34
150113,4.985
150114,10.48
150115,8.465
150116,10.72
150117,6.7
150118,11.845
150119,8.655
150120,9.475
150121,10.075
150122,7.845
150123,7.395
150124,11.035
150125,11.025
150126,11.155
150127,15.94
150128,5.835
150129,10.635
150130,14.585
150131,6.05
150132,7.485
150133,13.24
150134,12.51
150135,12.92
150136,11.665
150137,11.195
150138,8.08
150139,11.26
150140,11.41
150141,10.035
150142,6.515
150143,9.06
150144,15.245
150145,8.365
150146,12.125
150147,6.975
150148,12.98
150149,12.225
150150,7.265
150151,9.565
150152,9.86
150153,8.875
150154,10.985
150155,9.965
150156,7.035
150157,10.165
150158,10.015
150159,15.31
150160,10.03
150161,4.865
150162,8.075
150163,15.965
150164,9.34
150165,11.335
150166,10.56
150167,4.535
150168,10.13
150169,9.755
150170,8.97
150171,12.315
150172,14.82
150173,12.815
150174,10.915
150175,9.62
150176,9.735
150177,7.025
150178,11.46
150179,12.09
150180,8.545
150181,6.465
150182,9.135
150183,14.76
150184,13.175
150185,6.11
150186,13.795
150187,7.815
150188,5.73
150189,10.07
150190,12.335
150191,16.89
150192,10.905
150193,12.605
150194,10.91
150195,6.925
150196,11.21
150197,12.22
150198,11.1
150199,9.055
150200,11.725
150201,9.335
150202,13.355
150203,3.785
150204,12.095
150205,11.22
150206,6.19
150207,12.98
150208,8.71
150209,5.535
150210,12.925
150211,10.705
150212,6.995
150213,10.79
150214,8.44
150215,12.185
150216,11.64
150217,12.445
150218,8.56
150219,9.515
150220,12.16
150221,9.01
150222,10.265
150223,14.63
150224,11.455
150225,10.875
150226,10.425
150227,9.25
150228,10.885
150229,13.04
150230,10.32
150231,10.94
150232,11.675
150233,5.515
150234,8.28
150235,12.285
150236,10.055
150237,8.365
150238,8.185
150239,12.185
150240,12.075
150241,5.41
150242,4.69
150243,15.51
150244,11.79
150245,16.06
150246,7.605
150247,7.75
150248,7.02
150249,9.605
150250,9.28
150251,10.21
150252,7.86
150253,13.135
150254,10.68
150255,11.23
150256,6.605
150257,11.095
150258,6.725
150259,9.01
150260,9.24
150261,12.315
150262,9.38
150263,8.075
150264,13.96
150265,10.86
150266,9.905
150267,12.01
150268,7.295
150269,10.54
150270,11.42
150271,8.145
150272,10.585
150273,6.72
150274,9.345
150275,7.61
150276,6.345
150277,10.035
150278,10.715
150279,10.495
150280,8.28
150281,7.23
150282,11.22
150283,16.08
150284,8.82
150285,9.715
150286,8.875
150287,8.28
150288,7.79
150289,8.1
150290,7.385
150291,10.53
150292,6.945
150293,11.085
150294,7.09
150295,14.44
150296,5.87
150297,7.525
150298,13.41
150299,7.115
150300,8.045
150301,7.77
150302,14.18
150303,14.38
150304,9.44
150305,9.47
150306,8.69
150307,8.1
150308,9.0
150309,10.35
150310,11.205
150311,8.415
150312,11.055
150313,6.745
150314,9.6
150315,11.475
150316,6.66
150317,11.015
150318,15.28
150319,12.54
150320,12.325
150321,11.195
150322,12.715
150323,9.57
150324,9.08
150325,12.52
150326,6.47
150327,11.8
150328,7.135
150329,9.485
150330,10.365
150331,10.0
150332,13.23
150333,12.145
150334,6.1
150335,8.35
150336,9.74
150337,10.67
150338,12.705
150339,6.935
150340,10.73
150341,5.745
150342,10.45
150343,11.915
150344,10.17
150345,14.595
150346,5.94
150347,11.43
150348,9.84
150349,10.8
150350,8.15
150351,5.055
150352,7.25
150353,9.685
150354,8.285
150355,6.09
150356,8.795
150357,9.235
150358,5.945
150359,12.405
150360,6.1
150361,10.765
150362,13.835
150363,9.755
150364,10.55
150365,8.065
150366,13.525
150367,6.725
150368,11.045
150369,15.57
150370,12.83
150371,9.485
150372,8.065
150373,7.675
150374,8.86
150375,16.47
150376,10.57
150377,12.55
150378,10.555
150379,11.595
150380,9.37
150381,5.745
150382,7.27
150383,8.35
150384,8.485
150385,6.115
150386,7.71
150387,12.485
150388,11.31
150389,11.385
150390,8.2
150391,12.855
150392,10.17
150393,6.75
150394,11.03
150395,13.11
150396,12.92
150397,10.575
150398,16.64
150399,11.155
150400,10.565
150401,9.83
150402,11.33
150403,10.645
150404,9.43
150405,11.57
150406,9.72
150407,12.025
150408,8.72
150409,7.94
150410,5.075
150411,9.63
150412,10.775
150413,11.585
150414,7.85
150415,9.58
150416,10.05
150417,6.78
150418,9.145
150419,11.485
150420,11.255
150421,6.32
150422,10.5
150423,15.625
150424,11.055
150425,15.74
150426,11.055
150427,10.3
150428,11.035
150429,7.13
150430,7.915
150431,16.23
150432,5.46
150433,10.245
150434,9.895
150435,10.055
150436,7.715
150437,8.175
150438,6.73
150439,6.43
150440,8.225
150441,10.33
150442,9.875
150443,11.385
150444,9.935
150445,9.03
150446,10.375
150447,11.435
150448,6.58
150449,6.875
150450,13.59
150451,10.195
150452,4.1
150453,11.35
150454,11.445
150455,11.785
150456,6.14
150457,11.92
150458,6.815
150459,9.1
150460,10.39
150461,16.945
150462,12.825
150463,10.44
150464,10.615
150465,9.46
150466,14.27
150467,10.39
150468,11.955
150469,6.595
150470,6.585
150471,11.185
150472,11.59
150473,16.77
150474,4.755
150475,11.35
150476,9.325
150477,11.95
150478,11.02
150479,10.19
150480,10.77
150481,8.975
150482,8.815
150483,7.31
150484,9.575
150485,12.29
150486,11.355
150487,6.2
150488,10.455
150489,13.16
150490,13.055
150491,9.24
150492,15.295
150493,14.185
150494,8.76
150495,4.545
150496,19.3
150497,5.075
150498,10.07
150499,7.27
150500,9.705
150501,7.26
150502,11.655
150503,10.425
150504,8.435
150505,9.78
150506,12.125
150507,10.825
150508,9.485
150509,10.985
150510,13.415
150511,9.8
150512,6.915
150513,6.485
150514,9.79
150515,11.31
150516,9.325
150517,10.155
150518,10.475
150519,7.655
150520,10.75
150521,7.1
150522,9.22
150523,15.25
150524,9.58
150525,8.605
150526,10.045
150527,10.955
150528,11.35
150529,10.385
150530,7.81
150531,10.325
150532,8.8
150533,13.31
150534,7.815
150535,14.98
150536,11.935
150537,13.59
150538,13.58
150539,12.33
150540,11.32
150541,7.565
150542,9.475
150543,9.355
150544,13.715
150545,6.14
150546,5.57
150547,6.605
150548,7.16
150549,12.715
150550,13.495
150551,14.59
150552,10.245
150553,15.69
150554,6.825
150555,15.405
150556,10.915
150557,12.705
150558,12.445
150559,6.28
150560,7.015
150561,8.09
150562,9.67
150563,12.675
150564,9.55
150565,7.7
150566,10.3
150567,7.18
150568,11.92
150569,6.355
150570,8.74
150571,8.08
150572,11.575
150573,9.795
150574,10.44
150575,10.655
150576,10.415
150577,10.115
150578,9.305
150579,8.575
150580,5.535
150581,11.385
150582,9.895
150583,9.655
150584,4.305
150585,9.495
150586,10.34
150587,6.055
150588,7.18
150589,12.36
150590,11.095
150591,10.215
150592,12.19
150593,12.105
150594,11.42
150595,11.71
150596,10.395
150597,5.375
150598,7.76
150599,7.96
150600,6.795
150601,11.05
150602,10.295
150603,10.005
150604,11.135
150605,8.39
150606,14.8
150607,8.2
150608,10.64
150609,17.38
150610,6.975
150611,9.17
150612,15.075
150613,10.49
150614,13.98
150615,8.485
150616,10.095
150617,10.99
150618,10.545
150619,4.635
150620,10.8
150621,11.29
150622,7.815
150623,6.85
150624,12.4
150625,11.115
150626,13.785
150627,10.555
150628,8.15
150629,10.715
150630,9.27
150631,14.175
150632,11.155
150633,11.745
150634,8.03
150635,13.74
150636,15.49
150637,11.095
150638,8.46
150639,9.845
150640,11.325
150641,12.645
150642,10.245
150643,8.515
150644,9.355
150645,12.405
150646,10.85
150647,9.84
150648,11.57
150649,8.945
150650,10.95
150651,9.655
150652,6.655
150653,8.435
150654,10.61
150655,8.68
150656,10.295
150657,10.38
150658,15.495
150659,4.795
150660,7.31
150661,8.885
150662,12.48
150663,10.35
150664,9.145
150665,10.05
150666,14.99
150667,8.945
150668,11.425
150669,15.625
150670,6.65
150671,9.14
150672,10.615
150673,7.965
150674,8.09
150675,12.89
150676,12.43
150677,9.31
150678,16.345
150679,13.635
150680,10.44
150681,11.39
150682,9.375
150683,11.645
150684,7.99
150685,6.965
150686,10.115
150687,9.55
150688,10.56
150689,10.39
150690,10.13
150691,16.425
150692,4.005
150693,7.235
150694,10.92
150695,4.63
150696,12.88
150697,8.605
150698,7.82
150699,9.835
150700,5.66
150701,8.93
150702,11.62
150703,17.73
150704,10.34
150705,7.77
150706,15.99
150707,12.955
150708,9.09
150709,14.845
150710,10.975
150711,9.52
150712,16.93
150713,6.685
150714,9.235
150715,7.235
150716,10.855
150717,11.235
150718,17.9
150719,12.48
150720,10.62
150721,10.615
150722,11.315
150723,8.06
150724,10.93
150725,13.2
150726,10.8
150727,8.635
150728,8.92
150729,9.98
150730,11.625
150731,9.55
150732,8.13
150733,15.05
150734,13.005
150735,11.32
150736,9.905
150737,8.19
150738,11.02
150739,5.47
150740,14.955
150741,8.88
150742,4.725
150743,12.53
150744,6.6
150745,7.07
150746,12.12
150747,8.315
150748,13.39
150749,9.405
150750,8.99
150751,12.24
150752,6.11
150753,12.77
150754,6.83
150755,10.85
150756,13.99
150757,14.115
150758,10.425
150759,8.64
150760,10.235
150761,7.21
150762,7.455
150763,9.955
150764,9.385
150765,10.65
150766,9.86
150767,11.655
150768,10.61
150769,6.455
150770,8.665
150771,15.315
150772,8.795
150773,14.2
150774,10.14
150775,6.01
150776,9.88
150777,6.66
150778,10.755
150779,9.33
150780,10.375
150781,6.655
150782,11.17
150783,8.785
150784,12.375
150785,9.495
150786,7.49
150787,16.5
150788,6.835
150789,7.215
150790,8.88
150791,8.35
150792,11.505
150793,7.78
150794,11.215
150795,10.54
150796,14.095
150797,9.04
150798,5.41
150799,7.85
150800,9.98
150801,9.39
150802,9.23
150803,8.42
150804,16.265
150805,11.15
150806,11.33
150807,10.385
150808,14.59
150809,8.79
150810,10.695
150811,12.395
150812,9.795
150813,12.915
150814,8.14
150815,9.8
150816,14.655
150817,10.355
150818,8.98
150819,6.835
150820,12.23
150821,10.295
150822,10.745
150823,12.815
150824,8.57
150825,9.93
150826,10.495
150827,8.195
150828,11.655
150829,9.735
150830,8.495
150831,15.35
150832,7.975
150833,6.54
150834,10.605
150835,10.315
150836,9.145
150837,9.155
150838,13.74
150839,10.475
150840,8.05
150841,8.75
150842,12.735
150843,10.58
150844,9.11
150845,7.965
150846,8.885
150847,10.09
150848,11.375
150849,9.12
150850,11.37
150851,13.955
150852,10.94
150853,6.515
150854,10.075
150855,10.035
150856,10.32
150857,11.74
150858,7.205
150859,7.0
150860,19.3
150861,6.515
150862,11.03
150863,7.435
150864,15.875
150865,15.815
150866,10.005
150867,7.045
150868,14.82
150869,10.62
150870,9.72
150871,10.63
150872,9.825
150873,11.965
150874,12.065
150875,6.41
150876,7.265
150877,13.155
150878,13.725
150879,13.89
150880,13.85
150881,12.155
150882,7.83
150883,19.585
150884,10.795
150885,7.685
150886,6.335
150887,11.48
150888,3.82
150889,11.59
150890,10.355
150891,7.79
150892,14.4
150893,17.4
150894,6.675
150895,10.345
150896,9.35
150897,9.58
150898,13.265
150899,10.91
150900,13.38
150901,9.695
150902,10.145
150903,9.22
150904,11.3
150905,7.365
150906,13.46
150907,9.31
150908,15.48
150909,4.935
150910,16.335
150911,13.05
150912,4.13
150913,10.97
150914,8.745
150915,12.555
150916,8.63
150917,13.575
150918,13.81
150919,8.31
150920,9.87
150921,6.96
150922,9.675
150923,9.935
150924,8.685
150925,12.355
150926,7.67
150927,9.945
150928,8.85
150929,12.035
150930,7.98
150931,9.67
150932,5.32
150933,13.255
150934,6.625
150935,10.315
150936,12.225
150937,11.625
150938,15.86
150939,13.475
150940,9.325
150941,9.405
150942,11.795
150943,13.135
150944,7.82
150945,7.19
150946,10.485
150947,10.96
150948,10.155
150949,8.5
150950,10.88
150951,5.905
150952,11.68
150953,10.92
150954,9.295
150955,6.51
150956,11.885
150957,9.275
150958,12.0
150959,8.71
150960,9.46
150961,6.77
150962,14.41
150963,11.08
150964,10.54
150965,7.575
150966,6.225
150967,10.67
150968,7.435
150969,9.605
150970,11.15
150971,10.83
150972,7.83
150973,9.725
150974,9.595
150975,7.34
150976,13.7
150977,8.07
150978,16.895
150979,11.405
150980,10.8
150981,8.83
150982,12.395
150983,13.02
150984,10.91
150985,9.135
150986,9.695
150987,5.61
150988,11.51
150989,11.62
150990,7.065
150991,12.36
150992,6.895
150993,10.535
150994,9.15
150995,9.245
150996,9.805
150997,10.11
150998,7.795
150999,8.045
151000,10.12
151001,7.78
151002,12.885
151003,11.22
151004,11.055
151005,9.675
151006,10.715
151007,6.715
151008,5.87
151009,7.805
151010,14.26
151011,7.07
151012,8.655
151013,10.72
151014,9.66
151015,8.54
151016,15.06
151017,7.065
151018,11.945
151019,10.5
151020,12.82
151021,6.695
151022,9.385
151023,11.485
151024,13.55
151025,8.585
